snapshot_id,hospital_id,snapshot_time,ed_beds_available,icu_beds_available,ct_available,cath_lab_available,trauma_bays_available,ventilators_available,isolation_beds_available,blood_o_units_available,nurse_team_available,crowding_index
RS0000001,H001,2025/11/1 00:00,15,6,1,1,2,0,6,19,1,0.628
RS0000002,H002,2025/11/1 00:00,0,11,1,1,1,1,1,20,1,0.911
RS0000003,H003,2025/11/1 00:00,2,1,1,0,0,2,3,6,1,1
RS0000004,H004,2025/11/1 00:00,4,2,1,0,0,0,3,10,1,0.739
RS0000005,H005,2025/11/1 00:00,15,2,1,1,1,4,3,15,1,0.701
RS0000006,H001,2025/11/1 04:00,10,3,1,1,3,7,2,25,1,0.665
RS0000007,H002,2025/11/1 04:00,14,0,1,1,1,1,5,22,1,0.48
RS0000008,H003,2025/11/1 04:00,3,1,1,0,1,0,3,20,1,0.968
RS0000009,H004,2025/11/1 04:00,2,0,1,0,0,0,5,15,1,0.803
RS0000010,H005,2025/11/1 04:00,11,5,1,1,2,7,6,14,1,0.701
RS0000011,H001,2025/11/1 08:00,15,5,1,1,0,6,4,13,1,0.782
RS0000012,H002,2025/11/1 08:00,9,1,1,1,2,7,7,12,1,0.603
RS0000013,H003,2025/11/1 08:00,14,5,1,0,1,5,3,15,1,0.393
RS0000014,H004,2025/11/1 08:00,5,6,1,0,1,2,7,13,1,0.589
RS0000015,H005,2025/11/1 08:00,11,0,1,1,1,2,4,10,1,0.728
RS0000016,H001,2025/11/1 12:00,6,7,1,1,2,3,6,15,1,0.871
RS0000017,H002,2025/11/1 12:00,3,8,1,1,0,3,2,15,1,0.966
RS0000018,H003,2025/11/1 12:00,3,0,1,0,0,2,2,14,1,0.883
RS0000019,H004,2025/11/1 12:00,11,4,1,0,0,0,2,15,1,0.266
RS0000020,H005,2025/11/1 12:00,8,0,0,1,0,2,5,11,1,0.761
RS0000021,H001,2025/11/1 16:00,8,5,1,1,1,4,3,5,1,0.804
RS0000022,H002,2025/11/1 16:00,0,4,1,1,0,0,2,8,1,0.97
RS0000023,H003,2025/11/1 16:00,2,7,1,0,1,2,2,20,1,1
RS0000024,H004,2025/11/1 16:00,0,2,1,0,0,0,0,18,1,0.959
RS0000025,H005,2025/11/1 16:00,7,5,1,1,0,5,5,5,1,0.843
RS0000026,H001,2025/11/1 20:00,7,3,1,1,0,8,3,9,1,0.769
RS0000027,H002,2025/11/1 20:00,6,0,1,1,0,3,7,19,1,0.831
RS0000028,H003,2025/11/1 20:00,5,1,1,0,0,2,1,14,1,0.847
RS0000029,H004,2025/11/1 20:00,0,2,1,0,0,0,1,26,1,0.953
RS0000030,H005,2025/11/1 20:00,6,1,1,1,0,5,1,11,1,0.877
RS0000031,H001,2025/11/2 00:00,14,4,1,1,0,4,5,15,1,0.578
RS0000032,H002,2025/11/2 00:00,7,12,1,0,1,2,7,13,1,0.667
RS0000033,H003,2025/11/2 00:00,4,0,1,0,1,0,3,16,1,0.904
RS0000034,H004,2025/11/2 00:00,4,0,1,0,0,2,2,15,1,0.651
RS0000035,H005,2025/11/2 00:00,10,3,1,0,3,3,2,18,1,0.883
RS0000036,H001,2025/11/2 04:00,18,5,0,1,3,2,2,12,0,0.485
RS0000037,H002,2025/11/2 04:00,5,2,1,1,1,2,2,22,1,0.96
RS0000038,H003,2025/11/2 04:00,10,3,1,0,1,2,2,19,1,0.599
RS0000039,H004,2025/11/2 04:00,2,0,1,0,0,3,2,23,1,0.783
RS0000040,H005,2025/11/2 04:00,17,0,1,1,1,8,1,22,1,0.476
RS0000041,H001,2025/11/2 08:00,9,8,1,1,2,4,3,16,1,0.788
RS0000042,H002,2025/11/2 08:00,5,4,1,1,0,6,3,25,1,0.779
RS0000043,H003,2025/11/2 08:00,1,6,1,0,1,2,2,9,1,0.941
RS0000044,H004,2025/11/2 08:00,10,2,0,0,0,1,3,9,1,0.51
RS0000045,H005,2025/11/2 08:00,9,2,1,1,2,2,6,21,1,0.89
RS0000046,H001,2025/11/2 12:00,14,6,1,1,0,4,4,9,1,0.702
RS0000047,H002,2025/11/2 12:00,9,5,1,0,2,4,1,12,0,0.646
RS0000048,H003,2025/11/2 12:00,15,0,1,0,0,2,3,10,1,0.503
RS0000049,H004,2025/11/2 12:00,2,0,1,0,0,0,1,14,1,0.866
RS0000050,H005,2025/11/2 12:00,13,8,1,1,1,3,2,4,1,0.649
RS0000051,H001,2025/11/2 16:00,11,6,1,1,0,5,3,8,1,0.675
RS0000052,H002,2025/11/2 16:00,2,1,1,1,0,1,5,16,1,0.961
RS0000053,H003,2025/11/2 16:00,10,2,1,0,0,3,1,8,1,0.597
RS0000054,H004,2025/11/2 16:00,7,0,1,0,0,1,4,12,1,0.495
RS0000055,H005,2025/11/2 16:00,12,0,1,1,1,2,5,3,1,0.764
RS0000056,H001,2025/11/2 20:00,9,2,1,1,1,1,4,10,1,0.778
RS0000057,H002,2025/11/2 20:00,7,7,1,1,1,4,7,11,1,0.68
RS0000058,H003,2025/11/2 20:00,10,0,1,0,1,0,2,12,1,0.728
RS0000059,H004,2025/11/2 20:00,1,2,1,0,0,2,2,19,1,0.884
RS0000060,H005,2025/11/2 20:00,9,3,1,1,0,2,4,23,1,0.838
RS0000061,H001,2025/11/3 00:00,11,8,1,1,2,5,3,8,1,0.759
RS0000062,H002,2025/11/3 00:00,11,1,1,1,1,5,4,21,1,0.556
RS0000063,H003,2025/11/3 00:00,13,0,1,0,1,5,5,20,1,0.549
RS0000064,H004,2025/11/3 00:00,2,0,1,0,0,1,4,20,1,0.827
RS0000065,H005,2025/11/3 00:00,13,6,1,0,1,7,6,18,1,0.639
RS0000066,H001,2025/11/3 04:00,15,8,1,1,3,4,3,18,1,0.743
RS0000067,H002,2025/11/3 04:00,8,5,1,1,0,4,6,19,1,0.726
RS0000068,H003,2025/11/3 04:00,13,3,1,0,1,1,7,23,1,0.487
RS0000069,H004,2025/11/3 04:00,5,1,1,0,0,2,4,15,1,0.656
RS0000070,H005,2025/11/3 04:00,4,2,1,1,1,5,5,14,1,0.968
RS0000071,H001,2025/11/3 08:00,21,5,1,1,2,8,7,20,1,0.428
RS0000072,H002,2025/11/3 08:00,10,8,1,1,0,6,7,14,1,0.601
RS0000073,H003,2025/11/3 08:00,1,5,1,0,1,5,8,10,1,1
RS0000074,H004,2025/11/3 08:00,0,0,1,0,0,1,3,15,1,0.948
RS0000075,H005,2025/11/3 08:00,18,5,1,1,1,6,4,23,1,0.45
RS0000076,H001,2025/11/3 12:00,17,5,1,1,1,5,6,16,1,0.674
RS0000077,H002,2025/11/3 12:00,13,6,1,1,0,0,3,14,1,0.663
RS0000078,H003,2025/11/3 12:00,4,4,1,0,0,1,4,16,1,0.914
RS0000079,H004,2025/11/3 12:00,4,2,1,0,0,1,3,13,1,0.899
RS0000080,H005,2025/11/3 12:00,18,3,1,1,1,2,6,23,1,0.585
RS0000081,H001,2025/11/3 16:00,9,0,0,1,2,4,2,4,1,0.712
RS0000082,H002,2025/11/3 16:00,8,5,1,1,0,2,6,7,1,0.732
RS0000083,H003,2025/11/3 16:00,9,0,1,0,0,0,2,9,1,0.77
RS0000084,H004,2025/11/3 16:00,2,0,1,0,0,3,7,15,1,0.885
RS0000085,H005,2025/11/3 16:00,9,2,1,1,1,3,7,1,1,0.722
RS0000086,H001,2025/11/3 20:00,8,8,1,1,1,5,0,9,1,0.824
RS0000087,H002,2025/11/3 20:00,8,1,1,1,1,2,1,10,1,0.674
RS0000088,H003,2025/11/3 20:00,4,0,1,0,0,4,2,21,1,0.782
RS0000089,H004,2025/11/3 20:00,6,2,1,0,1,0,5,11,1,0.586
RS0000090,H005,2025/11/3 20:00,11,6,1,1,2,3,1,9,1,0.771
RS0000091,H001,2025/11/4 00:00,8,4,1,1,1,3,1,15,1,0.723
RS0000092,H002,2025/11/4 00:00,12,2,1,1,2,0,3,12,1,0.627
RS0000093,H003,2025/11/4 00:00,9,5,1,0,0,0,2,16,1,0.587
RS0000094,H004,2025/11/4 00:00,3,0,0,0,1,0,5,18,1,0.793
RS0000095,H005,2025/11/4 00:00,15,3,1,1,3,7,3,21,1,0.571
RS0000096,H001,2025/11/4 04:00,9,8,0,1,2,6,4,12,1,0.801
RS0000097,H002,2025/11/4 04:00,19,4,1,1,2,4,4,13,1,0.354
RS0000098,H003,2025/11/4 04:00,10,2,1,0,1,0,7,12,1,0.722
RS0000099,H004,2025/11/4 04:00,4,5,1,0,1,5,6,17,1,0.657
RS0000100,H005,2025/11/4 04:00,12,7,0,0,2,3,5,12,1,0.812
RS0000101,H001,2025/11/4 08:00,14,3,1,1,2,8,3,13,1,0.573
RS0000102,H002,2025/11/4 08:00,8,6,1,1,2,2,3,10,1,0.722
RS0000103,H003,2025/11/4 08:00,5,0,1,0,0,1,6,23,1,0.872
RS0000104,H004,2025/11/4 08:00,4,3,1,0,0,1,4,25,1,0.865
RS0000105,H005,2025/11/4 08:00,19,1,1,0,1,6,7,9,1,0.443
RS0000106,H001,2025/11/4 12:00,17,6,1,1,1,5,4,18,1,0.523
RS0000107,H002,2025/11/4 12:00,9,5,1,1,1,2,8,7,1,0.839
RS0000108,H003,2025/11/4 12:00,12,3,1,0,1,0,2,8,1,0.63
RS0000109,H004,2025/11/4 12:00,7,1,1,0,1,2,0,20,1,0.698
RS0000110,H005,2025/11/4 12:00,8,3,0,1,1,1,3,16,1,0.908
RS0000111,H001,2025/11/4 16:00,14,0,1,1,0,0,2,17,1,0.67
RS0000112,H002,2025/11/4 16:00,7,3,1,1,0,2,6,18,1,0.899
RS0000113,H003,2025/11/4 16:00,1,1,1,0,0,5,3,17,1,1
RS0000114,H004,2025/11/4 16:00,3,0,1,0,1,0,4,13,1,0.744
RS0000115,H005,2025/11/4 16:00,12,1,1,1,1,4,2,10,1,0.733
RS0000116,H001,2025/11/4 20:00,8,1,1,1,0,3,1,11,1,0.835
RS0000117,H002,2025/11/4 20:00,5,0,1,1,0,4,3,11,1,0.811
RS0000118,H003,2025/11/4 20:00,5,1,1,0,2,1,4,12,1,0.939
RS0000119,H004,2025/11/4 20:00,8,2,1,0,0,2,4,6,1,0.624
RS0000120,H005,2025/11/4 20:00,16,8,1,1,0,6,1,12,1,0.52
RS0000121,H001,2025/11/5 00:00,19,3,1,1,1,10,4,4,1,0.585
RS0000122,H002,2025/11/5 00:00,11,2,1,1,0,4,7,19,1,0.656
RS0000123,H003,2025/11/5 00:00,13,3,1,0,0,2,3,18,1,0.411
RS0000124,H004,2025/11/5 00:00,8,1,1,0,1,2,5,12,1,0.589
RS0000125,H005,2025/11/5 00:00,15,12,1,1,0,6,5,9,1,0.615
RS0000126,H001,2025/11/5 04:00,18,9,1,1,0,4,3,23,1,0.556
RS0000127,H002,2025/11/5 04:00,6,5,1,1,0,5,7,18,1,0.716
RS0000128,H003,2025/11/5 04:00,10,1,1,0,0,3,5,15,1,0.652
RS0000129,H004,2025/11/5 04:00,0,5,1,0,1,3,4,24,1,0.987
RS0000130,H005,2025/11/5 04:00,10,0,1,1,2,6,4,4,1,0.773
RS0000131,H001,2025/11/5 08:00,13,7,1,1,1,5,6,19,1,0.69
RS0000132,H002,2025/11/5 08:00,7,4,1,1,2,1,6,25,1,0.84
RS0000133,H003,2025/11/5 08:00,14,4,1,0,0,5,3,18,1,0.354
RS0000134,H004,2025/11/5 08:00,0,2,1,0,1,4,4,14,1,0.991
RS0000135,H005,2025/11/5 08:00,9,12,0,1,0,10,4,17,1,0.683
RS0000136,H001,2025/11/5 12:00,11,4,1,1,3,4,3,18,1,0.705
RS0000137,H002,2025/11/5 12:00,8,6,1,1,0,4,4,20,1,0.794
RS0000138,H003,2025/11/5 12:00,9,3,1,0,2,5,4,15,1,0.621
RS0000139,H004,2025/11/5 12:00,0,0,1,0,0,0,4,11,1,1
RS0000140,H005,2025/11/5 12:00,10,1,1,1,2,2,3,8,1,0.715
RS0000141,H001,2025/11/5 16:00,5,6,1,1,0,6,1,20,1,0.869
RS0000142,H002,2025/11/5 16:00,11,5,1,1,0,2,4,16,1,0.708
RS0000143,H003,2025/11/5 16:00,11,1,1,0,0,0,3,15,1,0.618
RS0000144,H004,2025/11/5 16:00,0,1,1,0,1,0,2,17,1,0.966
RS0000145,H005,2025/11/5 16:00,10,8,0,1,0,4,2,8,1,0.805
RS0000146,H001,2025/11/5 20:00,13,6,1,1,1,8,8,8,1,0.74
RS0000147,H002,2025/11/5 20:00,0,4,1,1,1,2,6,15,1,1
RS0000148,H003,2025/11/5 20:00,6,3,1,0,2,4,1,15,1,0.698
RS0000149,H004,2025/11/5 20:00,1,1,1,0,1,2,4,10,1,0.896
RS0000150,H005,2025/11/5 20:00,13,5,1,1,1,3,4,17,1,0.797
RS0000151,H001,2025/11/6 00:00,14,0,1,1,3,4,2,16,0,0.698
RS0000152,H002,2025/11/6 00:00,9,0,1,1,0,7,7,17,1,0.716
RS0000153,H003,2025/11/6 00:00,10,6,1,0,0,1,3,14,1,0.568
RS0000154,H004,2025/11/6 00:00,0,0,1,0,0,3,7,12,1,1
RS0000155,H005,2025/11/6 00:00,10,5,1,1,1,4,3,15,0,0.717
RS0000156,H001,2025/11/6 04:00,16,8,1,1,2,4,5,12,1,0.629
RS0000157,H002,2025/11/6 04:00,9,3,1,1,0,3,3,13,1,0.624
RS0000158,H003,2025/11/6 04:00,17,4,1,0,1,2,2,13,1,0.328
RS0000159,H004,2025/11/6 04:00,0,0,1,0,1,4,5,17,1,0.924
RS0000160,H005,2025/11/6 04:00,15,8,1,1,2,5,4,8,1,0.684
RS0000161,H001,2025/11/6 08:00,14,7,1,1,2,8,5,11,0,0.721
RS0000162,H002,2025/11/6 08:00,5,3,1,1,0,4,3,17,1,0.752
RS0000163,H003,2025/11/6 08:00,11,4,1,0,0,1,7,18,1,0.564
RS0000164,H004,2025/11/6 08:00,3,2,1,0,0,0,5,16,1,0.764
RS0000165,H005,2025/11/6 08:00,14,8,1,1,2,1,4,14,1,0.6
RS0000166,H001,2025/11/6 12:00,8,4,1,1,2,3,1,18,1,0.826
RS0000167,H002,2025/11/6 12:00,7,0,1,1,0,5,0,10,1,0.812
RS0000168,H003,2025/11/6 12:00,8,2,0,0,0,0,2,12,1,0.667
RS0000169,H004,2025/11/6 12:00,4,1,1,0,0,0,7,8,1,0.868
RS0000170,H005,2025/11/6 12:00,4,0,1,1,2,2,6,14,1,1
RS0000171,H001,2025/11/6 16:00,17,4,1,0,2,7,8,10,1,0.687
RS0000172,H002,2025/11/6 16:00,0,0,1,1,2,1,5,14,1,0.932
RS0000173,H003,2025/11/6 16:00,14,0,1,0,0,0,1,15,0,0.46
RS0000174,H004,2025/11/6 16:00,5,0,1,0,0,4,1,16,1,0.765
RS0000175,H005,2025/11/6 16:00,14,2,1,1,1,3,4,12,1,0.599
RS0000176,H001,2025/11/6 20:00,4,5,1,1,2,5,6,12,1,0.912
RS0000177,H002,2025/11/6 20:00,4,1,1,1,1,4,0,12,1,0.89
RS0000178,H003,2025/11/6 20:00,8,9,1,0,0,3,3,21,1,0.649
RS0000179,H004,2025/11/6 20:00,3,2,1,0,0,0,3,12,1,0.74
RS0000180,H005,2025/11/6 20:00,15,0,1,1,0,4,2,19,1,0.712
RS0000181,H001,2025/11/7 00:00,5,5,1,1,0,5,4,25,1,0.85
RS0000182,H002,2025/11/7 00:00,9,7,1,1,0,4,5,20,1,0.604
RS0000183,H003,2025/11/7 00:00,10,4,1,0,0,0,8,25,1,0.666
RS0000184,H004,2025/11/7 00:00,11,6,1,0,0,0,1,19,1,0.283
RS0000185,H005,2025/11/7 00:00,14,5,1,1,1,7,8,19,1,0.628
RS0000186,H001,2025/11/7 04:00,14,11,1,1,2,4,5,11,1,0.703
RS0000187,H002,2025/11/7 04:00,12,1,1,1,0,4,6,8,1,0.692
RS0000188,H003,2025/11/7 04:00,9,4,1,0,1,6,6,19,1,0.677
RS0000189,H004,2025/11/7 04:00,0,3,1,0,0,0,3,14,1,1
RS0000190,H005,2025/11/7 04:00,6,10,1,1,1,6,4,16,1,0.898
RS0000191,H001,2025/11/7 08:00,15,8,1,1,1,3,5,21,1,0.595
RS0000192,H002,2025/11/7 08:00,11,2,1,1,0,7,8,18,1,0.635
RS0000193,H003,2025/11/7 08:00,14,1,1,0,0,1,5,13,1,0.359
RS0000194,H004,2025/11/7 08:00,4,0,1,0,0,1,7,13,1,0.881
RS0000195,H005,2025/11/7 08:00,11,5,1,1,3,6,0,18,1,0.656
RS0000196,H001,2025/11/7 12:00,9,2,1,1,0,2,6,5,1,0.788
RS0000197,H002,2025/11/7 12:00,6,3,1,1,0,2,0,23,1,0.776
RS0000198,H003,2025/11/7 12:00,5,0,1,0,1,1,3,21,1,0.792
RS0000199,H004,2025/11/7 12:00,8,0,1,0,0,2,2,23,1,0.548
RS0000200,H005,2025/11/7 12:00,6,6,1,1,1,5,4,4,0,0.761
RS0000201,H001,2025/11/7 16:00,15,9,1,1,1,6,1,18,1,0.779
RS0000202,H002,2025/11/7 16:00,14,2,1,1,0,3,2,12,1,0.507
RS0000203,H003,2025/11/7 16:00,8,0,1,0,0,0,3,5,1,0.677
RS0000204,H004,2025/11/7 16:00,0,0,1,0,0,0,5,23,1,1
RS0000205,H005,2025/11/7 16:00,7,7,1,1,0,3,1,14,1,0.956
RS0000206,H001,2025/11/7 20:00,10,0,1,1,1,6,3,21,1,0.741
RS0000207,H002,2025/11/7 20:00,14,5,1,1,0,2,5,7,1,0.554
RS0000208,H003,2025/11/7 20:00,4,6,1,0,1,1,0,18,1,0.963
RS0000209,H004,2025/11/7 20:00,1,1,1,0,0,0,3,7,1,1
RS0000210,H005,2025/11/7 20:00,8,3,1,1,0,3,2,16,1,0.735
RS0000211,H001,2025/11/8 00:00,9,7,1,1,2,4,2,21,1,0.847
RS0000212,H002,2025/11/8 00:00,11,4,1,1,0,3,2,12,1,0.767
RS0000213,H003,2025/11/8 00:00,9,0,1,0,1,0,6,14,1,0.632
RS0000214,H004,2025/11/8 00:00,6,3,1,0,0,3,5,15,1,0.547
RS0000215,H005,2025/11/8 00:00,16,10,1,1,1,4,4,18,1,0.484
RS0000216,H001,2025/11/8 04:00,15,8,1,0,1,5,0,18,1,0.781
RS0000217,H002,2025/11/8 04:00,11,0,1,0,0,4,5,19,1,0.623
RS0000218,H003,2025/11/8 04:00,11,0,1,0,2,5,5,17,1,0.608
RS0000219,H004,2025/11/8 04:00,3,0,1,0,0,4,7,16,1,0.896
RS0000220,H005,2025/11/8 04:00,15,7,1,1,0,6,6,20,1,0.526
RS0000221,H001,2025/11/8 08:00,17,6,1,1,0,5,5,22,1,0.713
RS0000222,H002,2025/11/8 08:00,12,0,1,1,2,0,7,24,1,0.693
RS0000223,H003,2025/11/8 08:00,7,2,1,0,0,0,3,11,1,0.79
RS0000224,H004,2025/11/8 08:00,1,4,1,0,1,0,1,18,1,0.974
RS0000225,H005,2025/11/8 08:00,12,4,1,1,1,7,4,21,1,0.774
RS0000226,H001,2025/11/8 12:00,17,9,1,1,2,3,0,11,1,0.619
RS0000227,H002,2025/11/8 12:00,8,1,1,1,1,0,3,9,1,0.759
RS0000228,H003,2025/11/8 12:00,10,0,1,0,0,5,5,6,1,0.724
RS0000229,H004,2025/11/8 12:00,4,3,0,0,0,2,6,14,1,0.878
RS0000230,H005,2025/11/8 12:00,9,3,1,1,0,3,6,24,1,0.898
RS0000231,H001,2025/11/8 16:00,5,2,1,1,1,7,4,7,1,1
RS0000232,H002,2025/11/8 16:00,7,1,1,1,0,4,0,22,1,0.784
RS0000233,H003,2025/11/8 16:00,3,2,1,0,0,2,5,15,1,0.797
RS0000234,H004,2025/11/8 16:00,2,3,1,0,0,0,4,14,1,0.876
RS0000235,H005,2025/11/8 16:00,17,6,1,1,1,2,1,26,1,0.521
RS0000236,H001,2025/11/8 20:00,7,3,1,1,1,3,1,12,1,0.831
RS0000237,H002,2025/11/8 20:00,7,3,1,1,0,1,3,13,1,0.682
RS0000238,H003,2025/11/8 20:00,6,4,1,0,0,2,2,21,1,0.736
RS0000239,H004,2025/11/8 20:00,4,3,1,0,0,0,0,11,1,0.748
RS0000240,H005,2025/11/8 20:00,10,2,1,1,1,1,5,11,1,0.74
RS0000241,H001,2025/11/9 00:00,11,10,1,1,1,7,6,12,1,0.679
RS0000242,H002,2025/11/9 00:00,5,1,1,1,1,5,1,5,1,0.934
RS0000243,H003,2025/11/9 00:00,5,0,1,0,0,2,5,14,1,0.875
RS0000244,H004,2025/11/9 00:00,0,3,1,0,1,0,8,21,1,0.969
RS0000245,H005,2025/11/9 00:00,9,3,1,1,1,6,6,7,1,0.701
RS0000246,H001,2025/11/9 04:00,17,3,1,1,2,5,3,15,1,0.657
RS0000247,H002,2025/11/9 04:00,16,5,1,1,0,3,2,11,1,0.429
RS0000248,H003,2025/11/9 04:00,10,1,1,0,0,4,6,14,1,0.588
RS0000249,H004,2025/11/9 04:00,7,6,1,0,0,0,4,19,1,0.565
RS0000250,H005,2025/11/9 04:00,10,3,1,1,1,5,7,14,1,0.757
RS0000251,H001,2025/11/9 08:00,4,6,1,1,1,5,3,10,1,0.965
RS0000252,H002,2025/11/9 08:00,2,9,1,1,0,0,7,19,1,0.844
RS0000253,H003,2025/11/9 08:00,12,0,1,0,1,4,4,15,0,0.49
RS0000254,H004,2025/11/9 08:00,0,2,1,0,0,4,2,16,1,0.933
RS0000255,H005,2025/11/9 08:00,13,4,1,1,2,3,3,15,1,0.574
RS0000256,H001,2025/11/9 12:00,10,5,1,1,0,6,2,7,1,0.722
RS0000257,H002,2025/11/9 12:00,0,6,1,1,1,0,1,11,1,1
RS0000258,H003,2025/11/9 12:00,12,0,1,0,0,0,2,17,1,0.454
RS0000259,H004,2025/11/9 12:00,2,0,1,0,1,0,1,11,1,0.936
RS0000260,H005,2025/11/9 12:00,14,1,1,1,1,2,4,16,1,0.768
RS0000261,H001,2025/11/9 16:00,9,6,1,1,0,5,4,21,1,0.807
RS0000262,H002,2025/11/9 16:00,10,5,1,1,0,4,5,13,1,0.689
RS0000263,H003,2025/11/9 16:00,7,3,0,0,1,3,3,15,1,0.613
RS0000264,H004,2025/11/9 16:00,2,0,1,0,0,1,5,9,1,0.83
RS0000265,H005,2025/11/9 16:00,14,0,1,1,2,4,4,15,0,0.698
RS0000266,H001,2025/11/9 20:00,17,0,1,1,0,5,3,15,1,0.523
RS0000267,H002,2025/11/9 20:00,5,3,1,1,0,6,3,6,1,0.785
RS0000268,H003,2025/11/9 20:00,6,4,1,0,0,1,1,11,1,0.873
RS0000269,H004,2025/11/9 20:00,0,0,1,0,0,2,4,18,1,0.981
RS0000270,H005,2025/11/9 20:00,10,0,1,1,1,8,4,13,0,0.805
RS0000271,H001,2025/11/10 00:00,11,8,1,1,1,5,4,23,1,0.771
RS0000272,H002,2025/11/10 00:00,11,1,1,1,0,0,2,8,1,0.589
RS0000273,H003,2025/11/10 00:00,8,0,1,0,0,4,9,22,1,0.784
RS0000274,H004,2025/11/10 00:00,2,2,1,0,0,5,7,11,1,0.927
RS0000275,H005,2025/11/10 00:00,17,5,1,1,0,4,7,23,1,0.692
RS0000276,H001,2025/11/10 04:00,14,8,1,1,1,3,6,14,1,0.806
RS0000277,H002,2025/11/10 04:00,3,3,1,1,0,2,7,20,0,0.845
RS0000278,H003,2025/11/10 04:00,10,0,1,0,0,6,4,22,1,0.495
RS0000279,H004,2025/11/10 04:00,0,0,1,0,0,2,6,23,1,1
RS0000280,H005,2025/11/10 04:00,20,0,1,1,2,9,7,20,1,0.541
RS0000281,H001,2025/11/10 08:00,12,8,1,1,2,3,5,27,1,0.745
RS0000282,H002,2025/11/10 08:00,17,1,1,1,2,2,2,17,1,0.496
RS0000283,H003,2025/11/10 08:00,13,0,1,0,0,3,9,11,1,0.469
RS0000284,H004,2025/11/10 08:00,9,5,1,0,0,1,7,17,1,0.484
RS0000285,H005,2025/11/10 08:00,18,0,1,1,2,7,4,18,1,0.571
RS0000286,H001,2025/11/10 12:00,12,8,0,1,2,8,3,10,1,0.817
RS0000287,H002,2025/11/10 12:00,11,3,1,1,0,3,3,11,1,0.657
RS0000288,H003,2025/11/10 12:00,11,2,1,0,0,3,3,14,1,0.549
RS0000289,H004,2025/11/10 12:00,6,0,1,0,0,1,4,15,1,0.636
RS0000290,H005,2025/11/10 12:00,8,1,1,1,0,2,0,8,1,0.938
RS0000291,H001,2025/11/10 16:00,16,0,1,1,0,5,4,16,1,0.56
RS0000292,H002,2025/11/10 16:00,10,9,1,1,0,0,5,25,1,0.706
RS0000293,H003,2025/11/10 16:00,4,0,1,0,1,1,2,21,1,0.907
RS0000294,H004,2025/11/10 16:00,0,6,1,0,0,3,6,8,1,1
RS0000295,H005,2025/11/10 16:00,17,11,1,1,2,5,3,17,1,0.573
RS0000296,H001,2025/11/10 20:00,12,0,1,1,2,1,1,11,1,0.777
RS0000297,H002,2025/11/10 20:00,7,0,0,1,2,2,3,22,1,0.857
RS0000298,H003,2025/11/10 20:00,3,5,1,0,1,0,3,4,1,0.832
RS0000299,H004,2025/11/10 20:00,1,0,1,0,0,2,2,7,1,1
RS0000300,H005,2025/11/10 20:00,15,4,1,1,1,6,0,17,1,0.605
RS0000301,H001,2025/11/11 00:00,19,9,1,1,0,3,7,18,1,0.574
RS0000302,H002,2025/11/11 00:00,11,4,1,1,0,5,3,11,1,0.574
RS0000303,H003,2025/11/11 00:00,9,4,1,0,2,1,0,17,1,0.62
RS0000304,H004,2025/11/11 00:00,0,5,1,0,1,3,0,18,1,1
RS0000305,H005,2025/11/11 00:00,18,1,1,1,0,4,7,14,1,0.486
RS0000306,H001,2025/11/11 04:00,12,7,1,1,0,4,8,31,1,0.705
RS0000307,H002,2025/11/11 04:00,11,0,1,1,0,2,5,18,1,0.671
RS0000308,H003,2025/11/11 04:00,9,3,1,0,0,0,5,16,1,0.678
RS0000309,H004,2025/11/11 04:00,8,1,1,0,0,5,5,22,1,0.429
RS0000310,H005,2025/11/11 04:00,13,2,1,1,3,3,1,15,1,0.609
RS0000311,H001,2025/11/11 08:00,2,8,1,1,0,6,0,9,1,0.941
RS0000312,H002,2025/11/11 08:00,19,0,1,1,0,4,3,19,1,0.445
RS0000313,H003,2025/11/11 08:00,6,0,1,0,0,0,5,10,1,0.84
RS0000314,H004,2025/11/11 08:00,2,0,1,0,1,1,5,19,1,0.964
RS0000315,H005,2025/11/11 08:00,15,9,1,1,2,5,2,21,1,0.683
RS0000316,H001,2025/11/11 12:00,18,1,1,1,2,3,4,16,1,0.649
RS0000317,H002,2025/11/11 12:00,11,0,1,1,0,3,6,16,1,0.772
RS0000318,H003,2025/11/11 12:00,3,0,1,0,0,4,5,4,1,0.927
RS0000319,H004,2025/11/11 12:00,4,1,1,0,0,4,4,12,1,0.777
RS0000320,H005,2025/11/11 12:00,10,5,1,1,1,6,2,13,1,0.77
RS0000321,H001,2025/11/11 16:00,7,4,1,1,1,6,7,14,1,0.84
RS0000322,H002,2025/11/11 16:00,11,2,1,1,1,3,4,17,1,0.58
RS0000323,H003,2025/11/11 16:00,6,1,1,0,0,3,6,5,1,0.827
RS0000324,H004,2025/11/11 16:00,8,0,1,0,0,1,4,12,1,0.522
RS0000325,H005,2025/11/11 16:00,18,0,1,1,2,2,6,21,1,0.62
RS0000326,H001,2025/11/11 20:00,3,7,1,1,1,9,4,18,1,0.882
RS0000327,H002,2025/11/11 20:00,7,1,1,1,0,1,6,14,1,0.8
RS0000328,H003,2025/11/11 20:00,9,4,1,0,0,1,4,18,1,0.621
RS0000329,H004,2025/11/11 20:00,7,0,1,0,0,0,6,22,1,0.542
RS0000330,H005,2025/11/11 20:00,10,6,1,1,0,5,4,15,1,0.866
RS0000331,H001,2025/11/12 00:00,16,7,1,0,2,3,2,24,1,0.598
RS0000332,H002,2025/11/12 00:00,13,0,1,0,0,1,5,26,1,0.5
RS0000333,H003,2025/11/12 00:00,4,1,1,0,0,2,8,22,1,0.783
RS0000334,H004,2025/11/12 00:00,3,2,1,0,1,0,4,12,1,0.731
RS0000335,H005,2025/11/12 00:00,13,0,1,1,2,5,6,15,1,0.579
RS0000336,H001,2025/11/12 04:00,15,2,1,1,2,5,2,16,1,0.769
RS0000337,H002,2025/11/12 04:00,5,4,1,1,1,0,3,21,1,0.936
RS0000338,H003,2025/11/12 04:00,12,9,1,0,1,1,4,23,1,0.426
RS0000339,H004,2025/11/12 04:00,0,0,0,0,0,0,3,21,1,1
RS0000340,H005,2025/11/12 04:00,10,7,1,1,2,4,4,17,1,0.846
RS0000341,H001,2025/11/12 08:00,15,7,1,1,1,6,5,19,1,0.766
RS0000342,H002,2025/11/12 08:00,9,5,1,1,0,6,2,21,1,0.708
RS0000343,H003,2025/11/12 08:00,8,3,1,0,2,5,6,21,1,0.728
RS0000344,H004,2025/11/12 08:00,5,0,1,0,0,0,7,21,1,0.811
RS0000345,H005,2025/11/12 08:00,9,8,1,1,0,4,3,23,1,0.679
RS0000346,H001,2025/11/12 12:00,10,3,1,1,1,6,6,15,1,0.854
RS0000347,H002,2025/11/12 12:00,10,4,1,1,0,0,4,11,1,0.619
RS0000348,H003,2025/11/12 12:00,10,2,1,0,0,3,2,19,1,0.616
RS0000349,H004,2025/11/12 12:00,7,0,1,0,1,0,3,5,1,0.478
RS0000350,H005,2025/11/12 12:00,8,5,1,1,1,4,0,11,1,0.904
RS0000351,H001,2025/11/12 16:00,12,2,1,1,1,5,2,10,1,0.733
RS0000352,H002,2025/11/12 16:00,6,0,0,1,1,1,8,19,1,0.869
RS0000353,H003,2025/11/12 16:00,11,7,1,0,0,0,4,11,1,0.575
RS0000354,H004,2025/11/12 16:00,6,0,1,0,1,5,1,9,1,0.578
RS0000355,H005,2025/11/12 16:00,6,3,1,1,1,6,4,13,1,0.817
RS0000356,H001,2025/11/12 20:00,15,9,1,1,2,4,3,24,1,0.593
RS0000357,H002,2025/11/12 20:00,9,1,1,1,0,4,4,13,1,0.617
RS0000358,H003,2025/11/12 20:00,10,0,1,0,1,0,3,12,1,0.5
RS0000359,H004,2025/11/12 20:00,6,4,1,0,1,0,3,4,0,0.761
RS0000360,H005,2025/11/12 20:00,11,6,1,1,1,4,3,9,1,0.744
RS0000361,H001,2025/11/13 00:00,12,8,1,1,0,5,6,15,1,0.823
RS0000362,H002,2025/11/13 00:00,7,5,1,1,2,7,4,18,1,0.831
RS0000363,H003,2025/11/13 00:00,9,5,1,0,1,5,5,20,1,0.603
RS0000364,H004,2025/11/13 00:00,4,0,0,0,0,0,5,24,1,0.827
RS0000365,H005,2025/11/13 00:00,8,2,1,1,2,5,5,32,1,0.754
RS0000366,H001,2025/11/13 04:00,10,7,1,1,0,6,4,14,1,0.744
RS0000367,H002,2025/11/13 04:00,21,2,1,1,0,6,5,19,0,0.367
RS0000368,H003,2025/11/13 04:00,2,5,1,0,1,1,2,20,1,0.83
RS0000369,H004,2025/11/13 04:00,5,2,1,0,0,0,2,12,1,0.731
RS0000370,H005,2025/11/13 04:00,5,7,1,1,1,6,3,9,1,0.937
RS0000371,H001,2025/11/13 08:00,8,8,1,1,0,5,5,20,1,0.857
RS0000372,H002,2025/11/13 08:00,13,5,1,1,1,1,2,12,1,0.712
RS0000373,H003,2025/11/13 08:00,8,2,0,0,2,6,1,8,0,0.749
RS0000374,H004,2025/11/13 08:00,0,4,1,0,0,1,6,20,1,1
RS0000375,H005,2025/11/13 08:00,8,3,1,1,2,6,7,20,1,0.852
RS0000376,H001,2025/11/13 12:00,11,1,1,1,0,5,3,19,1,0.835
RS0000377,H002,2025/11/13 12:00,4,2,1,1,0,2,2,21,1,0.881
RS0000378,H003,2025/11/13 12:00,1,9,0,0,1,1,2,15,1,0.986
RS0000379,H004,2025/11/13 12:00,3,5,1,0,0,1,4,19,1,0.857
RS0000380,H005,2025/11/13 12:00,5,11,1,1,2,4,2,11,1,0.983
RS0000381,H001,2025/11/13 16:00,14,2,1,0,1,2,2,9,1,0.701
RS0000382,H002,2025/11/13 16:00,8,0,1,0,0,1,2,13,1,0.691
RS0000383,H003,2025/11/13 16:00,7,1,1,0,1,3,3,13,1,0.825
RS0000384,H004,2025/11/13 16:00,1,0,1,0,0,0,5,13,1,1
RS0000385,H005,2025/11/13 16:00,10,5,1,0,1,5,7,16,1,0.73
RS0000386,H001,2025/11/13 20:00,17,1,1,1,0,5,4,14,1,0.683
RS0000387,H002,2025/11/13 20:00,7,0,1,1,1,1,1,16,1,0.88
RS0000388,H003,2025/11/13 20:00,4,2,1,0,0,1,1,21,1,0.914
RS0000389,H004,2025/11/13 20:00,11,7,1,0,0,0,5,8,1,0.365
RS0000390,H005,2025/11/13 20:00,11,5,1,1,0,4,4,13,1,0.855
RS0000391,H001,2025/11/14 00:00,23,9,1,1,1,10,5,11,1,0.602
RS0000392,H002,2025/11/14 00:00,13,1,1,1,2,6,7,17,0,0.482
RS0000393,H003,2025/11/14 00:00,8,2,1,0,0,1,7,14,1,0.804
RS0000394,H004,2025/11/14 00:00,1,0,1,0,0,3,5,21,1,1
RS0000395,H005,2025/11/14 00:00,18,7,1,0,0,9,4,10,1,0.585
RS0000396,H001,2025/11/14 04:00,16,9,1,0,1,4,3,23,1,0.753
RS0000397,H002,2025/11/14 04:00,15,3,1,1,1,4,4,8,1,0.409
RS0000398,H003,2025/11/14 04:00,15,4,1,0,0,4,6,24,1,0.349
RS0000399,H004,2025/11/14 04:00,2,4,1,0,0,6,8,12,1,0.784
RS0000400,H005,2025/11/14 04:00,14,5,1,1,1,5,3,7,1,0.727
RS0000401,H001,2025/11/14 08:00,11,6,1,1,3,7,6,8,1,0.776
RS0000402,H002,2025/11/14 08:00,9,4,1,1,0,3,6,24,1,0.71
RS0000403,H003,2025/11/14 08:00,10,7,1,0,0,0,5,26,1,0.535
RS0000404,H004,2025/11/14 08:00,6,0,1,0,0,0,4,13,1,0.713
RS0000405,H005,2025/11/14 08:00,18,8,1,1,3,4,3,20,1,0.657
RS0000406,H001,2025/11/14 12:00,11,8,1,1,1,4,0,17,1,0.869
RS0000407,H002,2025/11/14 12:00,12,4,1,1,0,5,5,18,1,0.645
RS0000408,H003,2025/11/14 12:00,10,2,1,0,1,1,2,16,1,0.726
RS0000409,H004,2025/11/14 12:00,11,1,1,0,0,5,6,14,0,0.23
RS0000410,H005,2025/11/14 12:00,11,0,1,1,1,5,2,10,1,0.625
RS0000411,H001,2025/11/14 16:00,8,5,0,1,0,1,3,13,1,0.834
RS0000412,H002,2025/11/14 16:00,12,3,1,1,0,0,7,11,1,0.746
RS0000413,H003,2025/11/14 16:00,8,5,1,0,0,1,3,4,1,0.683
RS0000414,H004,2025/11/14 16:00,0,0,0,0,0,2,5,19,1,0.905
RS0000415,H005,2025/11/14 16:00,10,7,1,1,2,6,10,7,1,0.818
RS0000416,H001,2025/11/14 20:00,8,6,1,1,0,6,4,22,1,0.79
RS0000417,H002,2025/11/14 20:00,3,1,1,1,2,4,3,7,1,0.847
RS0000418,H003,2025/11/14 20:00,8,0,1,0,1,0,6,18,1,0.726
RS0000419,H004,2025/11/14 20:00,0,5,1,0,0,0,3,14,1,1
RS0000420,H005,2025/11/14 20:00,0,5,1,1,1,5,4,9,0,0.971
RS0000421,H001,2025/11/15 00:00,17,3,1,1,2,7,1,17,1,0.668
RS0000422,H002,2025/11/15 00:00,16,3,1,1,1,2,4,16,1,0.516
RS0000423,H003,2025/11/15 00:00,3,5,1,0,0,2,3,15,1,0.972
RS0000424,H004,2025/11/15 00:00,5,4,1,0,0,0,6,18,1,0.671
RS0000425,H005,2025/11/15 00:00,11,3,1,1,0,7,6,13,1,0.781
RS0000426,H001,2025/11/15 04:00,6,10,1,1,1,5,7,22,1,1
RS0000427,H002,2025/11/15 04:00,0,0,1,1,0,1,3,19,1,0.924
RS0000428,H003,2025/11/15 04:00,7,4,1,0,2,1,8,27,1,0.78
RS0000429,H004,2025/11/15 04:00,7,3,1,0,0,2,5,14,1,0.509
RS0000430,H005,2025/11/15 04:00,10,0,1,1,1,6,2,17,1,0.823
RS0000431,H001,2025/11/15 08:00,6,3,1,1,2,5,3,20,0,0.854
RS0000432,H002,2025/11/15 08:00,11,0,1,1,0,0,4,21,1,0.639
RS0000433,H003,2025/11/15 08:00,2,5,1,0,0,4,6,19,1,0.972
RS0000434,H004,2025/11/15 08:00,6,6,1,0,0,0,3,17,0,0.731
RS0000435,H005,2025/11/15 08:00,10,4,0,1,2,4,4,18,1,0.851
RS0000436,H001,2025/11/15 12:00,4,2,1,1,0,3,4,16,1,0.913
RS0000437,H002,2025/11/15 12:00,9,9,1,1,1,5,2,16,0,0.743
RS0000438,H003,2025/11/15 12:00,4,3,1,0,0,4,6,28,1,0.736
RS0000439,H004,2025/11/15 12:00,4,4,1,0,0,0,3,7,1,0.895
RS0000440,H005,2025/11/15 12:00,12,4,1,1,0,6,4,15,1,0.722
RS0000441,H001,2025/11/15 16:00,15,9,1,1,2,0,5,26,1,0.71
RS0000442,H002,2025/11/15 16:00,10,2,1,1,1,2,4,10,1,0.771
RS0000443,H003,2025/11/15 16:00,0,2,1,0,1,1,1,10,1,0.999
RS0000444,H004,2025/11/15 16:00,7,0,1,0,0,3,4,17,1,0.482
RS0000445,H005,2025/11/15 16:00,13,5,1,0,1,2,3,10,1,0.792
RS0000446,H001,2025/11/15 20:00,12,3,1,1,1,4,0,11,1,0.664
RS0000447,H002,2025/11/15 20:00,7,2,1,1,1,0,6,9,1,0.772
RS0000448,H003,2025/11/15 20:00,3,3,1,0,1,1,1,12,1,0.911
RS0000449,H004,2025/11/15 20:00,0,7,1,0,0,2,1,17,1,1
RS0000450,H005,2025/11/15 20:00,17,2,1,1,1,1,1,14,1,0.474
RS0000451,H001,2025/11/16 00:00,9,4,1,0,2,3,4,16,1,0.88
RS0000452,H002,2025/11/16 00:00,12,0,1,1,0,3,5,23,1,0.734
RS0000453,H003,2025/11/16 00:00,2,2,1,0,0,1,4,18,1,0.873
RS0000454,H004,2025/11/16 00:00,8,0,1,0,0,1,6,16,1,0.404
RS0000455,H005,2025/11/16 00:00,5,5,1,1,1,7,4,20,1,0.834
RS0000456,H001,2025/11/16 04:00,11,5,1,1,0,7,6,19,1,0.7
RS0000457,H002,2025/11/16 04:00,12,3,1,1,1,0,4,18,1,0.711
RS0000458,H003,2025/11/16 04:00,0,1,1,0,0,2,3,12,1,1
RS0000459,H004,2025/11/16 04:00,4,4,1,0,1,0,7,15,1,0.717
RS0000460,H005,2025/11/16 04:00,6,6,1,1,1,5,4,19,1,0.912
RS0000461,H001,2025/11/16 08:00,10,4,1,0,0,4,3,11,1,0.884
RS0000462,H002,2025/11/16 08:00,6,2,1,1,1,2,6,20,1,0.736
RS0000463,H003,2025/11/16 08:00,5,1,1,0,0,2,0,20,1,0.85
RS0000464,H004,2025/11/16 08:00,0,5,1,0,0,2,6,12,1,1
RS0000465,H005,2025/11/16 08:00,11,6,1,1,1,3,6,16,1,0.68
RS0000466,H001,2025/11/16 12:00,15,3,1,1,3,4,0,17,1,0.664
RS0000467,H002,2025/11/16 12:00,3,1,1,1,0,0,2,14,1,0.89
RS0000468,H003,2025/11/16 12:00,4,4,1,0,1,3,5,24,1,0.89
RS0000469,H004,2025/11/16 12:00,6,0,1,0,0,2,6,6,1,0.538
RS0000470,H005,2025/11/16 12:00,13,3,1,1,0,5,3,12,1,0.79
RS0000471,H001,2025/11/16 16:00,7,5,1,1,1,5,0,0,1,0.955
RS0000472,H002,2025/11/16 16:00,7,1,1,1,0,5,1,16,1,0.786
RS0000473,H003,2025/11/16 16:00,9,0,1,0,0,3,3,17,1,0.761
RS0000474,H004,2025/11/16 16:00,9,2,1,0,0,2,4,15,1,0.411
RS0000475,H005,2025/11/16 16:00,13,7,1,1,0,6,0,7,1,0.717
RS0000476,H001,2025/11/16 20:00,12,2,1,1,0,5,0,16,1,0.831
RS0000477,H002,2025/11/16 20:00,3,1,1,1,0,1,8,17,1,1
RS0000478,H003,2025/11/16 20:00,4,0,1,0,0,3,1,4,1,0.87
RS0000479,H004,2025/11/16 20:00,5,0,1,0,0,1,3,6,1,0.588
RS0000480,H005,2025/11/16 20:00,8,3,1,1,2,6,2,16,1,0.724
RS0000481,H001,2025/11/17 00:00,18,1,1,1,3,8,5,14,1,0.637
RS0000482,H002,2025/11/17 00:00,9,2,1,0,2,3,1,20,1,0.604
RS0000483,H003,2025/11/17 00:00,13,5,1,0,0,5,4,13,1,0.421
RS0000484,H004,2025/11/17 00:00,7,3,1,0,0,0,3,18,1,0.467
RS0000485,H005,2025/11/17 00:00,16,6,1,0,2,5,3,15,1,0.649
RS0000486,H001,2025/11/17 04:00,14,5,1,1,2,2,5,14,1,0.605
RS0000487,H002,2025/11/17 04:00,3,0,1,1,0,6,3,20,1,0.816
RS0000488,H003,2025/11/17 04:00,7,0,1,0,2,1,7,27,1,0.68
RS0000489,H004,2025/11/17 04:00,2,5,1,0,1,2,4,21,1,0.881
RS0000490,H005,2025/11/17 04:00,11,6,1,1,0,4,5,20,1,0.663
RS0000491,H001,2025/11/17 08:00,13,7,1,1,3,5,2,25,1,0.732
RS0000492,H002,2025/11/17 08:00,6,0,1,0,1,3,5,24,1,0.758
RS0000493,H003,2025/11/17 08:00,6,0,1,0,1,0,7,17,1,0.783
RS0000494,H004,2025/11/17 08:00,5,0,1,0,0,3,3,19,1,0.799
RS0000495,H005,2025/11/17 08:00,12,7,1,0,0,6,4,16,1,0.599
RS0000496,H001,2025/11/17 12:00,16,7,1,1,1,4,2,17,1,0.682
RS0000497,H002,2025/11/17 12:00,7,0,1,1,0,4,6,14,1,0.855
RS0000498,H003,2025/11/17 12:00,0,8,1,0,0,4,9,14,1,1
RS0000499,H004,2025/11/17 12:00,10,0,1,0,1,1,4,8,1,0.331
RS0000500,H005,2025/11/17 12:00,9,3,1,1,2,2,3,19,1,0.874
RS0000501,H001,2025/11/17 16:00,12,1,1,1,2,6,6,16,1,0.703
RS0000502,H002,2025/11/17 16:00,15,0,1,1,1,2,5,16,1,0.467
RS0000503,H003,2025/11/17 16:00,0,1,1,0,1,3,0,11,1,1
RS0000504,H004,2025/11/17 16:00,7,2,1,0,0,1,1,12,1,0.55
RS0000505,H005,2025/11/17 16:00,13,2,1,1,4,4,4,13,1,0.794
RS0000506,H001,2025/11/17 20:00,3,7,1,1,0,4,0,13,1,0.831
RS0000507,H002,2025/11/17 20:00,10,4,1,1,0,0,7,17,1,0.682
RS0000508,H003,2025/11/17 20:00,9,0,1,0,0,4,4,1,1,0.762
RS0000509,H004,2025/11/17 20:00,1,3,1,0,0,0,4,16,1,0.856
RS0000510,H005,2025/11/17 20:00,11,0,1,1,2,4,2,15,1,0.799
RS0000511,H001,2025/11/18 00:00,18,1,1,1,1,5,5,13,1,0.65
RS0000512,H002,2025/11/18 00:00,9,4,1,1,0,4,7,14,1,0.652
RS0000513,H003,2025/11/18 00:00,5,1,1,0,0,0,7,25,1,0.824
RS0000514,H004,2025/11/18 00:00,10,0,1,0,0,0,7,9,1,0.47
RS0000515,H005,2025/11/18 00:00,15,2,1,1,0,5,6,21,1,0.733
RS0000516,H001,2025/11/18 04:00,11,3,1,1,1,3,3,14,1,0.88
RS0000517,H002,2025/11/18 04:00,10,10,1,1,0,4,2,7,1,0.635
RS0000518,H003,2025/11/18 04:00,1,5,1,0,1,1,4,15,1,1
RS0000519,H004,2025/11/18 04:00,6,5,0,0,0,2,7,10,1,0.652
RS0000520,H005,2025/11/18 04:00,11,4,1,1,1,3,6,24,1,0.769
RS0000521,H001,2025/11/18 08:00,14,7,1,1,2,5,5,9,1,0.621
RS0000522,H002,2025/11/18 08:00,6,6,1,1,0,3,4,18,1,0.901
RS0000523,H003,2025/11/18 08:00,6,3,1,0,1,3,4,15,1,0.764
RS0000524,H004,2025/11/18 08:00,9,1,1,0,0,0,2,17,1,0.492
RS0000525,H005,2025/11/18 08:00,10,6,1,1,0,2,5,7,1,0.685
RS0000526,H001,2025/11/18 12:00,14,10,1,1,2,0,2,17,1,0.754
RS0000527,H002,2025/11/18 12:00,6,3,1,1,2,5,5,12,0,0.841
RS0000528,H003,2025/11/18 12:00,6,3,1,0,2,3,1,17,1,0.877
RS0000529,H004,2025/11/18 12:00,3,0,1,0,0,0,4,13,1,0.786
RS0000530,H005,2025/11/18 12:00,8,6,1,1,1,6,5,14,1,0.853
RS0000531,H001,2025/11/18 16:00,12,3,1,1,0,6,7,15,1,0.828
RS0000532,H002,2025/11/18 16:00,0,3,1,1,0,1,3,0,1,1
RS0000533,H003,2025/11/18 16:00,6,1,1,0,0,4,6,11,1,0.798
RS0000534,H004,2025/11/18 16:00,1,0,1,0,0,4,7,7,1,0.985
RS0000535,H005,2025/11/18 16:00,6,0,1,1,2,6,6,18,1,0.814
RS0000536,H001,2025/11/18 20:00,11,5,1,1,2,7,2,23,1,0.806
RS0000537,H002,2025/11/18 20:00,8,6,1,1,0,3,3,15,1,0.826
RS0000538,H003,2025/11/18 20:00,3,4,1,0,0,1,2,18,1,0.797
RS0000539,H004,2025/11/18 20:00,5,0,1,0,0,2,2,14,1,0.592
RS0000540,H005,2025/11/18 20:00,10,0,1,1,1,3,6,11,1,0.786
RS0000541,H001,2025/11/19 00:00,14,6,1,1,1,9,4,12,1,0.745
RS0000542,H002,2025/11/19 00:00,1,2,1,1,0,4,5,13,1,1
RS0000543,H003,2025/11/19 00:00,0,6,1,0,2,2,2,19,1,0.992
RS0000544,H004,2025/11/19 00:00,6,2,1,0,0,0,5,13,1,0.616
RS0000545,H005,2025/11/19 00:00,17,9,0,1,1,8,6,19,1,0.511
RS0000546,H001,2025/11/19 04:00,12,4,1,1,0,4,3,12,1,0.771
RS0000547,H002,2025/11/19 04:00,19,0,1,1,0,0,5,23,1,0.505
RS0000548,H003,2025/11/19 04:00,13,0,1,0,1,0,5,17,1,0.581
RS0000549,H004,2025/11/19 04:00,3,0,1,0,0,4,0,19,1,0.777
RS0000550,H005,2025/11/19 04:00,12,8,1,1,1,6,6,14,1,0.726
RS0000551,H001,2025/11/19 08:00,16,4,1,1,0,10,4,27,1,0.533
RS0000552,H002,2025/11/19 08:00,13,0,1,1,0,2,7,16,1,0.701
RS0000553,H003,2025/11/19 08:00,13,4,1,0,2,4,1,19,1,0.449
RS0000554,H004,2025/11/19 08:00,6,1,1,0,0,4,9,21,1,0.676
RS0000555,H005,2025/11/19 08:00,8,10,1,1,0,3,3,7,1,0.719
RS0000556,H001,2025/11/19 12:00,16,3,1,1,2,4,1,9,1,0.627
RS0000557,H002,2025/11/19 12:00,7,4,1,1,0,6,4,13,1,0.723
RS0000558,H003,2025/11/19 12:00,5,8,1,0,0,1,9,4,1,0.76
RS0000559,H004,2025/11/19 12:00,0,1,1,0,1,4,7,7,1,1
RS0000560,H005,2025/11/19 12:00,11,5,1,1,2,2,3,5,1,0.809
RS0000561,H001,2025/11/19 16:00,5,4,0,1,0,7,2,8,1,0.932
RS0000562,H002,2025/11/19 16:00,9,3,1,1,1,2,9,12,1,0.763
RS0000563,H003,2025/11/19 16:00,3,6,1,0,0,4,5,5,1,0.846
RS0000564,H004,2025/11/19 16:00,5,3,1,0,0,5,1,15,1,0.692
RS0000565,H005,2025/11/19 16:00,13,0,1,1,0,3,5,15,0,0.617
RS0000566,H001,2025/11/19 20:00,13,4,1,1,0,4,4,10,1,0.682
RS0000567,H002,2025/11/19 20:00,7,3,1,1,0,3,7,13,1,0.668
RS0000568,H003,2025/11/19 20:00,4,1,0,0,1,2,4,24,1,0.948
RS0000569,H004,2025/11/19 20:00,8,1,1,0,0,4,2,9,1,0.582
RS0000570,H005,2025/11/19 20:00,8,2,0,1,0,5,5,15,1,0.838
RS0000571,H001,2025/11/20 00:00,16,5,1,1,0,3,0,10,1,0.718
RS0000572,H002,2025/11/20 00:00,6,2,1,1,0,4,5,13,1,0.897
RS0000573,H003,2025/11/20 00:00,12,4,1,0,1,1,4,20,1,0.56
RS0000574,H004,2025/11/20 00:00,2,3,1,0,1,2,2,18,1,0.938
RS0000575,H005,2025/11/20 00:00,14,0,1,1,1,6,2,26,1,0.721
RS0000576,H001,2025/11/20 04:00,17,6,1,1,1,6,7,16,1,0.538
RS0000577,H002,2025/11/20 04:00,8,7,1,1,1,4,4,15,1,0.779
RS0000578,H003,2025/11/20 04:00,10,7,1,0,1,2,4,16,1,0.623
RS0000579,H004,2025/11/20 04:00,6,4,1,0,0,0,3,14,0,0.526
RS0000580,H005,2025/11/20 04:00,13,0,1,1,1,6,3,19,1,0.676
RS0000581,H001,2025/11/20 08:00,15,1,1,1,2,2,5,22,1,0.583
RS0000582,H002,2025/11/20 08:00,13,0,1,1,0,2,3,11,0,0.516
RS0000583,H003,2025/11/20 08:00,8,0,1,0,1,3,7,15,1,0.726
RS0000584,H004,2025/11/20 08:00,4,0,1,0,1,5,3,19,1,0.733
RS0000585,H005,2025/11/20 08:00,14,10,1,1,1,5,7,19,1,0.665
RS0000586,H001,2025/11/20 12:00,15,5,1,1,0,3,4,18,1,0.742
RS0000587,H002,2025/11/20 12:00,9,4,1,1,1,1,4,12,1,0.773
RS0000588,H003,2025/11/20 12:00,3,2,1,0,1,0,6,9,1,0.843
RS0000589,H004,2025/11/20 12:00,3,0,1,0,0,0,6,24,1,0.785
RS0000590,H005,2025/11/20 12:00,15,5,1,1,1,5,8,17,1,0.722
RS0000591,H001,2025/11/20 16:00,15,2,1,1,1,2,5,11,1,0.645
RS0000592,H002,2025/11/20 16:00,10,0,1,1,2,1,4,20,1,0.594
RS0000593,H003,2025/11/20 16:00,3,6,1,0,2,5,1,12,1,0.828
RS0000594,H004,2025/11/20 16:00,8,0,1,0,0,1,4,19,1,0.441
RS0000595,H005,2025/11/20 16:00,3,6,1,1,1,5,1,18,1,0.986
RS0000596,H001,2025/11/20 20:00,13,5,1,1,2,2,4,22,1,0.7
RS0000597,H002,2025/11/20 20:00,9,0,1,1,0,0,1,9,1,0.638
RS0000598,H003,2025/11/20 20:00,8,0,1,0,0,3,4,15,1,0.705
RS0000599,H004,2025/11/20 20:00,4,6,1,0,0,5,4,12,1,0.883
RS0000600,H005,2025/11/20 20:00,9,2,1,1,1,3,3,17,1,0.829
RS0000601,H001,2025/11/21 00:00,16,7,1,1,1,5,4,17,1,0.709
RS0000602,H002,2025/11/21 00:00,7,3,1,1,0,6,2,34,1,0.901
RS0000603,H003,2025/11/21 00:00,11,8,1,0,0,3,1,11,1,0.558
RS0000604,H004,2025/11/21 00:00,10,5,1,0,0,4,2,20,1,0.355
RS0000605,H005,2025/11/21 00:00,9,8,1,1,2,4,4,22,1,0.894
RS0000606,H001,2025/11/21 04:00,19,6,1,1,4,10,3,16,1,0.685
RS0000607,H002,2025/11/21 04:00,8,3,1,1,0,0,6,19,1,0.873
RS0000608,H003,2025/11/21 04:00,5,6,1,0,0,5,4,25,1,0.832
RS0000609,H004,2025/11/21 04:00,3,0,1,0,0,2,4,22,1,0.906
RS0000610,H005,2025/11/21 04:00,16,6,1,1,0,5,3,21,1,0.549
RS0000611,H001,2025/11/21 08:00,9,7,1,1,0,4,3,11,1,0.877
RS0000612,H002,2025/11/21 08:00,19,1,1,1,1,5,6,19,1,0.484
RS0000613,H003,2025/11/21 08:00,11,2,1,0,1,5,5,15,1,0.611
RS0000614,H004,2025/11/21 08:00,6,1,1,0,1,2,7,9,1,0.589
RS0000615,H005,2025/11/21 08:00,14,0,1,1,3,1,6,11,1,0.602
RS0000616,H001,2025/11/21 12:00,16,4,0,1,1,5,0,11,1,0.56
RS0000617,H002,2025/11/21 12:00,6,3,1,1,0,2,3,9,1,0.731
RS0000618,H003,2025/11/21 12:00,0,3,1,0,1,5,5,19,1,1
RS0000619,H004,2025/11/21 12:00,3,2,1,0,0,0,6,14,1,0.961
RS0000620,H005,2025/11/21 12:00,12,4,1,1,0,3,6,4,1,0.832
RS0000621,H001,2025/11/21 16:00,12,5,1,1,1,4,4,10,1,0.697
RS0000622,H002,2025/11/21 16:00,11,5,1,1,2,0,4,16,1,0.607
RS0000623,H003,2025/11/21 16:00,10,0,1,0,0,0,3,19,1,0.561
RS0000624,H004,2025/11/21 16:00,4,3,1,0,0,4,4,12,1,0.881
RS0000625,H005,2025/11/21 16:00,9,5,1,1,0,3,2,17,1,0.691
RS0000626,H001,2025/11/21 20:00,2,8,1,1,0,6,3,12,1,1
RS0000627,H002,2025/11/21 20:00,7,0,1,1,1,3,10,11,1,0.825
RS0000628,H003,2025/11/21 20:00,7,4,1,0,1,2,6,22,1,0.664
RS0000629,H004,2025/11/21 20:00,5,0,1,0,0,0,5,17,1,0.636
RS0000630,H005,2025/11/21 20:00,9,0,1,1,2,2,6,16,0,0.772
RS0000631,H001,2025/11/22 00:00,18,5,1,1,2,4,9,18,1,0.602
RS0000632,H002,2025/11/22 00:00,5,2,1,1,2,2,2,20,0,0.918
RS0000633,H003,2025/11/22 00:00,9,6,1,0,0,7,5,18,1,0.71
RS0000634,H004,2025/11/22 00:00,7,0,1,0,0,3,2,8,1,0.697
RS0000635,H005,2025/11/22 00:00,15,0,1,1,0,2,0,11,1,0.693
RS0000636,H001,2025/11/22 04:00,15,9,1,1,1,4,3,12,1,0.757
RS0000637,H002,2025/11/22 04:00,6,0,1,1,1,7,0,22,1,0.767
RS0000638,H003,2025/11/22 04:00,6,2,1,0,0,0,4,11,1,0.791
RS0000639,H004,2025/11/22 04:00,2,4,1,0,0,4,4,15,1,1
RS0000640,H005,2025/11/22 04:00,12,4,1,1,2,4,4,14,1,0.786
RS0000641,H001,2025/11/22 08:00,15,9,1,1,3,6,4,17,1,0.609
RS0000642,H002,2025/11/22 08:00,7,7,1,1,0,2,6,5,1,0.673
RS0000643,H003,2025/11/22 08:00,7,6,1,0,0,1,3,14,1,0.851
RS0000644,H004,2025/11/22 08:00,0,0,1,0,0,4,1,10,1,1
RS0000645,H005,2025/11/22 08:00,8,7,1,1,2,3,7,20,1,0.869
RS0000646,H001,2025/11/22 12:00,12,8,1,1,0,4,3,13,1,0.854
RS0000647,H002,2025/11/22 12:00,7,4,1,1,0,5,1,17,1,0.884
RS0000648,H003,2025/11/22 12:00,0,0,1,0,0,2,1,13,1,1
RS0000649,H004,2025/11/22 12:00,5,0,1,0,0,1,6,14,1,0.802
RS0000650,H005,2025/11/22 12:00,11,5,1,1,0,4,5,19,1,0.689
RS0000651,H001,2025/11/22 16:00,11,10,1,1,1,2,4,16,1,0.698
RS0000652,H002,2025/11/22 16:00,4,0,1,1,0,0,6,6,1,0.849
RS0000653,H003,2025/11/22 16:00,6,2,1,0,2,1,2,18,1,0.721
RS0000654,H004,2025/11/22 16:00,7,2,1,0,0,1,3,8,1,0.698
RS0000655,H005,2025/11/22 16:00,6,3,0,1,1,2,2,19,1,0.927
RS0000656,H001,2025/11/22 20:00,10,0,1,1,1,7,4,17,1,0.714
RS0000657,H002,2025/11/22 20:00,4,2,1,1,0,4,4,8,1,0.868
RS0000658,H003,2025/11/22 20:00,5,4,1,0,0,1,1,15,1,0.818
RS0000659,H004,2025/11/22 20:00,9,5,1,0,1,4,6,8,1,0.479
RS0000660,H005,2025/11/22 20:00,7,2,0,1,1,1,7,8,1,0.872
RS0000661,H001,2025/11/23 00:00,13,8,1,1,2,5,4,20,1,0.828
RS0000662,H002,2025/11/23 00:00,14,8,1,1,0,6,6,16,1,0.475
RS0000663,H003,2025/11/23 00:00,3,2,1,0,1,5,3,6,1,0.87
RS0000664,H004,2025/11/23 00:00,0,0,1,0,0,1,4,3,1,0.955
RS0000665,H005,2025/11/23 00:00,14,2,1,1,0,6,4,18,1,0.56
RS0000666,H001,2025/11/23 04:00,4,9,1,0,1,3,6,19,1,0.904
RS0000667,H002,2025/11/23 04:00,4,0,1,1,0,2,6,17,1,0.996
RS0000668,H003,2025/11/23 04:00,4,3,1,0,1,3,3,12,1,0.826
RS0000669,H004,2025/11/23 04:00,2,2,1,0,0,2,4,13,1,0.885
RS0000670,H005,2025/11/23 04:00,6,4,1,0,0,0,4,11,1,0.973
RS0000671,H001,2025/11/23 08:00,11,5,1,1,3,7,4,10,1,0.868
RS0000672,H002,2025/11/23 08:00,9,0,1,1,2,3,6,17,1,0.74
RS0000673,H003,2025/11/23 08:00,6,4,1,0,0,1,4,20,1,0.839
RS0000674,H004,2025/11/23 08:00,2,1,1,0,0,0,5,15,1,0.947
RS0000675,H005,2025/11/23 08:00,18,8,1,1,2,7,2,10,1,0.632
RS0000676,H001,2025/11/23 12:00,5,1,1,1,1,5,5,15,1,0.875
RS0000677,H002,2025/11/23 12:00,4,3,1,1,0,0,5,16,1,0.822
RS0000678,H003,2025/11/23 12:00,7,5,1,0,2,0,5,17,1,0.856
RS0000679,H004,2025/11/23 12:00,9,0,1,0,0,1,6,6,1,0.528
RS0000680,H005,2025/11/23 12:00,4,1,1,1,0,5,8,18,1,0.956
RS0000681,H001,2025/11/23 16:00,12,3,1,0,1,3,0,16,1,0.832
RS0000682,H002,2025/11/23 16:00,7,0,0,1,1,5,3,3,1,0.778
RS0000683,H003,2025/11/23 16:00,0,0,1,0,0,2,4,23,1,1
RS0000684,H004,2025/11/23 16:00,5,4,1,0,0,1,4,18,1,0.713
RS0000685,H005,2025/11/23 16:00,5,7,1,0,1,4,3,21,1,0.983
RS0000686,H001,2025/11/23 20:00,11,1,1,1,2,7,4,16,1,0.881
RS0000687,H002,2025/11/23 20:00,6,5,1,1,0,2,3,8,1,0.86
RS0000688,H003,2025/11/23 20:00,9,5,1,0,0,2,0,5,1,0.657
RS0000689,H004,2025/11/23 20:00,6,2,1,0,0,1,3,15,1,0.629
RS0000690,H005,2025/11/23 20:00,6,4,1,1,2,2,1,9,1,0.807
RS0000691,H001,2025/11/24 00:00,9,7,1,1,2,4,4,15,1,0.891
RS0000692,H002,2025/11/24 00:00,9,2,1,1,1,2,5,26,1,0.659
RS0000693,H003,2025/11/24 00:00,14,3,1,0,0,3,7,21,1,0.379
RS0000694,H004,2025/11/24 00:00,7,1,1,0,0,1,3,16,1,0.685
RS0000695,H005,2025/11/24 00:00,8,9,1,1,1,2,8,21,1,0.7
RS0000696,H001,2025/11/24 04:00,7,5,1,1,2,7,3,18,1,0.832
RS0000697,H002,2025/11/24 04:00,13,10,0,1,0,6,4,11,1,0.702
RS0000698,H003,2025/11/24 04:00,0,4,1,0,0,4,6,15,1,0.954
RS0000699,H004,2025/11/24 04:00,6,0,1,0,0,1,10,13,1,0.533
RS0000700,H005,2025/11/24 04:00,13,6,1,1,1,8,5,18,1,0.782
RS0000701,H001,2025/11/24 08:00,12,1,1,1,2,5,5,16,1,0.847
RS0000702,H002,2025/11/24 08:00,11,0,1,1,1,1,2,24,1,0.55
RS0000703,H003,2025/11/24 08:00,9,6,1,0,1,3,5,14,1,0.75
RS0000704,H004,2025/11/24 08:00,0,3,1,0,0,2,2,13,1,0.952
RS0000705,H005,2025/11/24 08:00,10,5,1,1,0,5,4,22,1,0.851
RS0000706,H001,2025/11/24 12:00,15,4,1,1,2,9,5,14,1,0.667
RS0000707,H002,2025/11/24 12:00,4,0,1,1,2,0,3,20,1,0.954
RS0000708,H003,2025/11/24 12:00,7,0,1,0,1,0,2,16,1,0.631
RS0000709,H004,2025/11/24 12:00,9,0,1,0,0,1,5,13,1,0.349
RS0000710,H005,2025/11/24 12:00,12,1,1,1,0,6,1,15,1,0.777
RS0000711,H001,2025/11/24 16:00,6,4,1,1,2,3,4,15,1,0.844
RS0000712,H002,2025/11/24 16:00,7,0,0,1,0,4,3,12,1,0.798
RS0000713,H003,2025/11/24 16:00,11,9,1,0,1,3,4,8,1,0.617
RS0000714,H004,2025/11/24 16:00,6,4,1,0,0,0,6,14,1,0.572
RS0000715,H005,2025/11/24 16:00,12,1,1,1,0,6,7,16,1,0.772
RS0000716,H001,2025/11/24 20:00,9,6,1,1,0,6,4,13,1,0.909
RS0000717,H002,2025/11/24 20:00,13,0,1,1,1,4,4,17,1,0.514
RS0000718,H003,2025/11/24 20:00,7,0,1,0,0,3,3,11,1,0.851
RS0000719,H004,2025/11/24 20:00,0,2,1,0,1,2,5,18,1,0.98
RS0000720,H005,2025/11/24 20:00,9,1,1,1,4,2,6,23,1,0.706
RS0000721,H001,2025/11/25 00:00,15,2,1,1,0,4,6,14,1,0.561
RS0000722,H002,2025/11/25 00:00,9,6,1,1,0,2,4,18,1,0.669
RS0000723,H003,2025/11/25 00:00,14,5,1,0,1,3,5,17,1,0.471
RS0000724,H004,2025/11/25 00:00,9,1,1,0,0,2,2,9,1,0.356
RS0000725,H005,2025/11/25 00:00,8,6,1,1,2,7,4,10,1,0.849
RS0000726,H001,2025/11/25 04:00,7,11,1,1,0,8,8,13,1,0.847
RS0000727,H002,2025/11/25 04:00,2,4,1,0,1,2,3,19,1,1
RS0000728,H003,2025/11/25 04:00,10,0,1,0,1,4,7,17,1,0.545
RS0000729,H004,2025/11/25 04:00,1,4,1,0,0,3,3,20,1,0.845
RS0000730,H005,2025/11/25 04:00,14,3,1,0,2,7,7,17,1,0.65
RS0000731,H001,2025/11/25 08:00,12,3,1,0,2,7,4,25,1,0.72
RS0000732,H002,2025/11/25 08:00,11,0,1,1,1,4,5,30,1,0.706
RS0000733,H003,2025/11/25 08:00,0,0,1,0,2,6,5,18,1,0.97
RS0000734,H004,2025/11/25 08:00,1,5,1,0,0,0,6,19,1,1
RS0000735,H005,2025/11/25 08:00,18,0,0,1,1,8,7,16,1,0.605
RS0000736,H001,2025/11/25 12:00,14,8,1,1,1,5,7,13,1,0.634
RS0000737,H002,2025/11/25 12:00,14,0,1,1,1,4,2,8,1,0.636
RS0000738,H003,2025/11/25 12:00,9,1,1,0,0,1,3,9,1,0.649
RS0000739,H004,2025/11/25 12:00,0,0,1,0,0,0,6,23,1,1
RS0000740,H005,2025/11/25 12:00,12,1,1,1,1,7,4,19,1,0.679
RS0000741,H001,2025/11/25 16:00,14,10,1,1,1,4,4,23,1,0.665
RS0000742,H002,2025/11/25 16:00,6,0,1,1,1,0,2,15,1,0.877
RS0000743,H003,2025/11/25 16:00,4,0,1,0,1,3,6,6,1,0.982
RS0000744,H004,2025/11/25 16:00,8,1,1,0,0,1,6,15,1,0.641
RS0000745,H005,2025/11/25 16:00,6,3,1,1,1,5,2,13,1,0.867
RS0000746,H001,2025/11/25 20:00,18,4,1,1,0,4,4,12,1,0.657
RS0000747,H002,2025/11/25 20:00,9,0,1,1,0,4,4,17,1,0.725
RS0000748,H003,2025/11/25 20:00,7,0,1,0,0,0,2,18,1,0.832
RS0000749,H004,2025/11/25 20:00,0,0,1,0,0,0,3,11,1,1
RS0000750,H005,2025/11/25 20:00,13,2,1,1,2,5,4,19,0,0.6
RS0000751,H001,2025/11/26 00:00,17,6,1,1,3,5,7,17,1,0.621
RS0000752,H002,2025/11/26 00:00,6,5,0,1,0,3,3,15,1,0.94
RS0000753,H003,2025/11/26 00:00,11,2,1,0,2,0,2,20,1,0.451
RS0000754,H004,2025/11/26 00:00,8,3,1,0,0,4,6,13,1,0.44
RS0000755,H005,2025/11/26 00:00,14,4,1,1,4,3,9,15,1,0.678
RS0000756,H001,2025/11/26 04:00,12,6,1,1,3,7,5,20,1,0.635
RS0000757,H002,2025/11/26 04:00,13,1,1,1,0,2,1,29,1,0.609
RS0000758,H003,2025/11/26 04:00,13,2,1,0,1,1,6,24,1,0.541
RS0000759,H004,2025/11/26 04:00,12,4,1,0,1,3,4,20,1,0.277
RS0000760,H005,2025/11/26 04:00,15,4,1,1,2,7,7,19,1,0.729
RS0000761,H001,2025/11/26 08:00,17,8,1,0,0,7,6,7,1,0.633
RS0000762,H002,2025/11/26 08:00,6,1,1,1,0,2,5,23,0,0.831
RS0000763,H003,2025/11/26 08:00,0,4,1,0,1,1,7,20,1,1
RS0000764,H004,2025/11/26 08:00,12,2,1,0,0,3,1,25,1,0.18
RS0000765,H005,2025/11/26 08:00,9,4,1,1,1,6,5,15,1,0.74
RS0000766,H001,2025/11/26 12:00,15,0,1,1,1,3,4,16,1,0.645
RS0000767,H002,2025/11/26 12:00,18,2,1,1,0,2,3,11,1,0.312
RS0000768,H003,2025/11/26 12:00,3,7,1,0,0,2,5,17,1,1
RS0000769,H004,2025/11/26 12:00,9,0,1,0,1,2,2,13,1,0.523
RS0000770,H005,2025/11/26 12:00,6,10,1,1,0,6,4,15,1,0.891
RS0000771,H001,2025/11/26 16:00,13,0,1,1,0,7,5,16,1,0.673
RS0000772,H002,2025/11/26 16:00,3,3,1,1,2,2,4,19,1,0.997
RS0000773,H003,2025/11/26 16:00,7,0,1,0,1,6,2,23,1,0.728
RS0000774,H004,2025/11/26 16:00,11,0,1,0,1,0,0,15,0,0.217
RS0000775,H005,2025/11/26 16:00,3,3,1,1,2,7,8,8,1,1
RS0000776,H001,2025/11/26 20:00,9,2,1,1,0,5,2,8,1,0.817
RS0000777,H002,2025/11/26 20:00,3,4,1,1,1,0,4,12,1,0.815
RS0000778,H003,2025/11/26 20:00,4,5,1,0,1,4,2,22,1,0.926
RS0000779,H004,2025/11/26 20:00,7,1,1,0,1,0,2,14,1,0.649
RS0000780,H005,2025/11/26 20:00,14,4,1,1,2,2,3,11,1,0.564
RS0000781,H001,2025/11/27 00:00,15,8,1,1,0,5,0,14,1,0.698
RS0000782,H002,2025/11/27 00:00,9,6,1,1,0,1,8,21,1,0.647
RS0000783,H003,2025/11/27 00:00,5,6,1,0,0,2,5,22,1,0.813
RS0000784,H004,2025/11/27 00:00,4,1,1,0,1,4,3,8,1,0.772
RS0000785,H005,2025/11/27 00:00,13,2,1,1,2,8,6,11,1,0.706
RS0000786,H001,2025/11/27 04:00,15,5,1,1,3,4,5,16,1,0.725
RS0000787,H002,2025/11/27 04:00,14,1,1,1,0,0,5,5,1,0.598
RS0000788,H003,2025/11/27 04:00,5,0,1,0,0,1,4,19,1,0.794
RS0000789,H004,2025/11/27 04:00,5,2,1,0,0,2,6,24,1,0.638
RS0000790,H005,2025/11/27 04:00,13,4,1,0,3,5,5,20,1,0.745
RS0000791,H001,2025/11/27 08:00,14,10,1,1,3,3,6,21,1,0.574
RS0000792,H002,2025/11/27 08:00,10,11,1,1,0,2,4,21,1,0.588
RS0000793,H003,2025/11/27 08:00,1,5,1,0,1,5,4,24,1,1
RS0000794,H004,2025/11/27 08:00,4,2,1,0,1,1,2,16,1,0.73
RS0000795,H005,2025/11/27 08:00,15,1,1,1,1,5,3,23,1,0.656
RS0000796,H001,2025/11/27 12:00,19,7,0,1,1,4,6,19,1,0.453
RS0000797,H002,2025/11/27 12:00,6,0,1,1,0,2,5,17,1,0.709
RS0000798,H003,2025/11/27 12:00,4,4,1,0,0,2,6,5,1,0.837
RS0000799,H004,2025/11/27 12:00,6,1,1,0,0,1,7,12,0,0.596
RS0000800,H005,2025/11/27 12:00,9,3,1,1,3,6,5,11,1,0.76
RS0000801,H001,2025/11/27 16:00,7,7,1,1,0,5,5,19,1,0.743
RS0000802,H002,2025/11/27 16:00,1,0,1,1,0,3,3,16,1,1
RS0000803,H003,2025/11/27 16:00,13,3,1,0,0,3,2,19,1,0.4
RS0000804,H004,2025/11/27 16:00,5,0,1,0,1,4,3,6,1,0.771
RS0000805,H005,2025/11/27 16:00,15,2,1,1,2,5,4,17,1,0.631
RS0000806,H001,2025/11/27 20:00,7,1,1,1,1,5,6,18,1,0.778
RS0000807,H002,2025/11/27 20:00,4,8,1,1,1,2,4,14,1,1
RS0000808,H003,2025/11/27 20:00,6,5,1,0,0,0,3,13,1,0.805
RS0000809,H004,2025/11/27 20:00,9,2,1,0,0,0,3,13,1,0.526
RS0000810,H005,2025/11/27 20:00,12,6,1,1,1,3,7,21,1,0.713
RS0000811,H001,2025/11/28 00:00,3,8,1,1,0,7,5,10,1,0.844
RS0000812,H002,2025/11/28 00:00,9,0,0,1,0,2,3,11,1,0.844
RS0000813,H003,2025/11/28 00:00,11,9,1,0,0,5,4,18,1,0.578
RS0000814,H004,2025/11/28 00:00,5,0,1,0,1,1,5,19,1,0.763
RS0000815,H005,2025/11/28 00:00,15,5,1,0,3,2,4,21,1,0.544
RS0000816,H001,2025/11/28 04:00,14,7,1,1,0,2,3,19,1,0.673
RS0000817,H002,2025/11/28 04:00,18,4,1,1,0,1,2,24,1,0.415
RS0000818,H003,2025/11/28 04:00,7,4,1,0,2,4,6,20,1,0.722
RS0000819,H004,2025/11/28 04:00,11,3,1,0,1,4,3,23,1,0.438
RS0000820,H005,2025/11/28 04:00,6,1,1,1,2,5,3,16,1,0.798
RS0000821,H001,2025/11/28 08:00,10,3,0,1,1,3,5,5,1,0.707
RS0000822,H002,2025/11/28 08:00,4,5,1,1,0,1,6,14,1,0.918
RS0000823,H003,2025/11/28 08:00,6,3,0,0,2,2,7,18,1,0.836
RS0000824,H004,2025/11/28 08:00,8,6,1,0,1,0,5,17,1,0.557
RS0000825,H005,2025/11/28 08:00,11,11,0,1,2,4,6,20,1,0.8
RS0000826,H001,2025/11/28 12:00,9,1,1,1,1,4,5,14,1,0.923
RS0000827,H002,2025/11/28 12:00,7,3,1,1,0,5,5,13,1,0.714
RS0000828,H003,2025/11/28 12:00,10,7,0,0,0,0,1,14,1,0.678
RS0000829,H004,2025/11/28 12:00,9,4,1,0,0,0,0,11,1,0.519
RS0000830,H005,2025/11/28 12:00,16,7,1,1,2,5,2,10,1,0.537
RS0000831,H001,2025/11/28 16:00,11,5,1,1,1,5,0,25,1,0.663
RS0000832,H002,2025/11/28 16:00,7,3,1,1,0,5,6,10,1,0.913
RS0000833,H003,2025/11/28 16:00,6,2,1,0,1,4,1,17,0,0.787
RS0000834,H004,2025/11/28 16:00,0,0,1,0,0,0,0,3,1,1
RS0000835,H005,2025/11/28 16:00,15,10,1,1,1,7,4,9,1,0.704
RS0000836,H001,2025/11/28 20:00,10,1,1,1,2,6,5,8,1,0.699
RS0000837,H002,2025/11/28 20:00,19,3,1,1,0,2,1,15,1,0.317
RS0000838,H003,2025/11/28 20:00,7,2,1,0,1,1,5,12,1,0.783
RS0000839,H004,2025/11/28 20:00,0,4,1,0,0,2,7,22,1,1
RS0000840,H005,2025/11/28 20:00,7,7,1,1,1,3,2,22,1,0.746
RS0000841,H001,2025/11/29 00:00,12,5,1,1,1,3,3,15,1,0.76
RS0000842,H002,2025/11/29 00:00,4,0,1,1,0,4,3,6,1,0.821
RS0000843,H003,2025/11/29 00:00,17,0,1,0,0,0,6,11,1,0.217
RS0000844,H004,2025/11/29 00:00,8,0,1,0,0,4,5,13,1,0.421
RS0000845,H005,2025/11/29 00:00,19,4,1,1,1,3,2,14,1,0.614
RS0000846,H001,2025/11/29 04:00,12,1,1,1,3,3,4,20,1,0.653
RS0000847,H002,2025/11/29 04:00,6,3,1,1,0,3,2,14,1,0.832
RS0000848,H003,2025/11/29 04:00,5,0,1,0,2,1,5,12,1,0.862
RS0000849,H004,2025/11/29 04:00,0,3,1,0,0,2,4,15,1,0.913
RS0000850,H005,2025/11/29 04:00,8,5,1,1,2,3,4,19,1,0.922
RS0000851,H001,2025/11/29 08:00,7,9,1,1,1,8,6,22,1,0.859
RS0000852,H002,2025/11/29 08:00,13,2,1,1,2,3,8,5,1,0.683
RS0000853,H003,2025/11/29 08:00,12,7,1,0,0,2,5,11,1,0.5
RS0000854,H004,2025/11/29 08:00,1,1,1,0,0,2,3,16,1,0.89
RS0000855,H005,2025/11/29 08:00,7,6,1,1,1,1,9,21,1,0.838
RS0000856,H001,2025/11/29 12:00,14,0,1,1,1,4,5,9,1,0.595
RS0000857,H002,2025/11/29 12:00,7,4,0,1,0,3,1,14,1,0.819
RS0000858,H003,2025/11/29 12:00,5,0,1,0,0,4,5,5,1,0.826
RS0000859,H004,2025/11/29 12:00,2,2,1,0,0,3,1,16,1,0.927
RS0000860,H005,2025/11/29 12:00,4,7,0,1,1,5,0,16,1,0.928
RS0000861,H001,2025/11/29 16:00,12,1,1,1,1,2,6,9,1,0.735
RS0000862,H002,2025/11/29 16:00,8,3,1,1,0,0,6,10,1,0.732
RS0000863,H003,2025/11/29 16:00,5,1,1,0,0,0,2,9,1,0.73
RS0000864,H004,2025/11/29 16:00,9,3,1,0,0,3,5,10,1,0.351
RS0000865,H005,2025/11/29 16:00,4,6,1,1,0,4,2,13,1,0.819
RS0000866,H001,2025/11/29 20:00,15,0,1,1,0,0,4,5,1,0.753
RS0000867,H002,2025/11/29 20:00,5,1,1,1,0,4,6,15,1,0.884
RS0000868,H003,2025/11/29 20:00,11,1,1,0,0,0,5,9,1,0.578
RS0000869,H004,2025/11/29 20:00,1,0,0,0,0,0,5,16,1,1
RS0000870,H005,2025/11/29 20:00,5,0,1,1,1,2,0,8,1,0.998
RS0000871,H001,2025/11/30 00:00,8,0,1,1,2,4,7,15,1,0.891
RS0000872,H002,2025/11/30 00:00,8,0,1,1,0,6,2,14,1,0.644
RS0000873,H003,2025/11/30 00:00,5,4,1,0,1,3,1,9,1,0.798
RS0000874,H004,2025/11/30 00:00,7,0,1,0,1,2,4,9,1,0.563
RS0000875,H005,2025/11/30 00:00,19,4,1,1,1,7,5,22,1,0.471
RS0000876,H001,2025/11/30 04:00,11,7,1,1,2,4,4,17,1,0.722
RS0000877,H002,2025/11/30 04:00,17,6,1,1,0,4,2,18,1,0.354
RS0000878,H003,2025/11/30 04:00,13,2,1,0,0,1,5,20,1,0.384
RS0000879,H004,2025/11/30 04:00,5,1,1,0,1,1,5,11,0,0.78
RS0000880,H005,2025/11/30 04:00,11,1,1,1,2,6,5,8,1,0.71
RS0000881,H001,2025/11/30 08:00,18,6,1,1,1,4,5,26,1,0.576
RS0000882,H002,2025/11/30 08:00,9,0,1,1,2,0,6,11,1,0.662
RS0000883,H003,2025/11/30 08:00,9,0,1,0,0,4,3,11,0,0.577
RS0000884,H004,2025/11/30 08:00,3,0,1,0,1,0,5,15,0,0.849
RS0000885,H005,2025/11/30 08:00,16,3,1,1,2,8,1,16,1,0.629
RS0000886,H001,2025/11/30 12:00,12,0,1,1,2,0,0,17,1,0.778
RS0000887,H002,2025/11/30 12:00,10,0,1,1,0,2,3,18,1,0.702
RS0000888,H003,2025/11/30 12:00,0,0,1,0,1,0,4,15,1,0.965
RS0000889,H004,2025/11/30 12:00,7,0,0,0,0,3,3,19,1,0.665
RS0000890,H005,2025/11/30 12:00,16,6,1,1,0,4,6,5,1,0.657
RS0000891,H001,2025/11/30 16:00,10,2,1,1,2,2,0,15,1,0.835
RS0000892,H002,2025/11/30 16:00,12,1,1,1,1,2,6,11,1,0.677
RS0000893,H003,2025/11/30 16:00,3,3,1,0,1,4,4,11,1,0.942
RS0000894,H004,2025/11/30 16:00,4,0,1,0,0,4,5,14,1,0.781
RS0000895,H005,2025/11/30 16:00,9,9,1,1,0,0,1,11,1,0.685
RS0000896,H001,2025/11/30 20:00,6,2,1,1,3,4,3,6,1,0.913
RS0000897,H002,2025/11/30 20:00,13,4,1,1,0,3,2,18,1,0.616
RS0000898,H003,2025/11/30 20:00,7,6,1,0,0,1,4,12,1,0.707
RS0000899,H004,2025/11/30 20:00,6,0,1,0,0,0,5,8,1,0.546
RS0000900,H005,2025/11/30 20:00,8,2,1,1,2,3,5,14,1,0.807
RS0000901,H001,2025/12/1 00:00,14,2,1,0,2,3,4,25,1,0.638
RS0000902,H002,2025/12/1 00:00,13,8,1,1,2,1,6,22,1,0.603
RS0000903,H003,2025/12/1 00:00,8,8,0,0,1,0,5,24,1,0.572
RS0000904,H004,2025/12/1 00:00,6,1,1,0,0,4,3,26,1,0.557
RS0000905,H005,2025/12/1 00:00,10,6,1,0,1,6,2,14,0,0.821
RS0000906,H001,2025/12/1 04:00,15,2,1,1,2,2,5,18,1,0.748
RS0000907,H002,2025/12/1 04:00,9,1,1,1,1,5,6,13,1,0.73
RS0000908,H003,2025/12/1 04:00,7,0,1,0,1,1,6,10,1,0.741
RS0000909,H004,2025/12/1 04:00,0,0,1,0,1,0,6,27,1,1
RS0000910,H005,2025/12/1 04:00,13,2,1,1,2,6,4,23,1,0.773
RS0000911,H001,2025/12/1 08:00,14,9,1,1,1,3,7,23,1,0.768
RS0000912,H002,2025/12/1 08:00,3,2,1,1,0,4,6,18,1,0.909
RS0000913,H003,2025/12/1 08:00,9,0,1,0,0,1,3,22,1,0.603
RS0000914,H004,2025/12/1 08:00,5,0,1,0,0,3,5,20,1,0.79
RS0000915,H005,2025/12/1 08:00,9,7,0,1,2,7,7,11,1,0.805
RS0000916,H001,2025/12/1 12:00,3,3,1,1,0,5,2,12,1,0.96
RS0000917,H002,2025/12/1 12:00,10,2,1,1,1,2,5,8,1,0.719
RS0000918,H003,2025/12/1 12:00,4,3,1,0,0,4,10,12,0,0.928
RS0000919,H004,2025/12/1 12:00,3,0,1,0,1,1,4,16,1,0.784
RS0000920,H005,2025/12/1 12:00,9,1,1,1,1,4,6,22,1,0.743
RS0000921,H001,2025/12/1 16:00,11,4,1,0,1,4,4,14,1,0.732
RS0000922,H002,2025/12/1 16:00,13,6,1,1,1,2,4,14,1,0.655
RS0000923,H003,2025/12/1 16:00,0,0,0,0,0,1,3,12,1,1
RS0000924,H004,2025/12/1 16:00,5,0,1,0,0,0,5,13,0,0.755
RS0000925,H005,2025/12/1 16:00,16,5,1,1,0,5,2,10,1,0.561
RS0000926,H001,2025/12/1 20:00,13,6,1,1,3,4,4,9,1,0.617
RS0000927,H002,2025/12/1 20:00,0,4,1,1,0,4,3,7,1,1
RS0000928,H003,2025/12/1 20:00,7,5,1,0,1,1,3,11,1,0.735
RS0000929,H004,2025/12/1 20:00,0,1,1,0,0,2,5,22,1,1
RS0000930,H005,2025/12/1 20:00,10,3,1,1,1,5,5,7,1,0.849
RS0000931,H001,2025/12/2 00:00,12,2,1,1,2,3,0,17,1,0.752
RS0000932,H002,2025/12/2 00:00,14,0,0,1,0,0,7,14,1,0.489
RS0000933,H003,2025/12/2 00:00,4,2,1,0,0,7,7,16,1,0.86
RS0000934,H004,2025/12/2 00:00,3,0,1,0,1,0,5,10,1,0.808
RS0000935,H005,2025/12/2 00:00,10,5,1,1,0,6,6,25,1,0.643
RS0000936,H001,2025/12/2 04:00,16,7,1,0,2,8,3,7,1,0.712
RS0000937,H002,2025/12/2 04:00,8,1,1,1,2,3,2,12,1,0.701
RS0000938,H003,2025/12/2 04:00,3,3,1,0,2,3,0,13,1,1
RS0000939,H004,2025/12/2 04:00,6,0,1,0,0,5,0,16,1,0.605
RS0000940,H005,2025/12/2 04:00,12,6,0,1,1,4,3,28,1,0.647
RS0000941,H001,2025/12/2 08:00,16,4,1,1,2,7,4,22,1,0.703
RS0000942,H002,2025/12/2 08:00,11,5,1,1,1,7,6,25,1,0.577
RS0000943,H003,2025/12/2 08:00,7,4,1,0,0,5,3,22,1,0.63
RS0000944,H004,2025/12/2 08:00,3,3,1,0,1,6,6,9,1,0.948
RS0000945,H005,2025/12/2 08:00,16,2,1,1,1,4,1,18,1,0.627
RS0000946,H001,2025/12/2 12:00,8,3,1,1,2,4,2,11,1,0.827
RS0000947,H002,2025/12/2 12:00,7,5,1,1,2,1,4,13,1,0.684
RS0000948,H003,2025/12/2 12:00,4,5,1,0,0,1,4,15,1,0.848
RS0000949,H004,2025/12/2 12:00,1,0,1,0,1,4,5,1,1,1
RS0000950,H005,2025/12/2 12:00,12,5,1,1,1,5,4,15,1,0.804
RS0000951,H001,2025/12/2 16:00,10,0,1,1,1,8,3,16,1,0.675
RS0000952,H002,2025/12/2 16:00,13,5,1,1,0,2,4,14,1,0.708
RS0000953,H003,2025/12/2 16:00,6,5,1,0,0,0,3,23,1,0.652
RS0000954,H004,2025/12/2 16:00,9,4,1,0,1,1,1,8,1,0.378
RS0000955,H005,2025/12/2 16:00,14,0,1,1,0,3,3,14,1,0.753
RS0000956,H001,2025/12/2 20:00,8,6,1,1,0,8,3,5,1,0.893
RS0000957,H002,2025/12/2 20:00,0,4,1,1,2,4,0,7,1,1
RS0000958,H003,2025/12/2 20:00,3,0,1,0,1,5,7,8,1,0.834
RS0000959,H004,2025/12/2 20:00,7,1,1,0,0,6,2,11,1,0.629
RS0000960,H005,2025/12/2 20:00,11,4,1,1,0,4,3,15,1,0.8
RS0000961,H001,2025/12/3 00:00,16,4,1,1,2,2,5,17,1,0.767
RS0000962,H002,2025/12/3 00:00,2,0,1,1,1,4,3,19,1,1
RS0000963,H003,2025/12/3 00:00,3,6,1,0,2,0,4,23,1,0.778
RS0000964,H004,2025/12/3 00:00,4,0,1,0,1,0,3,17,1,0.75
RS0000965,H005,2025/12/3 00:00,21,5,1,1,1,6,4,16,1,0.413
RS0000966,H001,2025/12/3 04:00,10,6,1,1,0,8,5,23,1,0.757
RS0000967,H002,2025/12/3 04:00,7,2,1,1,1,2,3,19,1,0.802
RS0000968,H003,2025/12/3 04:00,8,3,1,0,0,4,4,8,1,0.591
RS0000969,H004,2025/12/3 04:00,8,1,1,0,0,2,8,17,1,0.529
RS0000970,H005,2025/12/3 04:00,20,4,1,1,0,7,2,12,1,0.573
RS0000971,H001,2025/12/3 08:00,20,3,1,1,0,6,0,16,1,0.666
RS0000972,H002,2025/12/3 08:00,8,5,1,1,1,0,2,12,1,0.834
RS0000973,H003,2025/12/3 08:00,8,2,1,0,0,4,5,15,1,0.573
RS0000974,H004,2025/12/3 08:00,13,4,1,0,0,3,2,28,1,0.19
RS0000975,H005,2025/12/3 08:00,15,6,1,1,2,5,4,16,1,0.654
RS0000976,H001,2025/12/3 12:00,10,3,1,0,1,6,3,20,1,0.784
RS0000977,H002,2025/12/3 12:00,11,0,1,1,0,3,6,22,1,0.694
RS0000978,H003,2025/12/3 12:00,5,0,1,0,0,1,1,14,1,0.797
RS0000979,H004,2025/12/3 12:00,10,2,1,0,0,1,4,18,1,0.307
RS0000980,H005,2025/12/3 12:00,8,6,1,1,3,2,3,8,1,0.834
RS0000981,H001,2025/12/3 16:00,14,1,1,1,1,3,7,14,1,0.74
RS0000982,H002,2025/12/3 16:00,6,4,1,1,0,1,4,16,1,0.836
RS0000983,H003,2025/12/3 16:00,7,0,1,0,2,2,1,17,1,0.742
RS0000984,H004,2025/12/3 16:00,6,1,1,0,1,0,1,18,1,0.55
RS0000985,H005,2025/12/3 16:00,0,4,1,1,1,5,2,24,1,1
RS0000986,H001,2025/12/3 20:00,13,5,1,1,0,4,4,8,1,0.711
RS0000987,H002,2025/12/3 20:00,2,8,1,1,0,5,2,14,1,1
RS0000988,H003,2025/12/3 20:00,8,2,1,0,2,3,6,6,1,0.736
RS0000989,H004,2025/12/3 20:00,6,0,1,0,0,0,4,15,1,0.555
RS0000990,H005,2025/12/3 20:00,5,7,1,1,3,4,1,17,1,0.897
RS0000991,H001,2025/12/4 00:00,17,6,0,1,2,4,7,9,1,0.499
RS0000992,H002,2025/12/4 00:00,16,10,1,1,0,0,4,24,1,0.425
RS0000993,H003,2025/12/4 00:00,7,4,1,0,1,1,1,14,1,0.821
RS0000994,H004,2025/12/4 00:00,0,0,1,0,0,6,5,21,1,0.977
RS0000995,H005,2025/12/4 00:00,20,9,1,1,2,7,3,13,1,0.412
RS0000996,H001,2025/12/4 04:00,9,6,1,1,1,7,4,19,1,0.893
RS0000997,H002,2025/12/4 04:00,13,5,1,0,0,4,4,17,1,0.691
RS0000998,H003,2025/12/4 04:00,4,2,1,0,1,3,4,20,1,0.856
RS0000999,H004,2025/12/4 04:00,0,3,1,0,0,0,3,16,1,1
RS0001000,H005,2025/12/4 04:00,13,5,1,1,1,6,5,9,1,0.653
RS0001001,H001,2025/12/4 08:00,17,8,1,1,1,5,7,20,1,0.66
RS0001002,H002,2025/12/4 08:00,12,0,1,1,1,2,4,12,1,0.748
RS0001003,H003,2025/12/4 08:00,9,1,1,0,2,3,8,14,1,0.773
RS0001004,H004,2025/12/4 08:00,5,0,0,0,1,0,3,10,1,0.599
RS0001005,H005,2025/12/4 08:00,12,8,1,1,1,7,4,18,1,0.662
RS0001006,H001,2025/12/4 12:00,12,0,1,1,2,2,6,19,1,0.671
RS0001007,H002,2025/12/4 12:00,11,4,1,1,0,3,3,21,1,0.694
RS0001008,H003,2025/12/4 12:00,3,5,0,0,0,0,5,8,1,0.999
RS0001009,H004,2025/12/4 12:00,10,1,1,0,0,0,4,7,1,0.394
RS0001010,H005,2025/12/4 12:00,12,5,1,1,2,4,3,7,1,0.652
RS0001011,H001,2025/12/4 16:00,1,6,1,1,0,4,2,10,1,1
RS0001012,H002,2025/12/4 16:00,11,4,1,1,0,1,7,21,0,0.568
RS0001013,H003,2025/12/4 16:00,2,6,0,0,0,4,6,14,1,0.964
RS0001014,H004,2025/12/4 16:00,0,0,1,0,1,0,1,22,1,1
RS0001015,H005,2025/12/4 16:00,12,0,1,1,2,3,1,24,1,0.709
RS0001016,H001,2025/12/4 20:00,10,4,1,1,1,4,4,13,1,0.805
RS0001017,H002,2025/12/4 20:00,6,2,1,1,1,2,5,18,1,0.788
RS0001018,H003,2025/12/4 20:00,6,0,1,0,0,1,4,20,1,0.726
RS0001019,H004,2025/12/4 20:00,8,1,1,0,0,1,4,16,1,0.477
RS0001020,H005,2025/12/4 20:00,9,0,1,1,3,5,4,17,1,0.891
RS0001021,H001,2025/12/5 00:00,15,6,1,1,3,5,2,10,1,0.553
RS0001022,H002,2025/12/5 00:00,9,8,1,1,1,3,3,19,1,0.702
RS0001023,H003,2025/12/5 00:00,14,6,1,0,2,2,5,20,0,0.469
RS0001024,H004,2025/12/5 00:00,5,1,1,0,0,0,4,17,1,0.756
RS0001025,H005,2025/12/5 00:00,12,9,1,1,0,9,4,17,1,0.706
RS0001026,H001,2025/12/5 04:00,10,9,1,1,0,5,4,19,1,0.742
RS0001027,H002,2025/12/5 04:00,3,7,1,1,0,3,5,14,1,0.919
RS0001028,H003,2025/12/5 04:00,8,1,1,0,0,0,2,21,1,0.729
RS0001029,H004,2025/12/5 04:00,4,6,1,0,0,0,5,22,1,0.861
RS0001030,H005,2025/12/5 04:00,8,7,0,1,1,0,4,13,1,0.834
RS0001031,H001,2025/12/5 08:00,12,9,1,1,2,10,4,13,1,0.7
RS0001032,H002,2025/12/5 08:00,6,2,1,1,0,3,5,15,0,0.834
RS0001033,H003,2025/12/5 08:00,1,0,1,0,1,1,8,21,1,1
RS0001034,H004,2025/12/5 08:00,6,0,1,0,0,0,5,22,1,0.713
RS0001035,H005,2025/12/5 08:00,19,6,1,1,0,8,8,12,1,0.523
RS0001036,H001,2025/12/5 12:00,18,4,1,1,1,10,5,13,1,0.57
RS0001037,H002,2025/12/5 12:00,9,3,1,1,2,3,4,12,1,0.654
RS0001038,H003,2025/12/5 12:00,10,4,1,0,2,0,3,12,1,0.59
RS0001039,H004,2025/12/5 12:00,0,0,0,0,0,0,6,15,1,1
RS0001040,H005,2025/12/5 12:00,8,2,1,1,1,0,3,14,1,0.748
RS0001041,H001,2025/12/5 16:00,11,5,1,1,1,3,4,13,1,0.797
RS0001042,H002,2025/12/5 16:00,8,6,1,1,1,2,4,24,1,0.798
RS0001043,H003,2025/12/5 16:00,6,0,1,0,1,1,5,2,1,0.671
RS0001044,H004,2025/12/5 16:00,5,3,1,0,0,1,0,7,0,0.825
RS0001045,H005,2025/12/5 16:00,13,1,1,1,4,1,6,18,1,0.75
RS0001046,H001,2025/12/5 20:00,15,3,1,1,1,4,0,11,1,0.653
RS0001047,H002,2025/12/5 20:00,12,0,1,1,2,4,4,14,1,0.559
RS0001048,H003,2025/12/5 20:00,5,4,1,0,1,0,5,29,1,0.837
RS0001049,H004,2025/12/5 20:00,4,5,1,0,0,0,4,13,1,0.84
RS0001050,H005,2025/12/5 20:00,11,1,1,1,2,9,3,16,1,0.629
RS0001051,H001,2025/12/6 00:00,8,7,1,1,1,4,7,24,1,0.941
RS0001052,H002,2025/12/6 00:00,12,0,1,1,0,0,2,16,1,0.572
RS0001053,H003,2025/12/6 00:00,12,5,1,0,0,2,1,23,1,0.461
RS0001054,H004,2025/12/6 00:00,0,2,1,0,1,0,5,23,0,1
RS0001055,H005,2025/12/6 00:00,16,2,1,1,2,5,2,15,1,0.706
RS0001056,H001,2025/12/6 04:00,9,5,1,1,2,1,8,25,1,0.838
RS0001057,H002,2025/12/6 04:00,11,3,1,1,0,6,3,19,1,0.544
RS0001058,H003,2025/12/6 04:00,9,2,1,0,1,2,7,15,1,0.634
RS0001059,H004,2025/12/6 04:00,1,0,1,0,1,6,4,11,1,0.97
RS0001060,H005,2025/12/6 04:00,10,6,0,0,1,4,3,19,1,0.784
RS0001061,H001,2025/12/6 08:00,10,12,1,1,1,9,1,13,1,0.789
RS0001062,H002,2025/12/6 08:00,11,5,1,1,0,2,5,9,1,0.657
RS0001063,H003,2025/12/6 08:00,4,0,1,0,1,0,6,15,1,0.847
RS0001064,H004,2025/12/6 08:00,4,1,1,0,0,3,2,19,1,0.877
RS0001065,H005,2025/12/6 08:00,14,4,1,1,0,5,4,21,1,0.666
RS0001066,H001,2025/12/6 12:00,9,4,1,1,1,1,2,13,1,0.918
RS0001067,H002,2025/12/6 12:00,11,3,1,1,0,2,2,11,1,0.567
RS0001068,H003,2025/12/6 12:00,15,3,1,0,0,2,3,12,1,0.435
RS0001069,H004,2025/12/6 12:00,5,0,1,0,0,2,0,15,1,0.779
RS0001070,H005,2025/12/6 12:00,6,0,1,1,1,3,2,11,1,0.834
RS0001071,H001,2025/12/6 16:00,9,3,1,1,0,1,2,19,1,0.794
RS0001072,H002,2025/12/6 16:00,8,9,1,1,0,2,5,13,1,0.811
RS0001073,H003,2025/12/6 16:00,6,0,1,0,0,1,6,14,1,0.759
RS0001074,H004,2025/12/6 16:00,7,3,1,0,0,0,2,13,1,0.621
RS0001075,H005,2025/12/6 16:00,9,0,1,1,1,6,1,10,1,0.671
RS0001076,H001,2025/12/6 20:00,8,0,1,1,0,1,3,12,1,0.767
RS0001077,H002,2025/12/6 20:00,6,5,1,1,1,5,4,17,1,0.715
RS0001078,H003,2025/12/6 20:00,8,2,1,0,0,1,6,17,1,0.577
RS0001079,H004,2025/12/6 20:00,0,3,1,0,0,2,3,10,1,0.927
RS0001080,H005,2025/12/6 20:00,6,3,1,1,2,3,4,13,1,0.956
RS0001081,H001,2025/12/7 00:00,16,5,1,1,2,5,4,16,1,0.731
RS0001082,H002,2025/12/7 00:00,10,7,1,1,2,2,4,17,1,0.738
RS0001083,H003,2025/12/7 00:00,5,5,0,0,0,4,4,17,1,0.89
RS0001084,H004,2025/12/7 00:00,10,5,1,0,1,4,3,5,1,0.275
RS0001085,H005,2025/12/7 00:00,15,2,1,1,1,6,6,16,1,0.528
RS0001086,H001,2025/12/7 04:00,8,7,1,1,2,4,7,20,1,0.931
RS0001087,H002,2025/12/7 04:00,17,2,1,1,2,2,4,13,1,0.533
RS0001088,H003,2025/12/7 04:00,8,5,1,0,1,3,0,20,1,0.578
RS0001089,H004,2025/12/7 04:00,1,3,1,0,0,2,5,16,1,0.878
RS0001090,H005,2025/12/7 04:00,13,3,1,1,1,2,5,21,1,0.664
RS0001091,H001,2025/12/7 08:00,8,10,1,0,3,4,4,19,1,0.789
RS0001092,H002,2025/12/7 08:00,9,1,0,1,1,2,3,14,1,0.704
RS0001093,H003,2025/12/7 08:00,5,3,1,0,1,0,9,6,1,0.705
RS0001094,H004,2025/12/7 08:00,2,5,1,0,1,2,0,13,1,0.812
RS0001095,H005,2025/12/7 08:00,9,2,1,1,0,3,5,15,1,0.703
RS0001096,H001,2025/12/7 12:00,4,9,1,1,1,4,5,12,1,0.886
RS0001097,H002,2025/12/7 12:00,11,3,1,1,0,2,5,14,1,0.602
RS0001098,H003,2025/12/7 12:00,7,0,1,0,0,2,3,8,1,0.791
RS0001099,H004,2025/12/7 12:00,0,0,1,0,1,0,6,9,1,0.999
RS0001100,H005,2025/12/7 12:00,15,4,1,1,1,4,4,15,1,0.611
RS0001101,H001,2025/12/7 16:00,11,2,1,1,0,4,2,10,1,0.737
RS0001102,H002,2025/12/7 16:00,5,3,1,1,1,1,3,12,1,0.743
RS0001103,H003,2025/12/7 16:00,0,0,1,0,0,2,1,16,1,0.989
RS0001104,H004,2025/12/7 16:00,6,6,1,0,0,1,1,21,1,0.669
RS0001105,H005,2025/12/7 16:00,11,2,1,1,0,4,3,21,0,0.702
RS0001106,H001,2025/12/7 20:00,5,3,1,1,2,8,3,13,1,0.802
RS0001107,H002,2025/12/7 20:00,0,0,1,1,1,1,4,9,1,0.901
RS0001108,H003,2025/12/7 20:00,8,3,1,0,0,5,4,20,1,0.638
RS0001109,H004,2025/12/7 20:00,2,6,1,0,0,1,4,7,1,0.855
RS0001110,H005,2025/12/7 20:00,14,9,0,1,0,2,2,26,1,0.539
RS0001111,H001,2025/12/8 00:00,15,2,1,1,1,3,6,17,1,0.653
RS0001112,H002,2025/12/8 00:00,10,7,1,1,1,5,2,24,1,0.723
RS0001113,H003,2025/12/8 00:00,12,5,1,0,1,1,2,18,1,0.439
RS0001114,H004,2025/12/8 00:00,0,0,1,0,0,2,4,14,1,1
RS0001115,H005,2025/12/8 00:00,14,6,1,1,0,4,3,9,1,0.55
RS0001116,H001,2025/12/8 04:00,22,5,1,1,0,7,2,16,1,0.584
RS0001117,H002,2025/12/8 04:00,8,7,1,1,0,5,5,24,1,0.676
RS0001118,H003,2025/12/8 04:00,3,0,1,0,0,2,8,18,1,1
RS0001119,H004,2025/12/8 04:00,3,0,1,0,0,3,8,19,1,0.736
RS0001120,H005,2025/12/8 04:00,13,5,1,1,1,7,2,25,1,0.622
RS0001121,H001,2025/12/8 08:00,4,4,1,1,1,7,3,16,1,0.813
RS0001122,H002,2025/12/8 08:00,12,2,1,0,2,5,6,16,1,0.541
RS0001123,H003,2025/12/8 08:00,5,0,1,0,0,1,3,22,0,0.803
RS0001124,H004,2025/12/8 08:00,2,7,1,0,0,0,4,23,1,0.882
RS0001125,H005,2025/12/8 08:00,12,1,1,1,1,3,4,20,1,0.75
RS0001126,H001,2025/12/8 12:00,12,2,1,0,1,6,8,9,1,0.719
RS0001127,H002,2025/12/8 12:00,10,0,1,1,1,3,5,13,1,0.686
RS0001128,H003,2025/12/8 12:00,0,0,1,0,0,0,3,7,1,1
RS0001129,H004,2025/12/8 12:00,3,6,1,0,1,1,2,15,1,0.821
RS0001130,H005,2025/12/8 12:00,9,4,1,1,1,4,5,14,1,0.845
RS0001131,H001,2025/12/8 16:00,5,4,1,1,2,3,5,15,1,0.999
RS0001132,H002,2025/12/8 16:00,9,0,1,1,0,3,0,10,1,0.74
RS0001133,H003,2025/12/8 16:00,4,1,1,0,0,5,6,11,1,0.802
RS0001134,H004,2025/12/8 16:00,6,0,1,0,0,0,6,12,1,0.694
RS0001135,H005,2025/12/8 16:00,7,5,1,1,2,1,3,12,1,0.937
RS0001136,H001,2025/12/8 20:00,8,2,1,1,1,2,4,10,0,0.806
RS0001137,H002,2025/12/8 20:00,9,6,1,1,2,5,4,16,1,0.812
RS0001138,H003,2025/12/8 20:00,7,1,1,0,0,1,2,5,1,0.794
RS0001139,H004,2025/12/8 20:00,0,0,1,0,0,2,9,13,1,1
RS0001140,H005,2025/12/8 20:00,10,4,1,1,0,3,6,18,1,0.761
RS0001141,H001,2025/12/9 00:00,13,7,1,1,1,8,5,20,1,0.738
RS0001142,H002,2025/12/9 00:00,6,9,1,1,0,0,5,23,1,0.946
RS0001143,H003,2025/12/9 00:00,16,0,1,0,0,2,5,29,1,0.356
RS0001144,H004,2025/12/9 00:00,1,1,1,0,0,3,6,16,1,1
RS0001145,H005,2025/12/9 00:00,12,0,1,1,1,5,6,19,1,0.728
RS0001146,H001,2025/12/9 04:00,13,4,1,1,1,5,3,15,1,0.753
RS0001147,H002,2025/12/9 04:00,16,2,1,1,0,1,6,13,1,0.545
RS0001148,H003,2025/12/9 04:00,11,0,1,0,0,1,7,16,1,0.452
RS0001149,H004,2025/12/9 04:00,4,5,1,0,0,0,5,20,0,0.653
RS0001150,H005,2025/12/9 04:00,15,3,1,1,2,3,5,20,1,0.691
RS0001151,H001,2025/12/9 08:00,17,5,1,1,2,5,8,18,1,0.511
RS0001152,H002,2025/12/9 08:00,10,2,1,1,0,1,7,19,1,0.743
RS0001153,H003,2025/12/9 08:00,11,8,1,0,0,4,4,9,1,0.646
RS0001154,H004,2025/12/9 08:00,3,0,1,0,0,0,6,18,1,0.775
RS0001155,H005,2025/12/9 08:00,12,6,1,1,2,7,6,24,1,0.654
RS0001156,H001,2025/12/9 12:00,9,2,1,1,1,3,4,13,1,0.881
RS0001157,H002,2025/12/9 12:00,10,2,1,1,2,0,4,11,0,0.765
RS0001158,H003,2025/12/9 12:00,6,4,1,0,1,2,7,17,1,0.798
RS0001159,H004,2025/12/9 12:00,5,0,1,0,0,0,3,13,1,0.728
RS0001160,H005,2025/12/9 12:00,9,2,1,1,2,4,1,16,1,0.8
RS0001161,H001,2025/12/9 16:00,14,4,1,1,3,3,8,15,1,0.589
RS0001162,H002,2025/12/9 16:00,2,3,1,1,0,1,4,11,1,1
RS0001163,H003,2025/12/9 16:00,4,8,1,0,0,2,2,11,0,0.848
RS0001164,H004,2025/12/9 16:00,5,3,1,0,1,1,4,13,1,0.694
RS0001165,H005,2025/12/9 16:00,16,5,1,1,2,2,2,18,1,0.716
RS0001166,H001,2025/12/9 20:00,16,6,1,1,1,5,4,10,1,0.618
RS0001167,H002,2025/12/9 20:00,10,3,1,1,1,5,6,11,1,0.661
RS0001168,H003,2025/12/9 20:00,0,0,1,0,1,1,4,9,1,1
RS0001169,H004,2025/12/9 20:00,0,5,1,0,0,3,5,21,1,0.912
RS0001170,H005,2025/12/9 20:00,6,6,1,1,0,2,1,11,1,0.909
RS0001171,H001,2025/12/10 00:00,13,9,1,1,2,6,6,21,1,0.783
RS0001172,H002,2025/12/10 00:00,12,3,1,1,0,6,6,20,1,0.589
RS0001173,H003,2025/12/10 00:00,10,1,1,0,0,0,3,19,1,0.584
RS0001174,H004,2025/12/10 00:00,9,0,1,0,1,0,6,11,1,0.482
RS0001175,H005,2025/12/10 00:00,13,0,1,1,2,5,4,19,0,0.7
RS0001176,H001,2025/12/10 04:00,10,8,0,1,2,8,5,11,1,0.897
RS0001177,H002,2025/12/10 04:00,8,9,1,1,0,3,3,16,1,0.763
RS0001178,H003,2025/12/10 04:00,5,5,1,0,0,0,7,17,1,0.868
RS0001179,H004,2025/12/10 04:00,7,5,1,0,0,2,6,17,1,0.632
RS0001180,H005,2025/12/10 04:00,15,3,1,1,1,8,3,16,1,0.548
RS0001181,H001,2025/12/10 08:00,9,5,0,1,1,6,4,15,1,0.814
RS0001182,H002,2025/12/10 08:00,9,8,1,1,2,3,6,24,1,0.735
RS0001183,H003,2025/12/10 08:00,10,4,1,0,1,2,5,19,1,0.572
RS0001184,H004,2025/12/10 08:00,10,4,1,0,0,2,5,19,1,0.46
RS0001185,H005,2025/12/10 08:00,21,8,1,1,2,3,5,17,1,0.569
RS0001186,H001,2025/12/10 12:00,11,2,1,1,3,4,3,18,1,0.816
RS0001187,H002,2025/12/10 12:00,13,1,1,1,0,1,5,10,1,0.582
RS0001188,H003,2025/12/10 12:00,9,1,1,0,0,5,3,13,1,0.601
RS0001189,H004,2025/12/10 12:00,3,2,1,0,0,0,4,21,1,0.76
RS0001190,H005,2025/12/10 12:00,7,8,1,1,2,7,3,10,1,0.755
RS0001191,H001,2025/12/10 16:00,8,0,1,1,0,5,1,13,1,0.854
RS0001192,H002,2025/12/10 16:00,10,3,1,1,0,6,4,15,1,0.676
RS0001193,H003,2025/12/10 16:00,3,0,1,0,0,0,5,18,1,0.924
RS0001194,H004,2025/12/10 16:00,1,0,1,0,0,1,6,16,1,1
RS0001195,H005,2025/12/10 16:00,11,6,1,1,1,4,3,12,1,0.745
RS0001196,H001,2025/12/10 20:00,7,10,1,1,0,7,4,14,1,0.892
RS0001197,H002,2025/12/10 20:00,11,5,1,1,1,2,4,17,1,0.681
RS0001198,H003,2025/12/10 20:00,5,5,1,0,0,1,4,7,1,0.705
RS0001199,H004,2025/12/10 20:00,1,0,1,0,0,0,4,24,1,0.883
RS0001200,H005,2025/12/10 20:00,14,5,1,1,1,0,4,17,1,0.534
RS0001201,H001,2025/12/11 00:00,15,1,1,1,2,4,6,17,1,0.718
RS0001202,H002,2025/12/11 00:00,10,1,1,1,1,3,5,12,1,0.762
RS0001203,H003,2025/12/11 00:00,9,6,1,0,0,3,1,17,1,0.544
RS0001204,H004,2025/12/11 00:00,0,6,1,0,0,3,2,22,1,1
RS0001205,H005,2025/12/11 00:00,10,5,1,1,1,5,2,27,1,0.686
RS0001206,H001,2025/12/11 04:00,15,8,1,0,2,7,4,14,0,0.788
RS0001207,H002,2025/12/11 04:00,7,4,1,1,1,4,2,17,1,0.813
RS0001208,H003,2025/12/11 04:00,8,4,1,0,0,0,2,16,1,0.574
RS0001209,H004,2025/12/11 04:00,9,0,0,0,0,5,2,14,1,0.466
RS0001210,H005,2025/12/11 04:00,15,7,1,0,1,7,6,26,1,0.549
RS0001211,H001,2025/12/11 08:00,17,0,1,1,0,4,2,23,0,0.559
RS0001212,H002,2025/12/11 08:00,4,4,1,1,0,7,2,10,1,0.917
RS0001213,H003,2025/12/11 08:00,9,0,1,0,0,3,4,15,1,0.593
RS0001214,H004,2025/12/11 08:00,3,3,1,0,0,0,3,16,1,0.821
RS0001215,H005,2025/12/11 08:00,14,5,1,1,0,2,6,23,1,0.623
RS0001216,H001,2025/12/11 12:00,9,5,1,1,2,1,6,6,1,0.9
RS0001217,H002,2025/12/11 12:00,8,2,1,1,0,3,2,9,1,0.85
RS0001218,H003,2025/12/11 12:00,9,0,1,0,0,1,3,20,1,0.711
RS0001219,H004,2025/12/11 12:00,5,1,1,0,0,0,4,13,1,0.626
RS0001220,H005,2025/12/11 12:00,10,0,1,1,1,3,5,13,1,0.808
RS0001221,H001,2025/12/11 16:00,12,9,1,1,0,6,3,16,1,0.748
RS0001222,H002,2025/12/11 16:00,10,4,1,0,0,9,1,9,1,0.614
RS0001223,H003,2025/12/11 16:00,6,0,1,0,2,4,6,23,1,0.828
RS0001224,H004,2025/12/11 16:00,7,0,1,0,0,0,5,8,1,0.682
RS0001225,H005,2025/12/11 16:00,14,6,1,1,0,2,3,13,1,0.724
RS0001226,H001,2025/12/11 20:00,8,6,1,1,1,5,3,9,1,0.789
RS0001227,H002,2025/12/11 20:00,11,3,1,1,0,7,5,12,1,0.755
RS0001228,H003,2025/12/11 20:00,0,7,1,0,0,4,2,10,1,0.928
RS0001229,H004,2025/12/11 20:00,3,0,1,0,0,0,2,18,1,0.903
RS0001230,H005,2025/12/11 20:00,6,7,1,1,3,1,3,18,1,0.835
RS0001231,H001,2025/12/12 00:00,12,2,1,1,1,10,3,11,1,0.789
RS0001232,H002,2025/12/12 00:00,5,5,1,0,1,3,4,22,1,0.909
RS0001233,H003,2025/12/12 00:00,6,0,1,0,0,7,4,15,1,0.685
RS0001234,H004,2025/12/12 00:00,6,2,1,0,1,2,2,18,1,0.572
RS0001235,H005,2025/12/12 00:00,9,15,1,1,2,6,6,16,1,0.788
RS0001236,H001,2025/12/12 04:00,10,7,1,1,2,4,4,17,1,0.887
RS0001237,H002,2025/12/12 04:00,15,3,1,1,0,4,5,12,1,0.638
RS0001238,H003,2025/12/12 04:00,9,0,1,0,1,3,3,17,1,0.631
RS0001239,H004,2025/12/12 04:00,0,0,1,0,0,3,2,25,1,1
RS0001240,H005,2025/12/12 04:00,15,8,1,1,0,1,1,16,1,0.6
RS0001241,H001,2025/12/12 08:00,20,11,1,1,0,6,5,21,1,0.647
RS0001242,H002,2025/12/12 08:00,5,5,1,1,0,2,7,33,1,0.833
RS0001243,H003,2025/12/12 08:00,7,2,1,0,1,7,4,26,1,0.848
RS0001244,H004,2025/12/12 08:00,4,0,1,0,1,4,2,13,1,0.763
RS0001245,H005,2025/12/12 08:00,14,2,1,1,1,5,6,19,1,0.597
RS0001246,H001,2025/12/12 12:00,11,1,1,1,1,2,5,16,1,0.698
RS0001247,H002,2025/12/12 12:00,8,0,1,1,2,2,3,12,1,0.815
RS0001248,H003,2025/12/12 12:00,6,0,1,0,0,3,3,7,1,0.779
RS0001249,H004,2025/12/12 12:00,7,0,1,0,0,1,1,19,1,0.581
RS0001250,H005,2025/12/12 12:00,8,3,1,1,1,4,0,17,1,0.817
RS0001251,H001,2025/12/12 16:00,12,13,1,0,1,2,5,13,1,0.864
RS0001252,H002,2025/12/12 16:00,2,3,1,1,0,1,7,15,1,0.952
RS0001253,H003,2025/12/12 16:00,6,0,1,0,0,1,4,16,1,0.773
RS0001254,H004,2025/12/12 16:00,0,0,1,0,0,0,3,17,1,1
RS0001255,H005,2025/12/12 16:00,14,3,1,1,2,2,5,26,1,0.708
RS0001256,H001,2025/12/12 20:00,12,5,0,1,2,6,3,23,1,0.737
RS0001257,H002,2025/12/12 20:00,3,6,1,1,1,4,6,7,1,0.927
RS0001258,H003,2025/12/12 20:00,3,2,0,0,0,1,0,9,1,0.899
RS0001259,H004,2025/12/12 20:00,5,2,1,0,0,1,3,15,1,0.627
RS0001260,H005,2025/12/12 20:00,12,2,1,1,1,1,1,8,1,0.727
RS0001261,H001,2025/12/13 00:00,9,8,1,1,0,8,2,17,1,0.847
RS0001262,H002,2025/12/13 00:00,10,2,1,1,0,1,6,17,1,0.584
RS0001263,H003,2025/12/13 00:00,11,2,1,0,1,3,2,18,1,0.678
RS0001264,H004,2025/12/13 00:00,8,0,1,0,0,0,3,10,1,0.569
RS0001265,H005,2025/12/13 00:00,9,3,1,1,0,6,6,16,1,0.756
RS0001266,H001,2025/12/13 04:00,11,1,1,0,0,6,6,6,1,0.641
RS0001267,H002,2025/12/13 04:00,5,0,1,1,0,5,5,8,1,0.804
RS0001268,H003,2025/12/13 04:00,10,2,1,0,0,8,3,13,1,0.63
RS0001269,H004,2025/12/13 04:00,10,6,1,0,1,2,3,12,1,0.517
RS0001270,H005,2025/12/13 04:00,15,4,1,1,3,5,2,15,1,0.542
RS0001271,H001,2025/12/13 08:00,9,5,1,1,2,7,0,17,1,0.847
RS0001272,H002,2025/12/13 08:00,2,7,1,1,0,1,4,19,1,0.879
RS0001273,H003,2025/12/13 08:00,7,5,1,0,1,0,2,23,1,0.662
RS0001274,H004,2025/12/13 08:00,0,2,1,0,1,0,3,15,1,0.906
RS0001275,H005,2025/12/13 08:00,6,5,1,1,3,4,5,19,1,0.912
RS0001276,H001,2025/12/13 12:00,10,7,1,1,0,0,4,9,1,0.797
RS0001277,H002,2025/12/13 12:00,10,5,1,1,0,4,3,12,1,0.67
RS0001278,H003,2025/12/13 12:00,9,1,1,0,0,2,4,10,1,0.666
RS0001279,H004,2025/12/13 12:00,0,2,1,0,0,0,6,13,1,1
RS0001280,H005,2025/12/13 12:00,11,2,1,1,0,6,2,20,1,0.626
RS0001281,H001,2025/12/13 16:00,12,1,1,1,1,5,4,6,1,0.858
RS0001282,H002,2025/12/13 16:00,13,0,1,1,0,1,2,20,1,0.591
RS0001283,H003,2025/12/13 16:00,9,0,0,0,0,1,1,3,1,0.719
RS0001284,H004,2025/12/13 16:00,6,0,1,0,1,1,0,10,1,0.559
RS0001285,H005,2025/12/13 16:00,12,0,1,1,1,4,0,7,1,0.692
RS0001286,H001,2025/12/13 20:00,14,5,1,1,2,2,5,20,1,0.571
RS0001287,H002,2025/12/13 20:00,9,2,1,1,0,2,3,23,1,0.716
RS0001288,H003,2025/12/13 20:00,4,2,1,0,1,2,5,9,1,0.854
RS0001289,H004,2025/12/13 20:00,3,0,1,0,0,0,3,9,1,0.757
RS0001290,H005,2025/12/13 20:00,12,5,1,1,0,3,7,15,1,0.681
RS0001291,H001,2025/12/14 00:00,12,10,1,1,1,3,3,9,1,0.751
RS0001292,H002,2025/12/14 00:00,11,1,1,1,0,3,0,18,1,0.709
RS0001293,H003,2025/12/14 00:00,8,8,1,0,0,2,4,0,1,0.632
RS0001294,H004,2025/12/14 00:00,7,0,1,0,0,0,5,17,1,0.71
RS0001295,H005,2025/12/14 00:00,10,3,1,1,1,6,7,16,1,0.669
RS0001296,H001,2025/12/14 04:00,14,0,1,1,1,4,3,21,1,0.574
RS0001297,H002,2025/12/14 04:00,7,8,1,0,0,0,1,14,1,0.832
RS0001298,H003,2025/12/14 04:00,7,1,1,0,1,3,3,22,1,0.643
RS0001299,H004,2025/12/14 04:00,2,1,1,0,0,1,2,10,1,0.906
RS0001300,H005,2025/12/14 04:00,23,2,1,1,0,0,1,22,1,0.531
RS0001301,H001,2025/12/14 08:00,11,2,1,0,1,4,3,22,1,0.776
RS0001302,H002,2025/12/14 08:00,9,11,1,1,0,2,1,14,1,0.845
RS0001303,H003,2025/12/14 08:00,6,0,1,0,2,1,5,24,1,0.796
RS0001304,H004,2025/12/14 08:00,5,0,1,0,0,1,4,14,1,0.746
RS0001305,H005,2025/12/14 08:00,9,5,1,1,0,6,6,11,1,0.794
RS0001306,H001,2025/12/14 12:00,16,4,1,1,1,3,3,11,1,0.669
RS0001307,H002,2025/12/14 12:00,9,5,1,1,0,0,4,16,1,0.656
RS0001308,H003,2025/12/14 12:00,3,3,1,0,0,1,3,8,1,0.989
RS0001309,H004,2025/12/14 12:00,3,0,1,0,0,1,1,15,1,0.771
RS0001310,H005,2025/12/14 12:00,8,2,1,1,1,6,5,21,1,0.907
RS0001311,H001,2025/12/14 16:00,10,1,1,1,0,3,2,12,1,0.665
RS0001312,H002,2025/12/14 16:00,10,4,1,1,1,2,3,9,1,0.677
RS0001313,H003,2025/12/14 16:00,13,0,1,0,1,1,2,19,1,0.511
RS0001314,H004,2025/12/14 16:00,6,0,1,0,1,0,0,16,1,0.567
RS0001315,H005,2025/12/14 16:00,10,4,1,1,1,2,0,13,1,0.887
RS0001316,H001,2025/12/14 20:00,16,4,1,1,0,6,4,12,1,0.707
RS0001317,H002,2025/12/14 20:00,0,5,1,1,2,3,4,11,1,1
RS0001318,H003,2025/12/14 20:00,8,0,1,0,0,0,4,16,1,0.787
RS0001319,H004,2025/12/14 20:00,9,0,0,0,0,3,2,9,1,0.477
RS0001320,H005,2025/12/14 20:00,12,5,1,1,0,2,5,12,1,0.719
RS0001321,H001,2025/12/15 00:00,8,6,1,1,1,4,3,22,1,0.925
RS0001322,H002,2025/12/15 00:00,7,1,1,1,0,0,6,16,1,0.725
RS0001323,H003,2025/12/15 00:00,5,4,1,0,0,0,7,15,1,0.851
RS0001324,H004,2025/12/15 00:00,0,0,1,0,1,4,5,19,1,0.937
RS0001325,H005,2025/12/15 00:00,7,2,1,1,0,4,7,17,1,0.869
RS0001326,H001,2025/12/15 04:00,17,5,1,1,1,9,10,16,1,0.552
RS0001327,H002,2025/12/15 04:00,19,1,1,1,1,3,5,18,1,0.388
RS0001328,H003,2025/12/15 04:00,9,1,1,0,0,5,5,25,1,0.663
RS0001329,H004,2025/12/15 04:00,8,3,1,0,0,0,5,17,1,0.448
RS0001330,H005,2025/12/15 04:00,8,0,1,1,0,5,5,25,1,0.79
RS0001331,H001,2025/12/15 08:00,18,3,1,1,0,7,5,20,1,0.661
RS0001332,H002,2025/12/15 08:00,5,2,1,1,0,2,1,16,1,0.77
RS0001333,H003,2025/12/15 08:00,13,4,1,0,0,1,4,15,1,0.45
RS0001334,H004,2025/12/15 08:00,1,4,1,0,0,1,3,12,1,0.89
RS0001335,H005,2025/12/15 08:00,19,5,1,1,0,5,2,13,1,0.55
RS0001336,H001,2025/12/15 12:00,17,2,1,1,2,4,1,9,0,0.666
RS0001337,H002,2025/12/15 12:00,3,0,1,1,0,1,3,14,1,0.949
RS0001338,H003,2025/12/15 12:00,6,0,1,0,1,0,2,18,1,0.754
RS0001339,H004,2025/12/15 12:00,0,0,1,0,0,1,5,9,1,1
RS0001340,H005,2025/12/15 12:00,16,0,1,1,0,3,8,9,1,0.532
RS0001341,H001,2025/12/15 16:00,9,3,1,1,0,6,4,13,1,0.787
RS0001342,H002,2025/12/15 16:00,13,0,1,1,0,1,1,17,0,0.566
RS0001343,H003,2025/12/15 16:00,5,1,1,0,0,2,5,9,1,0.806
RS0001344,H004,2025/12/15 16:00,5,2,1,0,0,1,2,12,1,0.615
RS0001345,H005,2025/12/15 16:00,14,5,1,1,1,2,3,9,0,0.614
RS0001346,H001,2025/12/15 20:00,16,0,1,1,0,6,5,14,1,0.563
RS0001347,H002,2025/12/15 20:00,4,5,1,1,2,5,7,14,1,0.924
RS0001348,H003,2025/12/15 20:00,10,0,1,0,0,2,3,14,1,0.706
RS0001349,H004,2025/12/15 20:00,4,5,1,0,0,3,3,11,1,0.704
RS0001350,H005,2025/12/15 20:00,5,2,1,1,1,3,4,13,1,0.913
RS0001351,H001,2025/12/16 00:00,16,9,0,1,2,8,5,7,1,0.683
RS0001352,H002,2025/12/16 00:00,6,1,1,1,2,0,4,23,1,0.836
RS0001353,H003,2025/12/16 00:00,4,0,1,0,0,2,6,21,1,0.865
RS0001354,H004,2025/12/16 00:00,1,5,1,0,0,0,4,25,1,0.927
RS0001355,H005,2025/12/16 00:00,15,8,1,1,2,1,3,20,1,0.632
RS0001356,H001,2025/12/16 04:00,6,9,1,1,2,5,5,20,1,0.914
RS0001357,H002,2025/12/16 04:00,13,2,1,1,0,2,4,11,1,0.615
RS0001358,H003,2025/12/16 04:00,4,0,1,0,2,2,7,25,1,0.809
RS0001359,H004,2025/12/16 04:00,0,3,0,0,1,6,4,24,1,1
RS0001360,H005,2025/12/16 04:00,18,1,1,1,0,5,2,21,1,0.525
RS0001361,H001,2025/12/16 08:00,8,8,1,1,0,9,5,14,1,0.777
RS0001362,H002,2025/12/16 08:00,7,2,0,1,0,3,6,17,1,0.888
RS0001363,H003,2025/12/16 08:00,6,2,1,0,0,5,4,22,1,0.805
RS0001364,H004,2025/12/16 08:00,0,2,1,0,1,2,3,21,1,1
RS0001365,H005,2025/12/16 08:00,13,4,1,1,2,6,5,20,1,0.576
RS0001366,H001,2025/12/16 12:00,14,8,1,1,1,4,0,14,1,0.591
RS0001367,H002,2025/12/16 12:00,6,0,1,1,1,4,6,10,0,0.868
RS0001368,H003,2025/12/16 12:00,4,2,1,0,1,3,2,10,1,0.743
RS0001369,H004,2025/12/16 12:00,3,1,1,0,0,2,3,17,1,0.761
RS0001370,H005,2025/12/16 12:00,6,3,1,1,2,6,5,5,1,0.94
RS0001371,H001,2025/12/16 16:00,11,2,1,1,1,5,1,19,1,0.745
RS0001372,H002,2025/12/16 16:00,5,5,1,1,0,5,2,13,1,0.837
RS0001373,H003,2025/12/16 16:00,7,2,1,0,0,0,3,19,1,0.626
RS0001374,H004,2025/12/16 16:00,0,0,1,0,0,3,3,13,1,0.989
RS0001375,H005,2025/12/16 16:00,9,1,1,1,0,3,5,11,1,0.712
RS0001376,H001,2025/12/16 20:00,9,4,1,1,1,6,6,13,0,0.736
RS0001377,H002,2025/12/16 20:00,6,2,1,1,0,3,4,14,1,0.931
RS0001378,H003,2025/12/16 20:00,4,0,1,0,0,6,0,9,1,0.981
RS0001379,H004,2025/12/16 20:00,6,3,0,0,0,1,3,23,1,0.697
RS0001380,H005,2025/12/16 20:00,13,1,1,0,1,2,2,17,1,0.6
RS0001381,H001,2025/12/17 00:00,11,3,1,0,1,4,5,18,1,0.856
RS0001382,H002,2025/12/17 00:00,7,1,1,1,1,5,5,17,1,0.86
RS0001383,H003,2025/12/17 00:00,3,0,1,0,1,4,6,21,1,0.799
RS0001384,H004,2025/12/17 00:00,5,1,1,0,0,2,4,14,1,0.791
RS0001385,H005,2025/12/17 00:00,12,4,1,1,0,4,6,22,1,0.645
RS0001386,H001,2025/12/17 04:00,11,8,1,1,2,6,3,17,1,0.858
RS0001387,H002,2025/12/17 04:00,10,3,1,1,1,4,7,17,0,0.674
RS0001388,H003,2025/12/17 04:00,12,1,1,0,1,3,4,19,1,0.491
RS0001389,H004,2025/12/17 04:00,5,6,1,0,1,2,7,21,1,0.733
RS0001390,H005,2025/12/17 04:00,10,5,1,1,1,3,5,24,1,0.826
RS0001391,H001,2025/12/17 08:00,15,8,1,1,0,5,7,17,1,0.694
RS0001392,H002,2025/12/17 08:00,12,4,1,1,0,6,5,22,1,0.7
RS0001393,H003,2025/12/17 08:00,4,2,1,0,0,0,3,12,0,0.854
RS0001394,H004,2025/12/17 08:00,8,1,0,0,0,2,5,10,1,0.624
RS0001395,H005,2025/12/17 08:00,7,3,1,1,2,3,6,13,0,0.893
RS0001396,H001,2025/12/17 12:00,10,7,0,1,0,5,2,13,1,0.878
RS0001397,H002,2025/12/17 12:00,0,4,1,1,0,4,6,15,1,1
RS0001398,H003,2025/12/17 12:00,1,0,1,0,0,2,5,23,1,0.986
RS0001399,H004,2025/12/17 12:00,10,4,1,0,0,1,5,2,1,0.448
RS0001400,H005,2025/12/17 12:00,9,4,1,1,1,6,1,13,1,0.842
RS0001401,H001,2025/12/17 16:00,10,10,1,1,1,9,3,23,1,0.894
RS0001402,H002,2025/12/17 16:00,5,4,1,1,0,4,4,16,1,0.899
RS0001403,H003,2025/12/17 16:00,0,7,1,0,2,0,6,9,1,1
RS0001404,H004,2025/12/17 16:00,5,1,0,0,0,2,0,17,1,0.738
RS0001405,H005,2025/12/17 16:00,11,4,1,1,0,4,2,8,1,0.731
RS0001406,H001,2025/12/17 20:00,0,7,1,1,1,3,3,15,1,1
RS0001407,H002,2025/12/17 20:00,16,5,1,1,0,0,0,16,1,0.601
RS0001408,H003,2025/12/17 20:00,0,3,1,0,1,2,3,13,1,1
RS0001409,H004,2025/12/17 20:00,0,0,1,0,0,0,4,11,1,0.94
RS0001410,H005,2025/12/17 20:00,14,0,1,0,1,4,3,18,1,0.688
RS0001411,H001,2025/12/18 00:00,12,6,1,1,2,5,4,23,0,0.752
RS0001412,H002,2025/12/18 00:00,12,2,1,1,1,0,5,20,1,0.747
RS0001413,H003,2025/12/18 00:00,7,3,1,0,1,1,4,19,1,0.73
RS0001414,H004,2025/12/18 00:00,11,2,1,0,1,2,6,16,1,0.217
RS0001415,H005,2025/12/18 00:00,12,4,1,0,2,9,2,17,1,0.784
RS0001416,H001,2025/12/18 04:00,22,5,1,1,1,8,1,12,1,0.541
RS0001417,H002,2025/12/18 04:00,14,3,1,1,0,7,3,18,1,0.464
RS0001418,H003,2025/12/18 04:00,8,2,1,0,0,0,4,19,1,0.582
RS0001419,H004,2025/12/18 04:00,8,1,1,0,1,2,3,17,1,0.452
RS0001420,H005,2025/12/18 04:00,10,4,1,1,2,3,3,12,1,0.692
RS0001421,H001,2025/12/18 08:00,13,6,1,1,1,4,5,24,1,0.749
RS0001422,H002,2025/12/18 08:00,9,7,1,1,0,0,4,23,1,0.826
RS0001423,H003,2025/12/18 08:00,11,5,1,0,0,1,3,17,1,0.639
RS0001424,H004,2025/12/18 08:00,4,4,1,0,0,0,8,22,1,0.887
RS0001425,H005,2025/12/18 08:00,12,6,1,1,2,4,6,22,1,0.663
RS0001426,H001,2025/12/18 12:00,9,1,1,1,0,5,4,10,1,0.772
RS0001427,H002,2025/12/18 12:00,16,1,1,1,0,1,5,15,1,0.605
RS0001428,H003,2025/12/18 12:00,5,4,1,0,2,6,4,15,1,0.773
RS0001429,H004,2025/12/18 12:00,0,0,1,0,1,2,7,12,1,1
RS0001430,H005,2025/12/18 12:00,10,6,1,1,0,7,0,19,1,0.783
RS0001431,H001,2025/12/18 16:00,9,3,1,1,0,4,4,11,1,0.911
RS0001432,H002,2025/12/18 16:00,3,3,1,1,2,1,6,18,1,0.913
RS0001433,H003,2025/12/18 16:00,0,0,1,0,1,1,5,5,1,1
RS0001434,H004,2025/12/18 16:00,0,0,1,0,1,2,3,5,1,0.944
RS0001435,H005,2025/12/18 16:00,7,9,1,1,2,1,4,17,1,0.727
RS0001436,H001,2025/12/18 20:00,12,1,1,1,1,8,0,9,1,0.67
RS0001437,H002,2025/12/18 20:00,15,0,1,1,1,3,1,12,1,0.57
RS0001438,H003,2025/12/18 20:00,3,0,1,0,0,1,8,8,1,0.877
RS0001439,H004,2025/12/18 20:00,9,3,1,0,0,4,1,14,1,0.473
RS0001440,H005,2025/12/18 20:00,13,4,1,1,1,4,2,18,1,0.672
RS0001441,H001,2025/12/19 00:00,10,8,1,1,1,7,3,15,1,0.83
RS0001442,H002,2025/12/19 00:00,7,5,1,1,0,4,4,25,1,0.783
RS0001443,H003,2025/12/19 00:00,9,4,1,0,0,0,6,16,1,0.563
RS0001444,H004,2025/12/19 00:00,4,2,1,0,0,0,2,20,1,0.832
RS0001445,H005,2025/12/19 00:00,19,9,1,1,1,5,4,19,1,0.484
RS0001446,H001,2025/12/19 04:00,5,5,1,1,0,3,4,21,1,0.941
RS0001447,H002,2025/12/19 04:00,7,2,1,1,2,4,1,19,1,0.773
RS0001448,H003,2025/12/19 04:00,0,5,1,0,1,0,5,23,1,1
RS0001449,H004,2025/12/19 04:00,2,2,1,0,0,2,5,21,1,0.871
RS0001450,H005,2025/12/19 04:00,7,4,1,1,0,7,2,15,1,0.827
RS0001451,H001,2025/12/19 08:00,10,10,1,1,0,4,3,18,1,0.688
RS0001452,H002,2025/12/19 08:00,11,6,1,1,2,2,7,17,1,0.555
RS0001453,H003,2025/12/19 08:00,11,2,1,0,2,0,5,23,1,0.51
RS0001454,H004,2025/12/19 08:00,5,0,1,0,0,1,6,17,1,0.738
RS0001455,H005,2025/12/19 08:00,13,3,1,0,1,6,5,16,1,0.782
RS0001456,H001,2025/12/19 12:00,10,0,1,1,1,3,5,18,1,0.789
RS0001457,H002,2025/12/19 12:00,7,2,1,1,1,6,6,14,0,0.764
RS0001458,H003,2025/12/19 12:00,5,4,1,0,0,2,4,17,1,0.788
RS0001459,H004,2025/12/19 12:00,7,1,1,0,0,1,0,11,1,0.563
RS0001460,H005,2025/12/19 12:00,15,6,1,1,2,0,3,7,1,0.512
RS0001461,H001,2025/12/19 16:00,11,9,0,1,1,1,3,10,1,0.835
RS0001462,H002,2025/12/19 16:00,5,0,1,1,2,3,5,2,1,0.879
RS0001463,H003,2025/12/19 16:00,3,1,1,0,1,0,7,13,1,0.906
RS0001464,H004,2025/12/19 16:00,0,1,1,0,0,3,1,12,1,0.927
RS0001465,H005,2025/12/19 16:00,10,3,1,1,1,2,4,4,1,0.771
RS0001466,H001,2025/12/19 20:00,13,4,1,1,0,1,4,10,1,0.699
RS0001467,H002,2025/12/19 20:00,15,0,1,1,1,6,7,6,1,0.529
RS0001468,H003,2025/12/19 20:00,5,9,1,0,1,2,2,12,1,0.886
RS0001469,H004,2025/12/19 20:00,4,0,1,0,1,5,2,23,1,0.702
RS0001470,H005,2025/12/19 20:00,1,6,1,1,2,2,7,15,1,0.937
RS0001471,H001,2025/12/20 00:00,13,10,1,1,1,4,4,15,1,0.713
RS0001472,H002,2025/12/20 00:00,10,7,1,1,2,2,3,15,1,0.592
RS0001473,H003,2025/12/20 00:00,7,6,1,0,0,2,4,11,1,0.718
RS0001474,H004,2025/12/20 00:00,8,1,1,0,0,0,5,11,1,0.516
RS0001475,H005,2025/12/20 00:00,9,6,1,1,3,4,2,18,1,0.809
RS0001476,H001,2025/12/20 04:00,12,9,1,1,0,7,6,15,1,0.683
RS0001477,H002,2025/12/20 04:00,12,8,1,1,0,1,0,8,1,0.696
RS0001478,H003,2025/12/20 04:00,2,0,1,0,0,2,3,20,1,1
RS0001479,H004,2025/12/20 04:00,8,0,0,0,0,1,1,9,1,0.429
RS0001480,H005,2025/12/20 04:00,4,4,1,1,1,1,5,10,1,1
RS0001481,H001,2025/12/20 08:00,5,2,1,1,1,7,5,14,1,0.873
RS0001482,H002,2025/12/20 08:00,12,0,1,1,0,1,5,14,1,0.715
RS0001483,H003,2025/12/20 08:00,7,0,1,0,0,4,6,17,1,0.61
RS0001484,H004,2025/12/20 08:00,8,1,1,0,1,0,3,15,1,0.635
RS0001485,H005,2025/12/20 08:00,10,6,1,1,2,4,7,23,1,0.669
RS0001486,H001,2025/12/20 12:00,9,4,1,1,2,5,2,19,1,0.892
RS0001487,H002,2025/12/20 12:00,0,1,1,1,0,0,0,13,1,0.992
RS0001488,H003,2025/12/20 12:00,5,0,1,0,0,0,2,8,1,0.919
RS0001489,H004,2025/12/20 12:00,0,0,1,0,0,0,6,9,1,1
RS0001490,H005,2025/12/20 12:00,6,3,0,1,1,0,0,8,1,0.782
RS0001491,H001,2025/12/20 16:00,9,3,1,1,2,7,4,13,1,0.873
RS0001492,H002,2025/12/20 16:00,5,1,1,1,0,0,2,8,0,0.971
RS0001493,H003,2025/12/20 16:00,11,5,1,0,1,4,2,10,1,0.526
RS0001494,H004,2025/12/20 16:00,11,3,1,0,0,0,0,17,1,0.241
RS0001495,H005,2025/12/20 16:00,11,2,1,1,0,1,2,7,0,0.678
RS0001496,H001,2025/12/20 20:00,15,6,1,1,0,6,4,7,1,0.624
RS0001497,H002,2025/12/20 20:00,8,8,1,1,0,0,2,17,1,0.64
RS0001498,H003,2025/12/20 20:00,2,1,1,0,1,7,3,14,1,1
RS0001499,H004,2025/12/20 20:00,3,0,1,0,0,0,0,14,1,0.831
RS0001500,H005,2025/12/20 20:00,9,2,1,1,1,4,3,15,1,0.719
RS0001501,H001,2025/12/21 00:00,13,3,1,1,3,4,3,13,1,0.813
RS0001502,H002,2025/12/21 00:00,4,2,1,1,0,6,2,12,1,0.992
RS0001503,H003,2025/12/21 00:00,10,0,1,0,1,3,7,17,1,0.689
RS0001504,H004,2025/12/21 00:00,0,0,1,0,0,2,3,14,1,1
RS0001505,H005,2025/12/21 00:00,20,6,1,1,2,6,4,17,1,0.435
RS0001506,H001,2025/12/21 04:00,13,3,1,1,2,8,2,13,1,0.692
RS0001507,H002,2025/12/21 04:00,12,0,1,1,0,7,4,10,1,0.667
RS0001508,H003,2025/12/21 04:00,8,0,1,0,1,2,6,12,1,0.75
RS0001509,H004,2025/12/21 04:00,6,1,1,0,0,3,4,9,1,0.771
RS0001510,H005,2025/12/21 04:00,4,2,1,0,0,3,4,18,1,0.899
RS0001511,H001,2025/12/21 08:00,6,5,1,1,1,1,5,21,1,0.985
RS0001512,H002,2025/12/21 08:00,6,1,1,1,1,2,4,12,1,0.788
RS0001513,H003,2025/12/21 08:00,9,1,1,0,2,3,5,10,1,0.694
RS0001514,H004,2025/12/21 08:00,0,1,1,0,0,3,6,16,1,1
RS0001515,H005,2025/12/21 08:00,7,3,1,1,2,5,4,16,1,0.942
RS0001516,H001,2025/12/21 12:00,16,2,1,1,1,4,4,7,1,0.578
RS0001517,H002,2025/12/21 12:00,9,2,1,1,0,0,1,9,1,0.605
RS0001518,H003,2025/12/21 12:00,11,4,1,0,0,2,1,19,1,0.65
RS0001519,H004,2025/12/21 12:00,11,3,1,0,1,1,2,13,1,0.256
RS0001520,H005,2025/12/21 12:00,10,3,1,1,0,5,1,7,1,0.721
RS0001521,H001,2025/12/21 16:00,13,6,1,1,0,2,2,10,1,0.7
RS0001522,H002,2025/12/21 16:00,6,0,1,1,1,0,3,25,1,0.744
RS0001523,H003,2025/12/21 16:00,2,0,1,0,0,0,1,13,1,0.911
RS0001524,H004,2025/12/21 16:00,0,0,1,0,0,1,3,9,1,1
RS0001525,H005,2025/12/21 16:00,6,7,1,1,1,2,3,19,1,0.919
RS0001526,H001,2025/12/21 20:00,12,9,1,1,1,2,3,12,1,0.849
RS0001527,H002,2025/12/21 20:00,5,0,1,1,0,0,5,12,0,0.819
RS0001528,H003,2025/12/21 20:00,9,1,1,0,0,0,1,19,1,0.667
RS0001529,H004,2025/12/21 20:00,4,7,1,0,0,1,5,9,1,0.718
RS0001530,H005,2025/12/21 20:00,10,5,1,1,0,2,3,22,1,0.724
RS0001531,H001,2025/12/22 00:00,16,5,1,1,1,8,3,19,1,0.527
RS0001532,H002,2025/12/22 00:00,9,4,1,1,2,3,5,13,1,0.735
RS0001533,H003,2025/12/22 00:00,4,8,1,0,1,3,2,25,1,0.787
RS0001534,H004,2025/12/22 00:00,8,1,1,0,1,2,4,24,1,0.41
RS0001535,H005,2025/12/22 00:00,9,5,1,1,0,3,4,12,1,0.674
RS0001536,H001,2025/12/22 04:00,13,3,1,1,1,7,3,11,1,0.68
RS0001537,H002,2025/12/22 04:00,9,3,1,1,0,5,5,7,1,0.648
RS0001538,H003,2025/12/22 04:00,4,0,1,0,1,4,8,13,1,0.75
RS0001539,H004,2025/12/22 04:00,0,0,1,0,0,1,6,13,1,1
RS0001540,H005,2025/12/22 04:00,24,1,1,1,1,5,2,10,1,0.33
RS0001541,H001,2025/12/22 08:00,5,9,1,1,0,2,5,18,1,0.88
RS0001542,H002,2025/12/22 08:00,13,4,1,1,1,4,4,13,0,0.637
RS0001543,H003,2025/12/22 08:00,12,5,1,0,0,3,4,21,1,0.581
RS0001544,H004,2025/12/22 08:00,4,0,1,0,0,0,5,12,1,0.819
RS0001545,H005,2025/12/22 08:00,21,6,1,1,0,1,8,18,1,0.451
RS0001546,H001,2025/12/22 12:00,9,11,0,1,0,3,5,7,1,0.919
RS0001547,H002,2025/12/22 12:00,14,6,1,1,0,0,5,5,1,0.636
RS0001548,H003,2025/12/22 12:00,6,1,1,0,1,2,2,17,1,0.783
RS0001549,H004,2025/12/22 12:00,0,0,1,0,0,1,2,4,1,1
RS0001550,H005,2025/12/22 12:00,9,5,1,1,3,6,5,18,1,0.898
RS0001551,H001,2025/12/22 16:00,18,8,1,1,2,4,4,12,1,0.705
RS0001552,H002,2025/12/22 16:00,9,3,1,0,1,3,5,18,1,0.687
RS0001553,H003,2025/12/22 16:00,12,2,1,0,0,0,3,9,1,0.43
RS0001554,H004,2025/12/22 16:00,2,0,1,0,0,2,2,23,1,0.897
RS0001555,H005,2025/12/22 16:00,12,7,1,1,4,4,8,14,1,0.66
RS0001556,H001,2025/12/22 20:00,7,3,1,1,0,4,1,12,1,0.863
RS0001557,H002,2025/12/22 20:00,6,4,1,1,0,4,3,16,1,0.771
RS0001558,H003,2025/12/22 20:00,5,4,1,0,1,3,5,8,1,0.849
RS0001559,H004,2025/12/22 20:00,0,0,1,0,0,0,4,19,1,1
RS0001560,H005,2025/12/22 20:00,11,3,1,1,0,2,6,14,1,0.666
RS0001561,H001,2025/12/23 00:00,13,3,1,1,2,4,7,26,1,0.795
RS0001562,H002,2025/12/23 00:00,7,3,1,1,0,5,4,19,1,0.742
RS0001563,H003,2025/12/23 00:00,1,3,1,0,0,2,7,15,1,1
RS0001564,H004,2025/12/23 00:00,8,2,1,0,0,3,4,25,0,0.541
RS0001565,H005,2025/12/23 00:00,10,5,1,1,3,3,6,19,1,0.862
RS0001566,H001,2025/12/23 04:00,15,4,1,1,3,5,2,9,1,0.671
RS0001567,H002,2025/12/23 04:00,13,8,1,1,0,2,4,21,1,0.659
RS0001568,H003,2025/12/23 04:00,1,1,1,0,1,3,6,23,1,1
RS0001569,H004,2025/12/23 04:00,0,5,1,0,0,0,4,16,1,1
RS0001570,H005,2025/12/23 04:00,16,5,1,1,2,4,3,26,1,0.722
RS0001571,H001,2025/12/23 08:00,19,7,1,1,1,4,3,21,1,0.512
RS0001572,H002,2025/12/23 08:00,15,1,1,1,0,2,6,25,1,0.572
RS0001573,H003,2025/12/23 08:00,19,8,1,0,2,3,7,24,1,0.25
RS0001574,H004,2025/12/23 08:00,0,0,1,0,0,0,6,19,1,1
RS0001575,H005,2025/12/23 08:00,10,3,1,1,1,4,6,14,1,0.644
RS0001576,H001,2025/12/23 12:00,12,7,0,1,0,0,7,10,1,0.639
RS0001577,H002,2025/12/23 12:00,9,1,1,1,1,3,3,19,1,0.789
RS0001578,H003,2025/12/23 12:00,5,2,1,0,0,2,4,11,1,0.715
RS0001579,H004,2025/12/23 12:00,7,2,1,0,0,0,4,21,1,0.661
RS0001580,H005,2025/12/23 12:00,8,6,1,1,0,3,2,17,1,0.877
RS0001581,H001,2025/12/23 16:00,11,5,1,1,2,3,2,14,0,0.659
RS0001582,H002,2025/12/23 16:00,12,6,1,1,0,3,5,8,1,0.579
RS0001583,H003,2025/12/23 16:00,2,0,1,0,0,1,1,4,1,0.828
RS0001584,H004,2025/12/23 16:00,0,0,1,0,1,0,3,15,1,0.999
RS0001585,H005,2025/12/23 16:00,14,5,1,1,2,4,1,24,1,0.742
RS0001586,H001,2025/12/23 20:00,11,0,1,1,0,5,1,20,1,0.649
RS0001587,H002,2025/12/23 20:00,10,0,1,1,1,1,2,10,1,0.798
RS0001588,H003,2025/12/23 20:00,8,0,1,0,1,1,3,20,1,0.709
RS0001589,H004,2025/12/23 20:00,8,2,1,0,0,2,3,14,0,0.559
RS0001590,H005,2025/12/23 20:00,9,8,1,1,2,1,1,11,1,0.778
RS0001591,H001,2025/12/24 00:00,12,11,0,1,2,7,4,15,1,0.645
RS0001592,H002,2025/12/24 00:00,7,0,1,1,2,5,6,20,1,0.733
RS0001593,H003,2025/12/24 00:00,13,3,1,0,0,2,5,10,1,0.458
RS0001594,H004,2025/12/24 00:00,4,0,1,0,0,4,3,20,1,0.783
RS0001595,H005,2025/12/24 00:00,15,5,1,1,1,4,2,13,1,0.575
RS0001596,H001,2025/12/24 04:00,13,2,1,1,0,6,7,20,1,0.656
RS0001597,H002,2025/12/24 04:00,11,4,1,1,0,1,5,12,1,0.743
RS0001598,H003,2025/12/24 04:00,11,3,0,0,1,4,6,15,1,0.515
RS0001599,H004,2025/12/24 04:00,5,1,1,0,1,3,10,20,1,0.832
RS0001600,H005,2025/12/24 04:00,11,0,1,1,2,1,4,26,1,0.823
RS0001601,H001,2025/12/24 08:00,14,5,1,1,1,5,5,30,1,0.716
RS0001602,H002,2025/12/24 08:00,12,1,1,1,1,0,3,16,1,0.675
RS0001603,H003,2025/12/24 08:00,5,3,0,0,0,1,4,27,1,0.759
RS0001604,H004,2025/12/24 08:00,0,0,1,0,1,0,3,14,1,1
RS0001605,H005,2025/12/24 08:00,13,7,1,1,0,1,2,10,1,0.7
RS0001606,H001,2025/12/24 12:00,17,3,1,1,0,7,1,8,1,0.575
RS0001607,H002,2025/12/24 12:00,10,1,1,1,1,3,4,10,1,0.795
RS0001608,H003,2025/12/24 12:00,5,5,1,0,1,2,2,20,1,0.925
RS0001609,H004,2025/12/24 12:00,5,3,1,0,0,0,7,9,1,0.831
RS0001610,H005,2025/12/24 12:00,11,6,0,1,1,1,0,21,1,0.762
RS0001611,H001,2025/12/24 16:00,12,4,1,1,1,5,3,20,1,0.776
RS0001612,H002,2025/12/24 16:00,9,0,1,0,1,4,4,27,1,0.817
RS0001613,H003,2025/12/24 16:00,3,5,1,0,0,1,6,5,1,0.874
RS0001614,H004,2025/12/24 16:00,2,0,1,0,0,3,4,19,1,0.856
RS0001615,H005,2025/12/24 16:00,9,3,1,1,1,6,4,9,1,0.803
RS0001616,H001,2025/12/24 20:00,14,8,1,1,3,2,2,15,1,0.651
RS0001617,H002,2025/12/24 20:00,4,3,1,1,0,2,6,5,1,0.804
RS0001618,H003,2025/12/24 20:00,0,2,1,0,1,5,2,9,1,1
RS0001619,H004,2025/12/24 20:00,3,3,1,0,0,3,7,11,1,0.803
RS0001620,H005,2025/12/24 20:00,9,7,1,1,1,4,7,13,1,0.804
RS0001621,H001,2025/12/25 00:00,14,8,1,1,0,8,4,19,1,0.798
RS0001622,H002,2025/12/25 00:00,11,0,1,1,0,4,4,18,1,0.637
RS0001623,H003,2025/12/25 00:00,10,2,0,0,1,4,6,20,1,0.593
RS0001624,H004,2025/12/25 00:00,0,0,1,0,1,5,0,20,1,1
RS0001625,H005,2025/12/25 00:00,8,3,1,1,0,3,5,21,1,0.803
RS0001626,H001,2025/12/25 04:00,10,10,1,1,0,3,7,15,1,0.89
RS0001627,H002,2025/12/25 04:00,12,5,1,1,1,1,6,16,1,0.699
RS0001628,H003,2025/12/25 04:00,9,0,1,0,0,1,3,10,1,0.539
RS0001629,H004,2025/12/25 04:00,7,1,1,0,1,0,6,13,1,0.659
RS0001630,H005,2025/12/25 04:00,13,7,1,1,2,4,2,11,1,0.795
RS0001631,H001,2025/12/25 08:00,14,5,1,1,1,2,5,20,1,0.772
RS0001632,H002,2025/12/25 08:00,7,0,1,1,1,3,3,22,1,0.694
RS0001633,H003,2025/12/25 08:00,7,0,1,0,0,3,6,18,1,0.833
RS0001634,H004,2025/12/25 08:00,9,0,1,0,0,0,5,18,1,0.459
RS0001635,H005,2025/12/25 08:00,16,7,1,1,2,5,1,29,1,0.643
RS0001636,H001,2025/12/25 12:00,15,1,1,1,2,5,4,10,1,0.543
RS0001637,H002,2025/12/25 12:00,10,5,1,1,0,3,5,12,1,0.712
RS0001638,H003,2025/12/25 12:00,8,0,1,0,2,2,6,10,1,0.804
RS0001639,H004,2025/12/25 12:00,0,7,1,0,0,2,6,6,1,1
RS0001640,H005,2025/12/25 12:00,8,4,1,1,1,0,3,8,1,0.911
RS0001641,H001,2025/12/25 16:00,9,0,0,1,1,6,6,19,1,0.852
RS0001642,H002,2025/12/25 16:00,3,2,0,1,0,3,5,15,1,0.969
RS0001643,H003,2025/12/25 16:00,3,2,1,0,0,4,5,12,1,0.83
RS0001644,H004,2025/12/25 16:00,5,2,1,0,0,1,5,6,1,0.786
RS0001645,H005,2025/12/25 16:00,16,12,1,1,0,5,4,14,1,0.619
RS0001646,H001,2025/12/25 20:00,17,8,1,1,1,3,5,17,0,0.63
RS0001647,H002,2025/12/25 20:00,2,2,1,1,0,2,2,5,1,1
RS0001648,H003,2025/12/25 20:00,13,2,1,0,1,0,1,7,1,0.41
RS0001649,H004,2025/12/25 20:00,7,0,1,0,1,6,1,10,1,0.543
RS0001650,H005,2025/12/25 20:00,13,2,1,1,1,2,4,12,1,0.577
RS0001651,H001,2025/12/26 00:00,11,6,1,1,0,5,6,19,1,0.676
RS0001652,H002,2025/12/26 00:00,12,5,1,1,0,1,3,19,1,0.578
RS0001653,H003,2025/12/26 00:00,14,0,1,0,1,4,5,10,1,0.336
RS0001654,H004,2025/12/26 00:00,3,3,1,0,0,0,6,8,1,0.73
RS0001655,H005,2025/12/26 00:00,17,1,1,1,2,6,4,21,1,0.46
RS0001656,H001,2025/12/26 04:00,9,6,1,1,2,9,3,19,1,0.859
RS0001657,H002,2025/12/26 04:00,19,3,1,1,0,0,3,12,1,0.306
RS0001658,H003,2025/12/26 04:00,14,0,1,0,1,2,5,10,1,0.4
RS0001659,H004,2025/12/26 04:00,2,0,1,0,1,0,2,17,1,1
RS0001660,H005,2025/12/26 04:00,16,7,1,1,3,5,5,15,1,0.653
RS0001661,H001,2025/12/26 08:00,17,6,1,0,0,8,2,26,1,0.642
RS0001662,H002,2025/12/26 08:00,11,6,1,1,2,3,6,22,1,0.7
RS0001663,H003,2025/12/26 08:00,15,1,1,0,0,0,1,17,1,0.354
RS0001664,H004,2025/12/26 08:00,6,4,1,0,0,1,9,18,1,0.726
RS0001665,H005,2025/12/26 08:00,8,11,1,1,1,8,5,18,1,0.803
RS0001666,H001,2025/12/26 12:00,21,6,1,1,2,5,1,22,1,0.545
RS0001667,H002,2025/12/26 12:00,13,4,0,1,1,2,5,17,0,0.524
RS0001668,H003,2025/12/26 12:00,8,3,1,0,1,1,2,12,1,0.678
RS0001669,H004,2025/12/26 12:00,4,0,1,0,0,0,4,22,1,0.661
RS0001670,H005,2025/12/26 12:00,7,1,1,0,0,5,1,14,1,0.901
RS0001671,H001,2025/12/26 16:00,13,9,1,1,0,3,4,15,1,0.7
RS0001672,H002,2025/12/26 16:00,9,7,1,1,0,2,4,23,0,0.837
RS0001673,H003,2025/12/26 16:00,9,6,1,0,0,0,5,12,1,0.593
RS0001674,H004,2025/12/26 16:00,5,0,1,0,0,0,4,19,1,0.759
RS0001675,H005,2025/12/26 16:00,3,4,1,1,1,4,4,21,1,0.824
RS0001676,H001,2025/12/26 20:00,18,5,1,1,1,2,1,16,1,0.506
RS0001677,H002,2025/12/26 20:00,6,5,1,1,0,2,8,9,1,0.857
RS0001678,H003,2025/12/26 20:00,4,4,1,0,0,2,6,23,1,0.739
RS0001679,H004,2025/12/26 20:00,6,0,1,0,1,0,5,15,1,0.547
RS0001680,H005,2025/12/26 20:00,14,5,1,1,2,3,3,10,1,0.598
RS0001681,H001,2025/12/27 00:00,11,10,1,1,2,5,5,18,0,0.83
RS0001682,H002,2025/12/27 00:00,11,5,1,1,0,3,2,18,1,0.671
RS0001683,H003,2025/12/27 00:00,4,5,1,0,1,2,3,15,1,0.775
RS0001684,H004,2025/12/27 00:00,2,5,0,0,0,1,3,18,1,0.818
RS0001685,H005,2025/12/27 00:00,12,5,1,1,0,4,6,18,1,0.634
RS0001686,H001,2025/12/27 04:00,13,4,1,1,0,6,5,10,1,0.828
RS0001687,H002,2025/12/27 04:00,14,3,1,1,1,5,3,9,1,0.593
RS0001688,H003,2025/12/27 04:00,4,5,1,0,0,0,4,17,1,0.882
RS0001689,H004,2025/12/27 04:00,9,0,1,0,0,0,1,19,1,0.414
RS0001690,H005,2025/12/27 04:00,17,1,1,1,3,5,4,8,1,0.475
RS0001691,H001,2025/12/27 08:00,12,4,1,1,0,9,4,9,1,0.696
RS0001692,H002,2025/12/27 08:00,5,0,1,1,0,4,3,16,1,0.925
RS0001693,H003,2025/12/27 08:00,8,2,1,0,0,4,4,18,1,0.571
RS0001694,H004,2025/12/27 08:00,0,2,1,0,1,1,5,24,1,0.983
RS0001695,H005,2025/12/27 08:00,14,0,1,1,0,1,4,16,1,0.642
RS0001696,H001,2025/12/27 12:00,18,9,0,1,2,7,2,14,1,0.495
RS0001697,H002,2025/12/27 12:00,8,2,1,1,0,2,6,27,1,0.861
RS0001698,H003,2025/12/27 12:00,2,2,1,0,0,1,6,8,1,0.914
RS0001699,H004,2025/12/27 12:00,0,1,1,0,0,2,4,9,1,1
RS0001700,H005,2025/12/27 12:00,8,5,1,1,1,1,4,10,1,0.904
RS0001701,H001,2025/12/27 16:00,9,5,1,1,0,2,5,9,1,0.686
RS0001702,H002,2025/12/27 16:00,10,3,1,1,0,0,7,9,1,0.669
RS0001703,H003,2025/12/27 16:00,2,6,1,0,1,2,4,10,1,0.837
RS0001704,H004,2025/12/27 16:00,0,0,1,0,0,1,6,11,1,1
RS0001705,H005,2025/12/27 16:00,8,6,1,1,3,3,1,9,1,0.9
RS0001706,H001,2025/12/27 20:00,11,6,1,1,2,5,4,21,1,0.658
RS0001707,H002,2025/12/27 20:00,10,7,1,1,0,5,4,10,1,0.575
RS0001708,H003,2025/12/27 20:00,2,0,1,0,0,2,3,14,1,0.842
RS0001709,H004,2025/12/27 20:00,0,3,0,0,0,1,3,19,1,1
RS0001710,H005,2025/12/27 20:00,7,5,1,1,1,1,1,6,1,0.957
RS0001711,H001,2025/12/28 00:00,14,6,1,1,2,6,6,17,1,0.729
RS0001712,H002,2025/12/28 00:00,13,2,1,0,0,3,8,14,1,0.637
RS0001713,H003,2025/12/28 00:00,4,0,1,0,1,0,2,19,1,0.765
RS0001714,H004,2025/12/28 00:00,0,0,1,0,0,2,1,31,1,0.914
RS0001715,H005,2025/12/28 00:00,19,10,1,1,1,3,4,19,1,0.623
RS0001716,H001,2025/12/28 04:00,15,4,1,1,2,4,2,22,1,0.569
RS0001717,H002,2025/12/28 04:00,9,5,1,1,1,4,3,10,1,0.635
RS0001718,H003,2025/12/28 04:00,9,3,1,0,1,0,4,23,1,0.765
RS0001719,H004,2025/12/28 04:00,3,2,1,0,0,2,6,22,1,0.955
RS0001720,H005,2025/12/28 04:00,11,10,1,1,2,4,4,20,1,0.813
RS0001721,H001,2025/12/28 08:00,11,6,1,1,1,5,5,14,1,0.727
RS0001722,H002,2025/12/28 08:00,13,0,1,1,1,1,6,14,1,0.532
RS0001723,H003,2025/12/28 08:00,10,1,1,0,0,7,5,17,1,0.537
RS0001724,H004,2025/12/28 08:00,7,8,1,0,0,2,5,14,1,0.614
RS0001725,H005,2025/12/28 08:00,13,1,1,0,3,3,6,16,1,0.798
RS0001726,H001,2025/12/28 12:00,6,4,1,1,3,6,5,10,0,0.871
RS0001727,H002,2025/12/28 12:00,3,8,1,0,0,6,1,11,1,0.987
RS0001728,H003,2025/12/28 12:00,6,0,1,0,0,0,3,15,1,0.844
RS0001729,H004,2025/12/28 12:00,5,2,1,0,0,3,3,9,1,0.81
RS0001730,H005,2025/12/28 12:00,10,6,1,1,3,2,0,13,1,0.781
RS0001731,H001,2025/12/28 16:00,13,4,1,1,1,0,3,16,1,0.645
RS0001732,H002,2025/12/28 16:00,15,5,1,1,2,0,2,7,1,0.421
RS0001733,H003,2025/12/28 16:00,7,2,1,0,0,3,6,20,1,0.768
RS0001734,H004,2025/12/28 16:00,4,0,1,0,0,0,5,6,1,0.898
RS0001735,H005,2025/12/28 16:00,0,8,1,1,1,4,6,22,1,0.973
RS0001736,H001,2025/12/28 20:00,9,1,1,1,0,1,3,4,1,0.798
RS0001737,H002,2025/12/28 20:00,4,6,1,1,0,2,3,14,1,1
RS0001738,H003,2025/12/28 20:00,0,5,1,0,0,2,1,11,0,1
RS0001739,H004,2025/12/28 20:00,0,1,0,0,0,1,1,15,1,1
RS0001740,H005,2025/12/28 20:00,13,6,1,1,1,2,4,23,1,0.566
RS0001741,H001,2025/12/29 00:00,14,3,1,1,1,6,6,15,1,0.705
RS0001742,H002,2025/12/29 00:00,8,4,1,0,1,1,4,18,1,0.703
RS0001743,H003,2025/12/29 00:00,7,8,1,0,0,5,7,19,1,0.802
RS0001744,H004,2025/12/29 00:00,7,0,1,0,0,0,3,17,1,0.47
RS0001745,H005,2025/12/29 00:00,19,6,0,1,1,6,3,21,1,0.413
RS0001746,H001,2025/12/29 04:00,15,9,1,1,0,7,5,18,1,0.684
RS0001747,H002,2025/12/29 04:00,4,3,1,1,0,1,5,24,1,0.808
RS0001748,H003,2025/12/29 04:00,7,0,1,0,1,2,6,9,1,0.624
RS0001749,H004,2025/12/29 04:00,9,5,1,0,0,0,4,13,1,0.469
RS0001750,H005,2025/12/29 04:00,5,11,1,1,1,4,4,20,1,0.986
RS0001751,H001,2025/12/29 08:00,13,6,1,1,0,2,5,14,1,0.66
RS0001752,H002,2025/12/29 08:00,7,1,1,1,0,1,5,13,1,0.831
RS0001753,H003,2025/12/29 08:00,11,4,1,0,1,4,8,12,1,0.582
RS0001754,H004,2025/12/29 08:00,6,4,1,0,0,0,4,13,1,0.704
RS0001755,H005,2025/12/29 08:00,14,0,1,1,1,5,5,18,1,0.684
RS0001756,H001,2025/12/29 12:00,13,6,1,0,0,5,3,18,1,0.79
RS0001757,H002,2025/12/29 12:00,5,1,1,1,1,2,2,10,0,0.77
RS0001758,H003,2025/12/29 12:00,8,2,1,0,0,0,8,0,1,0.65
RS0001759,H004,2025/12/29 12:00,4,4,1,0,1,6,3,11,1,0.89
RS0001760,H005,2025/12/29 12:00,5,5,1,1,1,4,5,10,1,0.952
RS0001761,H001,2025/12/29 16:00,7,6,1,1,2,4,2,10,1,0.948
RS0001762,H002,2025/12/29 16:00,12,3,1,1,1,5,6,11,1,0.66
RS0001763,H003,2025/12/29 16:00,5,0,1,0,1,3,4,8,1,0.756
RS0001764,H004,2025/12/29 16:00,2,2,1,0,1,3,5,0,1,0.829
RS0001765,H005,2025/12/29 16:00,8,3,1,0,1,5,3,4,1,0.845
RS0001766,H001,2025/12/29 20:00,15,2,1,1,0,6,1,22,0,0.622
RS0001767,H002,2025/12/29 20:00,6,0,1,1,1,5,3,14,1,0.821
RS0001768,H003,2025/12/29 20:00,4,3,1,0,0,0,4,20,1,0.841
RS0001769,H004,2025/12/29 20:00,3,1,0,0,1,3,1,9,1,0.917
RS0001770,H005,2025/12/29 20:00,7,5,1,1,1,1,1,11,1,0.831
RS0001771,H001,2025/12/30 00:00,8,8,1,1,3,6,4,22,1,0.758
RS0001772,H002,2025/12/30 00:00,15,3,1,1,0,7,9,22,1,0.431
RS0001773,H003,2025/12/30 00:00,5,4,1,0,1,0,6,10,1,0.789
RS0001774,H004,2025/12/30 00:00,9,5,1,0,0,5,3,21,1,0.42
RS0001775,H005,2025/12/30 00:00,17,5,1,1,0,2,3,20,1,0.672
RS0001776,H001,2025/12/30 04:00,19,8,1,1,0,5,6,14,1,0.471
RS0001777,H002,2025/12/30 04:00,15,7,1,1,0,1,6,21,1,0.557
RS0001778,H003,2025/12/30 04:00,3,6,1,0,2,2,6,17,1,0.815
RS0001779,H004,2025/12/30 04:00,7,2,1,0,0,0,6,14,1,0.647
RS0001780,H005,2025/12/30 04:00,10,1,1,1,1,7,2,12,1,0.783
RS0001781,H001,2025/12/30 08:00,11,3,1,1,0,9,1,18,1,0.841
RS0001782,H002,2025/12/30 08:00,9,3,1,1,0,4,2,24,1,0.608
RS0001783,H003,2025/12/30 08:00,10,1,1,0,2,0,2,15,1,0.663
RS0001784,H004,2025/12/30 08:00,5,0,1,0,1,0,9,16,0,0.64
RS0001785,H005,2025/12/30 08:00,18,5,1,1,0,5,5,20,1,0.593
RS0001786,H001,2025/12/30 12:00,16,1,1,1,1,7,3,11,1,0.72
RS0001787,H002,2025/12/30 12:00,5,1,1,1,1,3,2,5,1,0.892
RS0001788,H003,2025/12/30 12:00,5,5,1,0,1,2,3,10,1,0.85
RS0001789,H004,2025/12/30 12:00,6,5,1,0,0,0,4,5,1,0.55
RS0001790,H005,2025/12/30 12:00,10,0,1,1,0,9,0,14,1,0.807
RS0001791,H001,2025/12/30 16:00,7,8,1,1,1,0,2,14,1,0.763
RS0001792,H002,2025/12/30 16:00,6,0,1,1,2,0,4,17,1,0.921
RS0001793,H003,2025/12/30 16:00,0,1,1,0,0,0,3,20,1,1
RS0001794,H004,2025/12/30 16:00,3,0,1,0,0,0,1,17,1,0.778
RS0001795,H005,2025/12/30 16:00,6,4,1,1,0,5,3,13,1,0.825
RS0001796,H001,2025/12/30 20:00,16,2,1,1,0,3,2,8,1,0.521
RS0001797,H002,2025/12/30 20:00,8,8,1,1,0,7,3,18,1,0.833
RS0001798,H003,2025/12/30 20:00,4,2,1,0,1,1,2,23,1,0.761
RS0001799,H004,2025/12/30 20:00,0,7,1,0,0,0,3,10,1,0.908
RS0001800,H005,2025/12/30 20:00,12,7,1,1,0,4,3,13,1,0.794
RS0001801,H001,2025/12/31 00:00,14,9,1,1,4,3,1,13,1,0.715
RS0001802,H002,2025/12/31 00:00,16,2,1,1,1,4,5,25,1,0.42
RS0001803,H003,2025/12/31 00:00,4,4,1,0,1,4,3,12,1,0.756
RS0001804,H004,2025/12/31 00:00,5,1,1,0,1,1,3,15,1,0.701
RS0001805,H005,2025/12/31 00:00,13,5,0,1,1,3,2,17,1,0.765
RS0001806,H001,2025/12/31 04:00,9,8,1,1,1,8,4,18,0,0.733
RS0001807,H002,2025/12/31 04:00,15,3,1,1,0,0,4,19,1,0.52
RS0001808,H003,2025/12/31 04:00,15,1,1,0,2,0,2,16,1,0.391
RS0001809,H004,2025/12/31 04:00,9,0,1,0,1,0,7,12,1,0.564
RS0001810,H005,2025/12/31 04:00,20,5,1,1,2,6,3,14,1,0.41
RS0001811,H001,2025/12/31 08:00,11,4,1,0,3,8,4,13,1,0.642
RS0001812,H002,2025/12/31 08:00,6,0,1,1,0,4,6,21,1,0.742
RS0001813,H003,2025/12/31 08:00,10,3,1,0,1,4,0,13,1,0.484
RS0001814,H004,2025/12/31 08:00,10,2,1,0,0,0,4,20,1,0.28
RS0001815,H005,2025/12/31 08:00,11,4,1,1,1,5,5,20,1,0.804
RS0001816,H001,2025/12/31 12:00,5,8,1,0,1,6,4,8,1,0.782
RS0001817,H002,2025/12/31 12:00,6,3,1,1,0,2,2,17,1,0.777
RS0001818,H003,2025/12/31 12:00,13,0,1,0,2,1,0,20,1,0.438
RS0001819,H004,2025/12/31 12:00,7,4,1,0,0,0,5,10,1,0.535
RS0001820,H005,2025/12/31 12:00,17,3,0,1,1,0,3,14,1,0.552
RS0001821,H001,2025/12/31 16:00,14,9,1,1,0,5,2,9,0,0.797
RS0001822,H002,2025/12/31 16:00,6,7,1,1,1,5,0,22,1,0.88
RS0001823,H003,2025/12/31 16:00,7,0,1,0,0,4,0,15,1,0.696
RS0001824,H004,2025/12/31 16:00,4,0,1,0,0,1,3,14,1,0.767
RS0001825,H005,2025/12/31 16:00,14,0,1,1,1,4,4,16,1,0.709
RS0001826,H001,2025/12/31 20:00,15,3,1,1,1,10,3,13,1,0.545
RS0001827,H002,2025/12/31 20:00,3,1,1,1,0,3,3,10,1,1
RS0001828,H003,2025/12/31 20:00,6,6,1,0,2,0,6,16,0,0.808
RS0001829,H004,2025/12/31 20:00,0,5,1,0,0,4,4,17,1,1
RS0001830,H005,2025/12/31 20:00,13,3,1,1,0,0,1,8,0,0.66
RS0001831,H001,2026/1/1 00:00,13,6,1,1,1,6,3,16,1,0.836
RS0001832,H002,2026/1/1 00:00,8,7,0,0,0,5,3,22,1,0.739
RS0001833,H003,2026/1/1 00:00,7,0,1,0,1,2,5,13,1,0.652
RS0001834,H004,2026/1/1 00:00,0,6,1,0,1,3,7,16,1,0.908
RS0001835,H005,2026/1/1 00:00,12,8,1,1,2,12,6,9,1,0.679
RS0001836,H001,2026/1/1 04:00,24,6,1,1,1,4,5,18,1,0.417
RS0001837,H002,2026/1/1 04:00,4,1,1,1,1,2,5,11,1,0.964
RS0001838,H003,2026/1/1 04:00,7,3,1,0,0,1,0,24,1,0.637
RS0001839,H004,2026/1/1 04:00,4,4,1,0,1,5,1,16,1,0.759
RS0001840,H005,2026/1/1 04:00,14,7,1,1,1,5,8,23,1,0.564
RS0001841,H001,2026/1/1 08:00,15,8,1,1,0,7,4,16,1,0.632
RS0001842,H002,2026/1/1 08:00,19,3,1,1,0,4,3,17,0,0.413
RS0001843,H003,2026/1/1 08:00,3,0,1,0,1,5,6,12,1,0.925
RS0001844,H004,2026/1/1 08:00,12,0,1,0,0,2,4,22,1,0.338
RS0001845,H005,2026/1/1 08:00,11,6,1,1,1,4,2,18,1,0.625
RS0001846,H001,2026/1/1 12:00,0,4,1,1,0,5,3,17,1,1
RS0001847,H002,2026/1/1 12:00,13,0,1,1,0,2,2,12,1,0.509
RS0001848,H003,2026/1/1 12:00,0,4,1,0,0,0,2,12,1,1
RS0001849,H004,2026/1/1 12:00,2,1,1,0,1,5,3,17,1,1
RS0001850,H005,2026/1/1 12:00,4,5,1,1,1,4,4,18,1,0.905
RS0001851,H001,2026/1/1 16:00,11,9,1,1,1,3,4,19,1,0.692
RS0001852,H002,2026/1/1 16:00,8,6,1,1,1,2,2,11,1,0.811
RS0001853,H003,2026/1/1 16:00,4,3,1,0,0,2,2,14,1,0.741
RS0001854,H004,2026/1/1 16:00,0,1,1,0,0,0,4,16,1,1
RS0001855,H005,2026/1/1 16:00,7,0,1,1,1,1,5,14,1,0.817
RS0001856,H001,2026/1/1 20:00,15,0,1,1,1,3,8,15,1,0.669
RS0001857,H002,2026/1/1 20:00,12,4,1,1,0,1,3,7,1,0.637
RS0001858,H003,2026/1/1 20:00,9,2,1,0,0,1,5,10,1,0.642
RS0001859,H004,2026/1/1 20:00,7,1,1,0,0,2,0,10,1,0.628
RS0001860,H005,2026/1/1 20:00,8,6,1,1,2,4,4,13,1,0.698
RS0001861,H001,2026/1/2 00:00,14,6,1,0,1,4,3,12,1,0.629
RS0001862,H002,2026/1/2 00:00,7,2,1,1,1,2,8,23,1,0.772
RS0001863,H003,2026/1/2 00:00,14,4,1,0,0,4,2,14,1,0.459
RS0001864,H004,2026/1/2 00:00,5,5,1,0,0,0,6,11,1,0.768
RS0001865,H005,2026/1/2 00:00,13,8,1,1,2,1,4,17,1,0.591
RS0001866,H001,2026/1/2 04:00,14,0,1,1,0,1,7,16,1,0.671
RS0001867,H002,2026/1/2 04:00,3,0,1,1,1,4,7,12,1,0.837
RS0001868,H003,2026/1/2 04:00,8,2,1,0,0,5,4,24,1,0.652
RS0001869,H004,2026/1/2 04:00,11,6,1,0,0,1,7,17,1,0.39
RS0001870,H005,2026/1/2 04:00,10,4,1,1,4,5,5,10,1,0.859
RS0001871,H001,2026/1/2 08:00,18,5,1,1,2,6,4,16,1,0.487
RS0001872,H002,2026/1/2 08:00,12,1,1,1,0,5,4,13,1,0.655
RS0001873,H003,2026/1/2 08:00,5,0,1,0,2,0,3,22,1,0.903
RS0001874,H004,2026/1/2 08:00,8,3,1,0,0,2,5,22,1,0.462
RS0001875,H005,2026/1/2 08:00,13,7,1,1,0,5,2,20,1,0.569
RS0001876,H001,2026/1/2 12:00,11,5,1,1,1,1,0,16,1,0.741
RS0001877,H002,2026/1/2 12:00,7,5,0,1,0,1,5,15,1,0.777
RS0001878,H003,2026/1/2 12:00,8,3,1,0,0,1,5,6,0,0.794
RS0001879,H004,2026/1/2 12:00,6,1,1,0,0,0,4,14,1,0.744
RS0001880,H005,2026/1/2 12:00,5,1,1,1,0,5,3,21,1,0.781
RS0001881,H001,2026/1/2 16:00,7,6,1,1,2,4,2,19,1,0.772
RS0001882,H002,2026/1/2 16:00,1,9,1,1,0,3,4,4,1,0.978
RS0001883,H003,2026/1/2 16:00,3,1,1,0,0,3,3,12,1,0.876
RS0001884,H004,2026/1/2 16:00,10,2,1,0,0,0,2,13,1,0.473
RS0001885,H005,2026/1/2 16:00,9,5,1,1,1,4,9,22,1,0.883
RS0001886,H001,2026/1/2 20:00,4,7,1,1,2,3,0,16,1,0.996
RS0001887,H002,2026/1/2 20:00,6,2,1,1,1,5,3,22,1,0.732
RS0001888,H003,2026/1/2 20:00,6,3,1,0,0,2,4,19,1,0.899
RS0001889,H004,2026/1/2 20:00,0,0,1,0,0,0,8,21,1,1
RS0001890,H005,2026/1/2 20:00,10,5,1,1,2,3,1,12,1,0.857
RS0001891,H001,2026/1/3 00:00,8,1,1,1,1,6,4,18,1,0.787
RS0001892,H002,2026/1/3 00:00,9,2,1,0,1,2,1,18,1,0.729
RS0001893,H003,2026/1/3 00:00,4,2,1,0,0,6,6,11,1,0.913
RS0001894,H004,2026/1/3 00:00,5,1,1,0,0,1,2,21,1,0.721
RS0001895,H005,2026/1/3 00:00,15,6,1,1,1,2,5,19,1,0.578
RS0001896,H001,2026/1/3 04:00,15,2,1,1,2,4,6,13,0,0.563
RS0001897,H002,2026/1/3 04:00,3,4,1,1,0,5,6,15,1,1
RS0001898,H003,2026/1/3 04:00,6,5,1,0,2,7,5,8,1,0.814
RS0001899,H004,2026/1/3 04:00,1,3,1,0,0,0,5,22,1,0.938
RS0001900,H005,2026/1/3 04:00,10,7,1,1,2,3,2,14,0,0.683
RS0001901,H001,2026/1/3 08:00,14,3,1,1,1,8,5,21,1,0.602
RS0001902,H002,2026/1/3 08:00,9,2,1,1,0,2,9,18,1,0.833
RS0001903,H003,2026/1/3 08:00,6,0,1,0,0,0,3,19,1,0.778
RS0001904,H004,2026/1/3 08:00,3,0,1,0,1,3,3,22,1,0.903
RS0001905,H005,2026/1/3 08:00,12,2,1,1,1,1,8,9,1,0.716
RS0001906,H001,2026/1/3 12:00,12,6,1,1,1,5,1,15,1,0.715
RS0001907,H002,2026/1/3 12:00,10,2,1,1,0,1,3,13,1,0.675
RS0001908,H003,2026/1/3 12:00,5,6,1,0,0,0,6,8,1,0.772
RS0001909,H004,2026/1/3 12:00,5,0,1,0,0,0,6,17,1,0.834
RS0001910,H005,2026/1/3 12:00,12,1,1,1,2,5,6,7,1,0.637
RS0001911,H001,2026/1/3 16:00,12,0,1,1,0,5,1,13,1,0.654
RS0001912,H002,2026/1/3 16:00,9,3,1,1,0,2,1,18,1,0.656
RS0001913,H003,2026/1/3 16:00,12,6,1,0,0,0,5,12,1,0.412
RS0001914,H004,2026/1/3 16:00,0,8,1,0,0,1,0,17,1,0.961
RS0001915,H005,2026/1/3 16:00,7,8,1,1,1,4,5,16,1,0.844
RS0001916,H001,2026/1/3 20:00,14,1,1,1,0,3,2,6,1,0.6
RS0001917,H002,2026/1/3 20:00,15,5,1,1,0,5,2,15,1,0.519
RS0001918,H003,2026/1/3 20:00,11,3,0,0,0,2,3,8,1,0.497
RS0001919,H004,2026/1/3 20:00,2,3,1,0,0,0,3,20,1,0.838
RS0001920,H005,2026/1/3 20:00,8,3,1,1,0,1,4,14,1,0.932
RS0001921,H001,2026/1/4 00:00,7,7,1,1,1,6,7,16,1,0.93
RS0001922,H002,2026/1/4 00:00,14,0,1,1,1,1,2,13,1,0.633
RS0001923,H003,2026/1/4 00:00,11,0,1,0,1,4,8,19,1,0.546
RS0001924,H004,2026/1/4 00:00,5,0,1,0,1,0,4,22,1,0.596
RS0001925,H005,2026/1/4 00:00,12,3,1,1,1,3,4,12,1,0.655
RS0001926,H001,2026/1/4 04:00,7,7,1,1,3,5,5,17,1,0.765
RS0001927,H002,2026/1/4 04:00,14,3,1,1,1,2,5,12,1,0.595
RS0001928,H003,2026/1/4 04:00,6,1,1,0,2,4,6,24,1,0.686
RS0001929,H004,2026/1/4 04:00,4,0,1,0,0,0,4,17,1,0.804
RS0001930,H005,2026/1/4 04:00,9,7,1,1,0,2,3,10,1,0.729
RS0001931,H001,2026/1/4 08:00,9,8,1,1,2,1,2,13,1,0.725
RS0001932,H002,2026/1/4 08:00,12,0,0,1,0,1,2,20,0,0.593
RS0001933,H003,2026/1/4 08:00,10,1,1,0,2,0,1,14,1,0.681
RS0001934,H004,2026/1/4 08:00,4,0,1,0,0,2,2,9,1,0.766
RS0001935,H005,2026/1/4 08:00,9,0,1,1,0,4,3,19,1,0.858
RS0001936,H001,2026/1/4 12:00,11,5,1,1,2,6,6,15,1,0.656
RS0001937,H002,2026/1/4 12:00,8,0,1,1,1,0,1,18,1,0.713
RS0001938,H003,2026/1/4 12:00,9,2,1,0,1,3,4,15,1,0.55
RS0001939,H004,2026/1/4 12:00,3,3,1,0,1,2,5,6,1,0.832
RS0001940,H005,2026/1/4 12:00,13,5,1,1,0,5,4,11,1,0.588
RS0001941,H001,2026/1/4 16:00,5,6,1,1,0,5,0,4,1,0.958
RS0001942,H002,2026/1/4 16:00,1,0,1,1,0,2,1,11,1,0.963
RS0001943,H003,2026/1/4 16:00,7,2,1,0,1,0,3,10,1,0.656
RS0001944,H004,2026/1/4 16:00,5,0,1,0,0,0,6,14,1,0.601
RS0001945,H005,2026/1/4 16:00,10,0,1,1,0,2,0,19,0,0.823
RS0001946,H001,2026/1/4 20:00,11,9,1,1,1,3,1,2,1,0.65
RS0001947,H002,2026/1/4 20:00,0,2,1,1,0,2,7,3,1,1
RS0001948,H003,2026/1/4 20:00,10,0,1,0,1,1,4,19,1,0.7
RS0001949,H004,2026/1/4 20:00,3,6,1,0,0,0,5,19,1,0.787
RS0001950,H005,2026/1/4 20:00,14,2,1,1,1,6,5,12,1,0.624
RS0001951,H001,2026/1/5 00:00,18,4,1,1,0,7,2,14,1,0.647
RS0001952,H002,2026/1/5 00:00,5,9,1,1,2,5,4,21,1,0.743
RS0001953,H003,2026/1/5 00:00,12,6,1,0,0,4,5,17,1,0.422
RS0001954,H004,2026/1/5 00:00,10,0,1,0,0,4,3,20,1,0.492
RS0001955,H005,2026/1/5 00:00,16,11,1,1,2,5,3,23,1,0.6
RS0001956,H001,2026/1/5 04:00,6,9,0,1,3,7,2,23,1,0.922
RS0001957,H002,2026/1/5 04:00,7,2,1,1,2,8,4,19,1,0.754
RS0001958,H003,2026/1/5 04:00,3,2,1,0,1,0,4,14,1,0.838
RS0001959,H004,2026/1/5 04:00,0,0,1,0,0,3,1,20,1,1
RS0001960,H005,2026/1/5 04:00,11,1,1,1,0,0,3,18,1,0.717
RS0001961,H001,2026/1/5 08:00,14,1,1,1,2,3,6,24,1,0.573
RS0001962,H002,2026/1/5 08:00,9,6,1,1,0,5,0,12,1,0.675
RS0001963,H003,2026/1/5 08:00,14,0,1,0,1,0,6,14,1,0.404
RS0001964,H004,2026/1/5 08:00,11,5,1,0,0,1,2,11,1,0.302
RS0001965,H005,2026/1/5 08:00,8,5,1,1,2,5,6,18,1,0.886
RS0001966,H001,2026/1/5 12:00,14,5,1,1,1,5,6,19,1,0.639
RS0001967,H002,2026/1/5 12:00,7,2,1,1,0,0,1,10,1,0.797
RS0001968,H003,2026/1/5 12:00,7,3,1,0,2,2,5,5,1,0.727
RS0001969,H004,2026/1/5 12:00,3,5,1,0,0,4,0,22,1,0.886
RS0001970,H005,2026/1/5 12:00,17,1,1,1,0,4,0,16,1,0.488
RS0001971,H001,2026/1/5 16:00,9,6,1,1,0,6,4,2,1,0.779
RS0001972,H002,2026/1/5 16:00,10,9,1,1,1,6,3,18,1,0.773
RS0001973,H003,2026/1/5 16:00,7,6,1,0,0,2,0,12,1,0.773
RS0001974,H004,2026/1/5 16:00,4,6,1,0,1,1,4,16,1,0.79
RS0001975,H005,2026/1/5 16:00,11,2,1,1,0,4,0,12,1,0.82
RS0001976,H001,2026/1/5 20:00,15,8,1,1,1,3,5,7,1,0.694
RS0001977,H002,2026/1/5 20:00,5,8,1,1,0,0,3,13,1,0.816
RS0001978,H003,2026/1/5 20:00,2,3,1,0,0,0,3,10,1,0.858
RS0001979,H004,2026/1/5 20:00,0,0,0,0,1,0,0,15,1,1
RS0001980,H005,2026/1/5 20:00,8,3,1,1,1,5,5,13,1,0.916
RS0001981,H001,2026/1/6 00:00,10,7,0,1,2,3,6,18,1,0.895
RS0001982,H002,2026/1/6 00:00,13,6,1,1,0,1,2,14,1,0.565
RS0001983,H003,2026/1/6 00:00,10,0,1,0,0,2,4,9,1,0.527
RS0001984,H004,2026/1/6 00:00,2,0,1,0,0,0,4,21,1,0.979
RS0001985,H005,2026/1/6 00:00,12,0,0,1,3,7,6,19,1,0.672
RS0001986,H001,2026/1/6 04:00,16,7,1,1,3,6,6,14,1,0.619
RS0001987,H002,2026/1/6 04:00,11,0,1,1,0,4,8,24,1,0.675
RS0001988,H003,2026/1/6 04:00,4,2,1,0,1,3,2,14,1,0.907
RS0001989,H004,2026/1/6 04:00,8,0,1,0,1,3,5,23,1,0.483
RS0001990,H005,2026/1/6 04:00,16,2,1,1,1,6,6,7,1,0.528
RS0001991,H001,2026/1/6 08:00,6,3,1,1,1,5,5,24,0,0.902
RS0001992,H002,2026/1/6 08:00,12,4,1,1,0,7,6,24,1,0.731
RS0001993,H003,2026/1/6 08:00,3,6,1,0,0,2,7,3,0,0.979
RS0001994,H004,2026/1/6 08:00,1,0,1,0,0,0,3,14,1,0.887
RS0001995,H005,2026/1/6 08:00,12,4,1,1,0,2,3,20,1,0.788
RS0001996,H001,2026/1/6 12:00,12,0,1,1,2,2,2,16,1,0.735
RS0001997,H002,2026/1/6 12:00,4,4,1,0,0,6,7,7,1,0.857
RS0001998,H003,2026/1/6 12:00,6,1,1,0,1,0,5,9,1,0.776
RS0001999,H004,2026/1/6 12:00,2,1,1,0,0,0,3,6,1,0.945
RS0002000,H005,2026/1/6 12:00,5,2,1,1,0,4,4,21,1,1
RS0002001,H001,2026/1/6 16:00,8,8,1,1,1,4,5,12,1,0.909
RS0002002,H002,2026/1/6 16:00,6,0,1,1,1,0,2,18,1,0.782
RS0002003,H003,2026/1/6 16:00,8,5,1,0,1,2,7,17,1,0.688
RS0002004,H004,2026/1/6 16:00,1,1,1,0,0,2,10,5,1,1
RS0002005,H005,2026/1/6 16:00,10,5,1,1,0,6,3,16,1,0.809
RS0002006,H001,2026/1/6 20:00,11,7,1,1,0,2,5,15,1,0.661
RS0002007,H002,2026/1/6 20:00,15,0,1,1,1,0,0,20,1,0.617
RS0002008,H003,2026/1/6 20:00,8,0,1,0,0,2,4,15,1,0.609
RS0002009,H004,2026/1/6 20:00,0,0,1,0,0,0,3,23,1,1
RS0002010,H005,2026/1/6 20:00,7,0,1,1,1,4,4,8,1,0.916
RS0002011,H001,2026/1/7 00:00,14,1,1,1,2,4,3,18,1,0.812
RS0002012,H002,2026/1/7 00:00,10,6,1,1,0,7,7,16,1,0.683
RS0002013,H003,2026/1/7 00:00,3,1,1,0,1,2,4,16,0,1
RS0002014,H004,2026/1/7 00:00,6,5,1,0,0,1,3,19,1,0.586
RS0002015,H005,2026/1/7 00:00,18,6,1,1,1,3,2,26,1,0.656
RS0002016,H001,2026/1/7 04:00,17,8,1,1,2,7,7,20,1,0.695
RS0002017,H002,2026/1/7 04:00,7,5,1,1,0,0,3,20,1,0.804
RS0002018,H003,2026/1/7 04:00,8,0,1,0,1,3,1,3,1,0.595
RS0002019,H004,2026/1/7 04:00,1,0,1,0,1,1,8,12,1,0.919
RS0002020,H005,2026/1/7 04:00,16,1,1,0,1,7,2,21,1,0.661
RS0002021,H001,2026/1/7 08:00,14,7,1,0,2,5,2,15,1,0.652
RS0002022,H002,2026/1/7 08:00,10,5,1,1,0,3,5,14,1,0.693
RS0002023,H003,2026/1/7 08:00,3,3,1,0,2,1,10,22,1,0.897
RS0002024,H004,2026/1/7 08:00,4,4,1,0,0,3,4,9,1,0.828
RS0002025,H005,2026/1/7 08:00,13,0,1,1,3,6,5,10,1,0.643
RS0002026,H001,2026/1/7 12:00,6,7,1,1,3,3,6,16,1,0.987
RS0002027,H002,2026/1/7 12:00,0,2,1,1,0,5,5,22,1,0.974
RS0002028,H003,2026/1/7 12:00,5,5,1,0,2,2,5,16,1,0.699
RS0002029,H004,2026/1/7 12:00,0,0,1,0,0,3,5,22,1,0.946
RS0002030,H005,2026/1/7 12:00,6,3,1,1,2,2,5,11,1,0.937
RS0002031,H001,2026/1/7 16:00,15,8,1,1,0,6,1,14,1,0.637
RS0002032,H002,2026/1/7 16:00,2,7,1,1,1,0,4,16,1,1
RS0002033,H003,2026/1/7 16:00,7,1,1,0,1,5,3,18,1,0.845
RS0002034,H004,2026/1/7 16:00,6,6,1,0,0,2,3,17,1,0.748
RS0002035,H005,2026/1/7 16:00,17,5,1,1,0,2,6,17,1,0.479
RS0002036,H001,2026/1/7 20:00,9,0,1,0,0,4,0,17,1,0.793
RS0002037,H002,2026/1/7 20:00,3,5,0,1,1,3,4,15,1,0.85
RS0002038,H003,2026/1/7 20:00,9,2,1,0,2,5,3,11,1,0.553
RS0002039,H004,2026/1/7 20:00,1,2,1,0,0,3,4,18,1,1
RS0002040,H005,2026/1/7 20:00,12,1,1,1,1,1,3,17,1,0.704
RS0002041,H001,2026/1/8 00:00,20,9,1,1,2,5,5,18,1,0.607
RS0002042,H002,2026/1/8 00:00,7,2,1,1,1,6,7,15,1,0.901
RS0002043,H003,2026/1/8 00:00,6,0,1,0,0,1,5,17,1,0.86
RS0002044,H004,2026/1/8 00:00,11,0,0,0,0,0,5,24,1,0.4
RS0002045,H005,2026/1/8 00:00,14,5,1,1,3,3,0,12,1,0.765
RS0002046,H001,2026/1/8 04:00,18,4,1,1,0,3,7,12,1,0.502
RS0002047,H002,2026/1/8 04:00,4,5,1,1,2,5,3,6,1,0.964
RS0002048,H003,2026/1/8 04:00,6,0,1,0,1,1,5,17,1,0.682
RS0002049,H004,2026/1/8 04:00,0,8,1,0,0,0,6,22,1,0.913
RS0002050,H005,2026/1/8 04:00,14,2,1,1,2,7,5,20,1,0.542
RS0002051,H001,2026/1/8 08:00,21,6,1,0,2,4,7,12,0,0.572
RS0002052,H002,2026/1/8 08:00,13,5,1,1,0,0,2,18,1,0.524
RS0002053,H003,2026/1/8 08:00,13,0,1,0,0,1,7,18,1,0.493
RS0002054,H004,2026/1/8 08:00,10,2,1,0,0,1,1,20,1,0.461
RS0002055,H005,2026/1/8 08:00,13,0,1,1,2,5,5,15,1,0.633
RS0002056,H001,2026/1/8 12:00,11,9,1,1,1,8,6,10,0,0.794
RS0002057,H002,2026/1/8 12:00,18,8,1,1,0,0,2,12,1,0.308
RS0002058,H003,2026/1/8 12:00,5,6,1,0,0,1,2,16,1,0.872
RS0002059,H004,2026/1/8 12:00,6,5,1,0,1,0,9,17,1,0.666
RS0002060,H005,2026/1/8 12:00,3,6,1,1,0,5,2,13,1,0.844
RS0002061,H001,2026/1/8 16:00,10,4,1,0,0,3,3,9,1,0.789
RS0002062,H002,2026/1/8 16:00,11,6,1,1,0,1,1,8,1,0.725
RS0002063,H003,2026/1/8 16:00,9,2,1,0,1,0,4,12,1,0.773
RS0002064,H004,2026/1/8 16:00,8,0,1,0,0,0,6,13,0,0.636
RS0002065,H005,2026/1/8 16:00,14,5,1,1,1,2,4,8,1,0.652
RS0002066,H001,2026/1/8 20:00,11,4,1,1,0,3,4,23,1,0.838
RS0002067,H002,2026/1/8 20:00,9,1,1,1,2,2,2,9,1,0.644
RS0002068,H003,2026/1/8 20:00,1,4,1,0,0,3,3,13,1,0.914
RS0002069,H004,2026/1/8 20:00,0,1,1,0,0,1,3,10,1,1
RS0002070,H005,2026/1/8 20:00,8,0,1,1,0,4,4,17,1,0.726
RS0002071,H001,2026/1/9 00:00,16,7,1,1,1,6,2,18,1,0.597
RS0002072,H002,2026/1/9 00:00,12,1,1,1,0,0,5,18,0,0.644
RS0002073,H003,2026/1/9 00:00,14,5,0,0,0,4,10,12,1,0.413
RS0002074,H004,2026/1/9 00:00,13,1,1,0,0,2,5,14,1,0.283
RS0002075,H005,2026/1/9 00:00,15,5,0,1,3,5,6,16,1,0.556
RS0002076,H001,2026/1/9 04:00,14,5,1,1,3,7,4,16,1,0.707
RS0002077,H002,2026/1/9 04:00,10,2,1,1,1,7,8,16,0,0.714
RS0002078,H003,2026/1/9 04:00,7,8,1,0,1,0,2,29,1,0.617
RS0002079,H004,2026/1/9 04:00,9,6,1,0,1,2,7,16,1,0.568
RS0002080,H005,2026/1/9 04:00,11,5,1,1,2,6,4,15,1,0.821
RS0002081,H001,2026/1/9 08:00,10,9,1,1,3,9,0,27,1,0.895
RS0002082,H002,2026/1/9 08:00,9,6,1,1,1,3,5,18,1,0.738
RS0002083,H003,2026/1/9 08:00,13,0,1,0,2,3,4,19,1,0.485
RS0002084,H004,2026/1/9 08:00,3,5,1,0,0,0,2,22,0,0.841
RS0002085,H005,2026/1/9 08:00,19,6,1,1,1,4,6,13,1,0.585
RS0002086,H001,2026/1/9 12:00,13,6,1,1,0,5,4,18,1,0.68
RS0002087,H002,2026/1/9 12:00,6,2,1,1,0,2,2,22,1,0.842
RS0002088,H003,2026/1/9 12:00,9,7,1,0,0,3,5,11,1,0.529
RS0002089,H004,2026/1/9 12:00,2,0,1,0,1,2,3,14,1,0.957
RS0002090,H005,2026/1/9 12:00,7,6,1,1,0,5,5,15,1,0.718
RS0002091,H001,2026/1/9 16:00,7,6,1,1,1,7,2,13,1,0.889
RS0002092,H002,2026/1/9 16:00,2,1,1,0,2,4,3,6,1,0.845
RS0002093,H003,2026/1/9 16:00,3,5,1,0,0,0,3,11,1,1
RS0002094,H004,2026/1/9 16:00,10,1,1,0,0,0,3,11,1,0.508
RS0002095,H005,2026/1/9 16:00,10,4,1,0,1,3,5,16,1,0.848
RS0002096,H001,2026/1/9 20:00,9,6,1,1,0,5,4,19,1,0.833
RS0002097,H002,2026/1/9 20:00,10,1,1,1,0,0,7,11,1,0.708
RS0002098,H003,2026/1/9 20:00,6,2,1,0,1,0,0,20,1,0.885
RS0002099,H004,2026/1/9 20:00,1,4,1,0,0,0,4,14,1,0.838
RS0002100,H005,2026/1/9 20:00,10,0,1,1,1,5,6,16,1,0.694
RS0002101,H001,2026/1/10 00:00,10,3,1,1,0,4,3,15,1,0.726
RS0002102,H002,2026/1/10 00:00,9,0,1,1,1,1,0,11,1,0.746
RS0002103,H003,2026/1/10 00:00,6,2,1,0,0,2,2,22,1,0.793
RS0002104,H004,2026/1/10 00:00,1,5,1,0,1,2,5,21,1,1
RS0002105,H005,2026/1/10 00:00,17,5,1,1,0,5,5,16,1,0.511
RS0002106,H001,2026/1/10 04:00,13,4,1,1,2,7,5,10,1,0.831
RS0002107,H002,2026/1/10 04:00,6,8,1,1,2,4,5,16,1,0.719
RS0002108,H003,2026/1/10 04:00,5,0,1,0,0,0,7,13,1,0.878
RS0002109,H004,2026/1/10 04:00,0,0,1,0,1,0,4,13,1,1
RS0002110,H005,2026/1/10 04:00,7,4,1,1,0,6,5,19,1,0.958
RS0002111,H001,2026/1/10 08:00,11,7,1,1,2,6,5,15,1,0.771
RS0002112,H002,2026/1/10 08:00,3,2,0,1,2,3,3,15,1,0.801
RS0002113,H003,2026/1/10 08:00,0,2,0,0,0,4,0,23,1,1
RS0002114,H004,2026/1/10 08:00,4,1,1,0,1,2,4,22,1,0.751
RS0002115,H005,2026/1/10 08:00,7,4,1,1,3,6,3,11,1,0.746
RS0002116,H001,2026/1/10 12:00,10,0,1,1,1,7,2,17,1,0.91
RS0002117,H002,2026/1/10 12:00,2,5,1,1,1,0,0,14,1,0.973
RS0002118,H003,2026/1/10 12:00,9,0,1,0,0,3,3,0,0,0.591
RS0002119,H004,2026/1/10 12:00,8,1,0,0,0,4,3,7,1,0.527
RS0002120,H005,2026/1/10 12:00,9,1,1,1,1,0,8,7,0,0.855
RS0002121,H001,2026/1/10 16:00,14,9,1,1,1,4,2,15,1,0.581
RS0002122,H002,2026/1/10 16:00,7,7,1,1,0,3,3,13,1,0.769
RS0002123,H003,2026/1/10 16:00,7,2,1,0,0,0,5,19,1,0.764
RS0002124,H004,2026/1/10 16:00,1,0,1,0,0,0,2,12,1,1
RS0002125,H005,2026/1/10 16:00,13,3,1,1,1,3,2,14,1,0.686
RS0002126,H001,2026/1/10 20:00,11,8,1,1,0,5,2,7,1,0.64
RS0002127,H002,2026/1/10 20:00,9,2,1,1,0,2,2,18,1,0.766
RS0002128,H003,2026/1/10 20:00,9,2,1,0,0,2,1,2,1,0.744
RS0002129,H004,2026/1/10 20:00,7,0,1,0,0,1,7,19,1,0.48
RS0002130,H005,2026/1/10 20:00,3,7,1,1,0,1,3,15,1,0.838
RS0002131,H001,2026/1/11 00:00,6,9,1,1,1,9,3,14,1,0.771
RS0002132,H002,2026/1/11 00:00,5,1,1,1,2,4,4,10,1,0.745
RS0002133,H003,2026/1/11 00:00,9,9,1,0,0,3,8,19,1,0.551
RS0002134,H004,2026/1/11 00:00,3,0,1,0,0,0,5,22,1,0.793
RS0002135,H005,2026/1/11 00:00,14,2,1,1,1,4,2,14,1,0.772
RS0002136,H001,2026/1/11 04:00,16,7,1,0,1,4,5,22,1,0.583
RS0002137,H002,2026/1/11 04:00,2,0,1,1,1,4,5,17,1,0.861
RS0002138,H003,2026/1/11 04:00,4,6,1,0,0,3,4,19,1,0.825
RS0002139,H004,2026/1/11 04:00,11,3,1,0,0,1,2,13,1,0.328
RS0002140,H005,2026/1/11 04:00,11,3,1,1,1,2,4,12,1,0.639
RS0002141,H001,2026/1/11 08:00,9,4,1,1,1,5,1,16,0,0.872
RS0002142,H002,2026/1/11 08:00,6,2,1,1,1,6,5,17,1,0.768
RS0002143,H003,2026/1/11 08:00,1,2,1,0,0,0,4,11,1,0.96
RS0002144,H004,2026/1/11 08:00,7,0,1,0,0,2,5,15,1,0.526
RS0002145,H005,2026/1/11 08:00,8,2,1,1,3,5,5,13,1,0.843
RS0002146,H001,2026/1/11 12:00,11,1,1,1,0,0,3,6,1,0.844
RS0002147,H002,2026/1/11 12:00,8,0,1,1,0,5,5,7,1,0.879
RS0002148,H003,2026/1/11 12:00,4,0,1,0,1,3,1,11,1,0.968
RS0002149,H004,2026/1/11 12:00,2,5,1,0,0,0,2,17,1,0.927
RS0002150,H005,2026/1/11 12:00,14,2,1,1,0,5,5,14,1,0.69
RS0002151,H001,2026/1/11 16:00,22,3,1,1,1,4,5,18,1,0.556
RS0002152,H002,2026/1/11 16:00,6,4,1,1,0,2,1,13,1,0.746
RS0002153,H003,2026/1/11 16:00,5,1,1,0,1,0,3,11,1,0.726
RS0002154,H004,2026/1/11 16:00,10,3,1,0,1,3,6,14,1,0.298
RS0002155,H005,2026/1/11 16:00,17,5,1,0,1,3,1,16,1,0.514
RS0002156,H001,2026/1/11 20:00,2,2,1,1,0,3,5,15,1,1
RS0002157,H002,2026/1/11 20:00,7,1,0,1,1,3,4,12,1,0.832
RS0002158,H003,2026/1/11 20:00,0,2,1,0,1,1,2,24,1,1
RS0002159,H004,2026/1/11 20:00,6,0,1,0,0,0,6,9,1,0.72
RS0002160,H005,2026/1/11 20:00,13,7,1,1,0,6,3,14,0,0.693
RS0002161,H001,2026/1/12 00:00,17,2,1,0,4,5,2,19,1,0.639
RS0002162,H002,2026/1/12 00:00,14,3,1,1,0,2,4,16,1,0.655
RS0002163,H003,2026/1/12 00:00,4,2,1,0,0,5,0,19,1,0.795
RS0002164,H004,2026/1/12 00:00,12,0,1,0,0,0,6,16,1,0.306
RS0002165,H005,2026/1/12 00:00,18,2,1,0,1,4,3,23,1,0.569
RS0002166,H001,2026/1/12 04:00,20,6,1,0,2,9,5,20,1,0.632
RS0002167,H002,2026/1/12 04:00,12,0,1,1,2,3,4,23,1,0.693
RS0002168,H003,2026/1/12 04:00,8,9,1,0,1,3,8,13,0,0.598
RS0002169,H004,2026/1/12 04:00,6,0,1,0,0,1,5,22,1,0.584
RS0002170,H005,2026/1/12 04:00,14,2,1,0,3,4,3,22,1,0.753
RS0002171,H001,2026/1/12 08:00,12,0,1,1,2,5,6,16,1,0.825
RS0002172,H002,2026/1/12 08:00,5,8,1,1,1,2,1,26,1,0.863
RS0002173,H003,2026/1/12 08:00,11,0,1,0,1,5,4,24,0,0.65
RS0002174,H004,2026/1/12 08:00,7,5,1,0,1,4,6,11,1,0.581
RS0002175,H005,2026/1/12 08:00,7,7,1,1,2,1,8,28,1,0.962
RS0002176,H001,2026/1/12 12:00,3,0,0,1,2,3,2,11,1,1
RS0002177,H002,2026/1/12 12:00,0,0,1,1,0,0,0,18,1,1
RS0002178,H003,2026/1/12 12:00,8,0,1,0,2,2,1,8,1,0.62
RS0002179,H004,2026/1/12 12:00,3,6,1,0,0,2,3,14,1,0.798
RS0002180,H005,2026/1/12 12:00,16,3,1,1,1,6,6,13,1,0.557
RS0002181,H001,2026/1/12 16:00,10,3,1,1,1,4,7,17,1,0.703
RS0002182,H002,2026/1/12 16:00,10,8,1,1,0,2,8,14,1,0.568
RS0002183,H003,2026/1/12 16:00,8,7,1,0,0,3,1,19,0,0.779
RS0002184,H004,2026/1/12 16:00,12,0,1,0,0,5,4,21,1,0.246
RS0002185,H005,2026/1/12 16:00,6,3,1,1,1,1,2,20,1,0.828
RS0002186,H001,2026/1/12 20:00,12,0,1,1,1,5,5,7,1,0.627
RS0002187,H002,2026/1/12 20:00,8,2,1,1,1,2,2,26,1,0.797
RS0002188,H003,2026/1/12 20:00,10,0,1,0,1,3,7,20,1,0.514
RS0002189,H004,2026/1/12 20:00,5,0,1,0,0,0,5,13,1,0.701
RS0002190,H005,2026/1/12 20:00,17,3,1,1,1,3,0,12,1,0.461
RS0002191,H001,2026/1/13 00:00,19,6,1,1,1,5,5,14,1,0.663
RS0002192,H002,2026/1/13 00:00,10,6,1,1,2,2,1,22,1,0.773
RS0002193,H003,2026/1/13 00:00,12,0,1,0,1,6,5,13,1,0.504
RS0002194,H004,2026/1/13 00:00,11,0,1,0,0,0,5,17,1,0.337
RS0002195,H005,2026/1/13 00:00,11,2,1,1,2,2,3,19,1,0.791
RS0002196,H001,2026/1/13 04:00,14,10,1,0,2,4,4,22,1,0.737
RS0002197,H002,2026/1/13 04:00,7,0,1,1,0,3,4,17,1,0.902
RS0002198,H003,2026/1/13 04:00,0,4,1,0,0,1,2,17,1,1
RS0002199,H004,2026/1/13 04:00,4,7,1,0,0,0,4,18,1,0.897
RS0002200,H005,2026/1/13 04:00,14,7,1,1,1,4,8,25,1,0.716
RS0002201,H001,2026/1/13 08:00,17,2,1,1,1,6,0,18,1,0.744
RS0002202,H002,2026/1/13 08:00,2,6,1,1,1,1,5,22,1,0.88
RS0002203,H003,2026/1/13 08:00,11,2,1,0,2,4,3,17,1,0.471
RS0002204,H004,2026/1/13 08:00,6,0,1,0,0,0,2,21,1,0.61
RS0002205,H005,2026/1/13 08:00,16,7,1,1,1,6,3,18,1,0.664
RS0002206,H001,2026/1/13 12:00,11,6,1,1,0,0,3,17,1,0.839
RS0002207,H002,2026/1/13 12:00,15,0,1,1,1,5,4,19,1,0.547
RS0002208,H003,2026/1/13 12:00,6,4,1,0,1,2,1,18,1,0.897
RS0002209,H004,2026/1/13 12:00,5,1,1,0,0,0,3,17,1,0.735
RS0002210,H005,2026/1/13 12:00,11,9,1,1,1,5,4,18,1,0.753
RS0002211,H001,2026/1/13 16:00,8,2,1,1,1,3,4,15,1,0.864
RS0002212,H002,2026/1/13 16:00,8,3,1,1,0,2,6,18,1,0.792
RS0002213,H003,2026/1/13 16:00,1,6,1,0,0,2,3,20,1,1
RS0002214,H004,2026/1/13 16:00,8,5,1,0,0,1,5,15,1,0.567
RS0002215,H005,2026/1/13 16:00,8,8,1,1,1,4,3,24,1,0.787
RS0002216,H001,2026/1/13 20:00,8,4,1,1,3,4,3,9,1,0.867
RS0002217,H002,2026/1/13 20:00,1,7,0,1,0,4,6,19,1,0.989
RS0002218,H003,2026/1/13 20:00,9,4,1,0,2,0,8,19,1,0.625
RS0002219,H004,2026/1/13 20:00,1,4,1,0,0,2,0,25,1,1
RS0002220,H005,2026/1/13 20:00,15,3,1,1,2,3,2,5,1,0.66
RS0002221,H001,2026/1/14 00:00,16,9,1,0,2,7,2,25,1,0.737
RS0002222,H002,2026/1/14 00:00,19,9,1,0,1,5,2,20,0,0.464
RS0002223,H003,2026/1/14 00:00,7,9,1,0,1,3,5,23,1,0.661
RS0002224,H004,2026/1/14 00:00,4,4,1,0,1,4,3,14,1,0.849
RS0002225,H005,2026/1/14 00:00,16,5,1,1,1,6,4,19,1,0.671
RS0002226,H001,2026/1/14 04:00,16,5,1,1,2,2,6,15,1,0.61
RS0002227,H002,2026/1/14 04:00,6,0,1,1,1,2,0,18,1,0.817
RS0002228,H003,2026/1/14 04:00,14,3,1,0,0,6,6,19,1,0.416
RS0002229,H004,2026/1/14 04:00,0,0,1,0,1,2,7,15,1,1
RS0002230,H005,2026/1/14 04:00,10,7,1,1,1,6,4,7,1,0.822
RS0002231,H001,2026/1/14 08:00,18,5,1,1,3,5,1,13,1,0.485
RS0002232,H002,2026/1/14 08:00,12,8,1,1,1,2,4,10,1,0.595
RS0002233,H003,2026/1/14 08:00,2,8,0,0,0,0,4,11,1,0.917
RS0002234,H004,2026/1/14 08:00,8,4,1,0,0,3,2,17,1,0.588
RS0002235,H005,2026/1/14 08:00,11,0,1,1,1,5,7,15,1,0.699
RS0002236,H001,2026/1/14 12:00,14,2,1,1,0,5,3,15,1,0.734
RS0002237,H002,2026/1/14 12:00,7,2,1,1,0,1,5,20,1,0.833
RS0002238,H003,2026/1/14 12:00,4,2,1,0,0,0,5,13,1,0.949
RS0002239,H004,2026/1/14 12:00,4,4,1,0,0,0,4,9,0,0.724
RS0002240,H005,2026/1/14 12:00,5,0,1,1,1,1,3,23,1,0.836
RS0002241,H001,2026/1/14 16:00,13,4,1,1,2,2,1,19,1,0.759
RS0002242,H002,2026/1/14 16:00,7,1,1,1,0,0,5,13,1,0.701
RS0002243,H003,2026/1/14 16:00,2,0,1,0,0,0,7,19,1,0.853
RS0002244,H004,2026/1/14 16:00,12,4,1,0,0,1,1,15,1,0.373
RS0002245,H005,2026/1/14 16:00,11,3,1,1,0,3,2,26,1,0.661
RS0002246,H001,2026/1/14 20:00,12,4,1,1,1,9,5,20,1,0.753
RS0002247,H002,2026/1/14 20:00,14,6,1,1,1,1,5,17,1,0.58
RS0002248,H003,2026/1/14 20:00,13,2,1,0,0,1,4,5,1,0.528
RS0002249,H004,2026/1/14 20:00,3,0,1,0,0,4,1,14,1,0.871
RS0002250,H005,2026/1/14 20:00,4,4,1,1,1,4,7,19,0,0.975
RS0002251,H001,2026/1/15 00:00,18,5,1,0,1,6,6,14,1,0.716
RS0002252,H002,2026/1/15 00:00,14,8,1,0,0,3,3,12,1,0.568
RS0002253,H003,2026/1/15 00:00,3,1,0,0,1,4,7,23,0,0.871
RS0002254,H004,2026/1/15 00:00,6,5,1,0,0,1,3,14,1,0.698
RS0002255,H005,2026/1/15 00:00,8,6,1,1,1,4,4,13,1,0.841
RS0002256,H001,2026/1/15 04:00,18,6,1,1,3,9,7,34,1,0.711
RS0002257,H002,2026/1/15 04:00,5,0,1,1,0,7,6,13,1,0.955
RS0002258,H003,2026/1/15 04:00,15,4,1,0,0,0,1,17,1,0.38
RS0002259,H004,2026/1/15 04:00,3,2,1,0,0,0,7,18,1,0.946
RS0002260,H005,2026/1/15 04:00,20,11,1,1,2,10,5,15,1,0.601
RS0002261,H001,2026/1/15 08:00,20,4,1,0,0,8,4,16,1,0.485
RS0002262,H002,2026/1/15 08:00,10,6,1,1,2,4,4,30,0,0.786
RS0002263,H003,2026/1/15 08:00,8,6,1,0,1,2,3,16,1,0.813
RS0002264,H004,2026/1/15 08:00,7,2,1,0,0,0,4,14,1,0.571
RS0002265,H005,2026/1/15 08:00,10,8,1,0,0,3,5,23,1,0.733
RS0002266,H001,2026/1/15 12:00,11,7,1,1,1,3,3,5,1,0.876
RS0002267,H002,2026/1/15 12:00,14,3,1,0,0,4,0,13,1,0.585
RS0002268,H003,2026/1/15 12:00,1,3,1,0,0,1,3,11,1,0.987
RS0002269,H004,2026/1/15 12:00,7,0,1,0,1,0,3,12,1,0.511
RS0002270,H005,2026/1/15 12:00,12,6,1,1,0,5,4,10,0,0.814
RS0002271,H001,2026/1/15 16:00,11,4,1,1,1,6,6,20,1,0.875
RS0002272,H002,2026/1/15 16:00,12,7,1,1,2,1,3,16,1,0.596
RS0002273,H003,2026/1/15 16:00,4,2,1,0,0,4,2,12,1,0.762
RS0002274,H004,2026/1/15 16:00,2,0,1,0,0,5,2,14,1,0.967
RS0002275,H005,2026/1/15 16:00,7,8,1,1,0,3,1,8,1,0.923
RS0002276,H001,2026/1/15 20:00,13,8,1,1,0,4,4,20,1,0.724
RS0002277,H002,2026/1/15 20:00,6,8,1,1,1,4,6,15,1,0.863
RS0002278,H003,2026/1/15 20:00,5,3,1,0,2,3,6,18,1,0.935
RS0002279,H004,2026/1/15 20:00,0,0,1,0,0,0,2,21,1,0.918
RS0002280,H005,2026/1/15 20:00,6,5,1,1,1,5,5,10,1,0.848
RS0002281,H001,2026/1/16 00:00,9,4,1,1,1,4,4,8,1,0.717
RS0002282,H002,2026/1/16 00:00,17,1,1,1,1,5,4,23,1,0.356
RS0002283,H003,2026/1/16 00:00,10,1,1,0,2,0,9,22,1,0.692
RS0002284,H004,2026/1/16 00:00,10,4,1,0,0,4,7,23,1,0.392
RS0002285,H005,2026/1/16 00:00,10,7,1,1,3,7,8,7,1,0.863
RS0002286,H001,2026/1/16 04:00,12,7,1,0,0,5,6,22,1,0.798
RS0002287,H002,2026/1/16 04:00,7,2,1,1,1,2,7,11,1,0.911
RS0002288,H003,2026/1/16 04:00,2,4,1,0,0,2,0,18,1,0.929
RS0002289,H004,2026/1/16 04:00,12,0,1,0,1,2,8,18,1,0.35
RS0002290,H005,2026/1/16 04:00,17,10,1,1,1,2,4,22,1,0.596
RS0002291,H001,2026/1/16 08:00,13,5,1,1,2,5,4,25,1,0.628
RS0002292,H002,2026/1/16 08:00,13,4,1,1,0,0,5,22,1,0.512
RS0002293,H003,2026/1/16 08:00,5,0,1,0,0,2,0,10,1,0.928
RS0002294,H004,2026/1/16 08:00,11,2,1,0,0,2,2,19,1,0.367
RS0002295,H005,2026/1/16 08:00,10,6,1,1,3,3,2,19,1,0.863
RS0002296,H001,2026/1/16 12:00,8,3,1,1,2,6,4,16,1,0.891
RS0002297,H002,2026/1/16 12:00,12,1,1,1,1,1,3,16,1,0.599
RS0002298,H003,2026/1/16 12:00,11,2,1,0,0,5,3,23,1,0.654
RS0002299,H004,2026/1/16 12:00,5,0,1,0,1,1,7,22,1,0.798
RS0002300,H005,2026/1/16 12:00,10,0,1,1,0,4,0,6,1,0.786
RS0002301,H001,2026/1/16 16:00,8,11,1,1,2,3,4,13,1,0.952
RS0002302,H002,2026/1/16 16:00,14,6,1,1,0,2,0,18,1,0.532
RS0002303,H003,2026/1/16 16:00,6,2,1,0,0,0,3,21,0,0.877
RS0002304,H004,2026/1/16 16:00,8,1,1,0,1,1,3,9,1,0.406
RS0002305,H005,2026/1/16 16:00,18,6,1,1,1,7,5,8,1,0.53
RS0002306,H001,2026/1/16 20:00,10,7,1,1,0,4,5,18,1,0.726
RS0002307,H002,2026/1/16 20:00,1,1,1,1,2,2,3,11,1,1
RS0002308,H003,2026/1/16 20:00,9,4,0,0,0,1,1,11,1,0.677
RS0002309,H004,2026/1/16 20:00,10,3,1,0,0,2,3,12,1,0.348
RS0002310,H005,2026/1/16 20:00,17,3,0,1,1,3,1,14,1,0.457
RS0002311,H001,2026/1/17 00:00,6,6,1,1,1,5,3,22,1,0.847
RS0002312,H002,2026/1/17 00:00,8,0,1,0,2,0,5,18,1,0.686
RS0002313,H003,2026/1/17 00:00,8,4,1,0,2,6,7,18,1,0.567
RS0002314,H004,2026/1/17 00:00,12,0,1,0,1,3,0,18,1,0.263
RS0002315,H005,2026/1/17 00:00,14,10,1,0,1,6,4,10,1,0.633
RS0002316,H001,2026/1/17 04:00,10,8,1,1,2,6,6,12,1,0.757
RS0002317,H002,2026/1/17 04:00,9,2,1,0,1,4,7,15,1,0.668
RS0002318,H003,2026/1/17 04:00,10,0,1,0,1,6,1,21,1,0.588
RS0002319,H004,2026/1/17 04:00,8,2,0,0,1,2,5,16,1,0.464
RS0002320,H005,2026/1/17 04:00,10,1,1,1,1,6,6,9,1,0.834
RS0002321,H001,2026/1/17 08:00,12,6,1,1,0,4,6,18,1,0.684
RS0002322,H002,2026/1/17 08:00,6,2,1,1,1,0,6,14,1,0.866
RS0002323,H003,2026/1/17 08:00,5,0,1,0,0,1,2,22,1,0.872
RS0002324,H004,2026/1/17 08:00,5,1,0,0,0,2,4,19,1,0.59
RS0002325,H005,2026/1/17 08:00,4,3,1,1,2,4,3,23,1,1
RS0002326,H001,2026/1/17 12:00,13,3,1,0,2,4,3,19,1,0.837
RS0002327,H002,2026/1/17 12:00,8,0,1,1,0,6,3,14,1,0.729
RS0002328,H003,2026/1/17 12:00,0,5,1,0,1,3,3,20,1,1
RS0002329,H004,2026/1/17 12:00,2,0,1,0,0,0,1,8,1,1
RS0002330,H005,2026/1/17 12:00,4,5,1,1,1,5,8,13,1,0.915
RS0002331,H001,2026/1/17 16:00,14,7,1,1,1,4,3,16,1,0.744
RS0002332,H002,2026/1/17 16:00,13,0,1,1,2,2,2,9,1,0.666
RS0002333,H003,2026/1/17 16:00,11,4,1,0,1,1,3,9,0,0.648
RS0002334,H004,2026/1/17 16:00,0,2,1,0,1,2,4,16,1,1
RS0002335,H005,2026/1/17 16:00,14,3,1,1,1,0,0,18,1,0.594
RS0002336,H001,2026/1/17 20:00,16,10,1,1,1,0,5,20,1,0.636
RS0002337,H002,2026/1/17 20:00,14,0,0,1,0,2,3,19,1,0.446
RS0002338,H003,2026/1/17 20:00,6,1,1,0,1,0,1,17,1,0.875
RS0002339,H004,2026/1/17 20:00,0,6,1,0,0,2,3,12,1,0.94
RS0002340,H005,2026/1/17 20:00,7,2,1,1,1,5,4,13,1,0.86
RS0002341,H001,2026/1/18 00:00,10,0,1,1,1,4,2,21,1,0.697
RS0002342,H002,2026/1/18 00:00,13,2,1,1,0,2,4,8,1,0.663
RS0002343,H003,2026/1/18 00:00,5,1,1,0,1,0,3,12,1,0.773
RS0002344,H004,2026/1/18 00:00,9,2,1,0,0,0,6,14,1,0.368
RS0002345,H005,2026/1/18 00:00,13,7,1,1,2,3,1,12,0,0.629
RS0002346,H001,2026/1/18 04:00,15,7,1,1,1,6,4,13,1,0.725
RS0002347,H002,2026/1/18 04:00,7,0,0,1,0,1,4,12,1,0.761
RS0002348,H003,2026/1/18 04:00,4,2,1,0,0,2,5,14,1,0.911
RS0002349,H004,2026/1/18 04:00,4,4,1,0,1,0,2,19,1,0.679
RS0002350,H005,2026/1/18 04:00,13,0,1,1,0,7,2,16,1,0.732
RS0002351,H001,2026/1/18 08:00,13,4,1,1,0,2,2,20,1,0.656
RS0002352,H002,2026/1/18 08:00,16,3,1,1,0,3,4,11,1,0.604
RS0002353,H003,2026/1/18 08:00,9,2,1,0,0,2,5,18,1,0.551
RS0002354,H004,2026/1/18 08:00,3,1,1,0,0,1,2,6,1,0.804
RS0002355,H005,2026/1/18 08:00,12,4,1,1,0,4,3,16,1,0.712
RS0002356,H001,2026/1/18 12:00,11,3,1,1,1,3,3,18,1,0.702
RS0002357,H002,2026/1/18 12:00,4,2,1,1,0,2,2,14,1,0.897
RS0002358,H003,2026/1/18 12:00,10,5,0,0,0,3,5,13,0,0.495
RS0002359,H004,2026/1/18 12:00,10,0,1,0,0,0,4,22,1,0.316
RS0002360,H005,2026/1/18 12:00,16,8,1,1,1,4,6,14,1,0.618
RS0002361,H001,2026/1/18 16:00,10,6,1,1,2,2,4,16,1,0.725
RS0002362,H002,2026/1/18 16:00,8,10,1,1,0,6,4,8,0,0.748
RS0002363,H003,2026/1/18 16:00,7,0,1,0,0,2,4,21,1,0.646
RS0002364,H004,2026/1/18 16:00,7,4,1,0,0,4,3,12,1,0.621
RS0002365,H005,2026/1/18 16:00,8,4,1,1,1,4,1,9,1,0.779
RS0002366,H001,2026/1/18 20:00,13,4,1,1,2,5,3,13,1,0.72
RS0002367,H002,2026/1/18 20:00,9,6,1,1,0,2,2,7,1,0.658
RS0002368,H003,2026/1/18 20:00,10,2,1,0,0,5,5,16,1,0.677
RS0002369,H004,2026/1/18 20:00,0,4,1,0,1,0,6,17,1,0.918
RS0002370,H005,2026/1/18 20:00,14,4,1,1,1,5,2,20,1,0.59
RS0002371,H001,2026/1/19 00:00,9,6,1,1,1,7,5,21,1,0.901
RS0002372,H002,2026/1/19 00:00,12,2,1,1,0,3,7,18,0,0.533
RS0002373,H003,2026/1/19 00:00,8,2,1,0,2,3,4,16,1,0.629
RS0002374,H004,2026/1/19 00:00,10,3,0,0,0,2,5,16,1,0.506
RS0002375,H005,2026/1/19 00:00,13,7,1,1,2,4,7,18,1,0.591
RS0002376,H001,2026/1/19 04:00,17,9,1,0,2,7,6,25,0,0.703
RS0002377,H002,2026/1/19 04:00,13,5,1,1,1,5,5,10,1,0.713
RS0002378,H003,2026/1/19 04:00,3,2,1,0,0,5,5,11,1,0.907
RS0002379,H004,2026/1/19 04:00,7,0,1,0,0,3,7,13,1,0.625
RS0002380,H005,2026/1/19 04:00,16,8,1,1,1,4,5,21,1,0.615
RS0002381,H001,2026/1/19 08:00,13,11,1,1,0,4,6,17,1,0.825
RS0002382,H002,2026/1/19 08:00,9,4,1,1,2,2,7,16,1,0.716
RS0002383,H003,2026/1/19 08:00,2,4,1,0,1,4,6,7,0,0.914
RS0002384,H004,2026/1/19 08:00,0,0,1,0,0,0,7,15,1,0.965
RS0002385,H005,2026/1/19 08:00,13,9,1,1,2,5,5,8,1,0.748
RS0002386,H001,2026/1/19 12:00,5,9,1,1,2,4,3,13,1,0.986
RS0002387,H002,2026/1/19 12:00,11,3,1,1,1,2,8,14,1,0.642
RS0002388,H003,2026/1/19 12:00,0,0,1,0,1,0,3,18,1,1
RS0002389,H004,2026/1/19 12:00,1,0,1,0,0,1,2,20,1,0.921
RS0002390,H005,2026/1/19 12:00,16,2,1,1,0,1,5,21,1,0.595
RS0002391,H001,2026/1/19 16:00,17,1,1,1,1,5,3,13,1,0.713
RS0002392,H002,2026/1/19 16:00,7,0,1,1,0,4,5,18,1,0.781
RS0002393,H003,2026/1/19 16:00,0,1,1,0,0,2,3,21,1,1
RS0002394,H004,2026/1/19 16:00,13,5,1,0,0,2,4,11,1,0.094
RS0002395,H005,2026/1/19 16:00,8,6,1,1,2,3,3,13,1,0.783
RS0002396,H001,2026/1/19 20:00,10,4,1,0,2,6,1,3,1,0.817
RS0002397,H002,2026/1/19 20:00,12,7,1,1,0,5,4,19,1,0.584
RS0002398,H003,2026/1/19 20:00,9,6,1,0,1,0,4,4,1,0.627
RS0002399,H004,2026/1/19 20:00,0,0,1,0,0,0,3,13,0,0.944
RS0002400,H005,2026/1/19 20:00,8,7,1,1,0,0,5,16,1,0.926
RS0002401,H001,2026/1/20 00:00,13,3,1,1,0,6,3,15,1,0.72
RS0002402,H002,2026/1/20 00:00,1,4,1,1,0,1,8,29,1,1
RS0002403,H003,2026/1/20 00:00,11,9,0,0,0,1,4,18,1,0.611
RS0002404,H004,2026/1/20 00:00,3,0,1,0,0,0,8,11,1,0.907
RS0002405,H005,2026/1/20 00:00,14,0,1,1,3,5,6,15,1,0.634
RS0002406,H001,2026/1/20 04:00,2,8,1,1,1,8,5,19,1,0.951
RS0002407,H002,2026/1/20 04:00,13,5,1,1,0,0,6,23,1,0.58
RS0002408,H003,2026/1/20 04:00,8,0,1,0,0,4,3,15,1,0.599
RS0002409,H004,2026/1/20 04:00,7,2,1,0,1,2,8,14,1,0.673
RS0002410,H005,2026/1/20 04:00,19,3,0,0,3,5,5,7,1,0.418
RS0002411,H001,2026/1/20 08:00,19,4,1,1,2,5,4,23,1,0.649
RS0002412,H002,2026/1/20 08:00,8,7,1,1,0,7,3,19,1,0.806
RS0002413,H003,2026/1/20 08:00,9,5,1,0,1,3,7,16,1,0.754
RS0002414,H004,2026/1/20 08:00,1,0,1,0,0,4,8,23,1,1
RS0002415,H005,2026/1/20 08:00,21,5,1,1,0,5,5,14,1,0.383
RS0002416,H001,2026/1/20 12:00,9,6,1,1,1,0,0,10,1,0.916
RS0002417,H002,2026/1/20 12:00,11,3,1,1,0,1,4,12,1,0.727
RS0002418,H003,2026/1/20 12:00,11,6,1,0,0,1,6,9,1,0.683
RS0002419,H004,2026/1/20 12:00,0,4,1,0,0,0,6,8,1,1
RS0002420,H005,2026/1/20 12:00,13,5,1,1,1,3,2,15,1,0.806
RS0002421,H001,2026/1/20 16:00,17,3,0,1,0,6,3,9,1,0.642
RS0002422,H002,2026/1/20 16:00,8,3,1,0,0,2,5,20,1,0.786
RS0002423,H003,2026/1/20 16:00,15,2,1,0,0,4,8,16,0,0.463
RS0002424,H004,2026/1/20 16:00,5,2,1,0,1,2,3,14,1,0.694
RS0002425,H005,2026/1/20 16:00,7,3,1,1,1,3,3,12,1,0.885
RS0002426,H001,2026/1/20 20:00,13,2,1,1,1,9,5,13,1,0.704
RS0002427,H002,2026/1/20 20:00,8,6,1,1,0,3,3,11,1,0.801
RS0002428,H003,2026/1/20 20:00,13,2,1,0,0,2,5,7,1,0.397
RS0002429,H004,2026/1/20 20:00,9,0,1,0,0,4,4,15,1,0.391
RS0002430,H005,2026/1/20 20:00,19,3,1,1,1,5,0,12,1,0.514
RS0002431,H001,2026/1/21 00:00,12,2,1,1,1,7,6,19,1,0.721
RS0002432,H002,2026/1/21 00:00,12,2,1,1,1,3,3,19,1,0.531
RS0002433,H003,2026/1/21 00:00,4,3,1,0,2,3,7,18,1,0.884
RS0002434,H004,2026/1/21 00:00,2,1,1,0,1,5,6,18,1,0.932
RS0002435,H005,2026/1/21 00:00,10,8,1,1,1,4,8,20,1,0.69
RS0002436,H001,2026/1/21 04:00,16,4,1,1,2,7,6,18,1,0.615
RS0002437,H002,2026/1/21 04:00,14,5,0,1,2,6,5,15,1,0.491
RS0002438,H003,2026/1/21 04:00,5,5,1,0,0,6,4,21,1,0.724
RS0002439,H004,2026/1/21 04:00,12,2,1,0,0,0,8,23,1,0.3
RS0002440,H005,2026/1/21 04:00,17,1,1,1,2,6,3,13,0,0.505
RS0002441,H001,2026/1/21 08:00,12,3,1,1,2,3,4,16,1,0.653
RS0002442,H002,2026/1/21 08:00,10,0,1,1,0,3,7,19,1,0.675
RS0002443,H003,2026/1/21 08:00,6,0,1,0,0,3,5,17,1,0.73
RS0002444,H004,2026/1/21 08:00,3,1,1,0,1,3,5,18,1,0.857
RS0002445,H005,2026/1/21 08:00,15,6,1,1,2,6,2,16,1,0.562
RS0002446,H001,2026/1/21 12:00,18,0,1,1,0,4,8,14,1,0.485
RS0002447,H002,2026/1/21 12:00,6,3,1,1,0,3,5,22,1,0.853
RS0002448,H003,2026/1/21 12:00,5,9,1,0,0,3,3,10,1,0.807
RS0002449,H004,2026/1/21 12:00,1,0,1,0,1,3,3,21,1,0.993
RS0002450,H005,2026/1/21 12:00,13,4,1,1,2,4,5,17,1,0.752
RS0002451,H001,2026/1/21 16:00,11,0,1,1,0,5,1,21,1,0.728
RS0002452,H002,2026/1/21 16:00,4,0,1,1,2,2,8,13,1,0.914
RS0002453,H003,2026/1/21 16:00,6,2,1,0,1,0,5,9,1,0.735
RS0002454,H004,2026/1/21 16:00,7,1,1,0,0,2,3,8,1,0.57
RS0002455,H005,2026/1/21 16:00,14,1,1,1,0,3,0,10,1,0.569
RS0002456,H001,2026/1/21 20:00,11,8,1,1,1,4,4,28,1,0.7
RS0002457,H002,2026/1/21 20:00,7,5,1,1,0,3,1,9,1,0.715
RS0002458,H003,2026/1/21 20:00,0,7,1,0,1,2,7,11,1,0.985
RS0002459,H004,2026/1/21 20:00,1,0,1,0,0,2,2,11,1,0.981
RS0002460,H005,2026/1/21 20:00,7,7,1,1,2,3,3,14,1,0.826
RS0002461,H001,2026/1/22 00:00,9,3,1,1,2,3,4,19,1,0.933
RS0002462,H002,2026/1/22 00:00,11,3,0,0,2,2,4,24,1,0.725
RS0002463,H003,2026/1/22 00:00,6,0,1,0,0,2,4,15,1,0.784
RS0002464,H004,2026/1/22 00:00,3,0,1,0,0,4,4,14,1,0.928
RS0002465,H005,2026/1/22 00:00,25,5,1,1,3,7,7,17,1,0.41
RS0002466,H001,2026/1/22 04:00,15,3,1,1,1,4,3,9,1,0.619
RS0002467,H002,2026/1/22 04:00,3,3,1,1,2,3,5,23,1,0.982
RS0002468,H003,2026/1/22 04:00,5,6,1,0,2,5,6,13,0,0.853
RS0002469,H004,2026/1/22 04:00,7,6,1,0,0,0,2,17,1,0.668
RS0002470,H005,2026/1/22 04:00,14,6,1,1,0,3,8,22,1,0.682
RS0002471,H001,2026/1/22 08:00,18,3,1,1,3,9,9,8,1,0.655
RS0002472,H002,2026/1/22 08:00,11,1,1,1,1,5,2,10,1,0.724
RS0002473,H003,2026/1/22 08:00,5,5,1,0,2,1,3,21,1,0.81
RS0002474,H004,2026/1/22 08:00,4,3,1,0,1,3,2,17,1,0.887
RS0002475,H005,2026/1/22 08:00,10,4,1,1,2,4,9,7,1,0.773
RS0002476,H001,2026/1/22 12:00,7,4,1,1,0,1,0,7,1,0.943
RS0002477,H002,2026/1/22 12:00,5,4,1,1,2,1,5,18,1,0.912
RS0002478,H003,2026/1/22 12:00,5,4,1,0,0,4,4,16,1,0.774
RS0002479,H004,2026/1/22 12:00,7,0,1,0,0,0,0,19,1,0.578
RS0002480,H005,2026/1/22 12:00,15,1,1,1,0,3,5,12,1,0.744
RS0002481,H001,2026/1/22 16:00,17,6,1,1,3,5,3,22,1,0.56
RS0002482,H002,2026/1/22 16:00,11,6,1,1,0,2,6,15,1,0.663
RS0002483,H003,2026/1/22 16:00,15,7,1,0,0,0,5,13,1,0.316
RS0002484,H004,2026/1/22 16:00,3,0,1,0,1,1,4,15,1,0.746
RS0002485,H005,2026/1/22 16:00,7,5,1,1,0,5,2,8,0,0.938
RS0002486,H001,2026/1/22 20:00,10,4,1,1,1,6,3,21,1,0.903
RS0002487,H002,2026/1/22 20:00,11,3,1,1,0,3,4,14,1,0.61
RS0002488,H003,2026/1/22 20:00,9,2,1,0,1,0,3,17,1,0.709
RS0002489,H004,2026/1/22 20:00,2,0,1,0,0,0,3,18,1,1
RS0002490,H005,2026/1/22 20:00,1,6,1,1,3,3,3,21,1,1
RS0002491,H001,2026/1/23 00:00,4,7,1,0,1,9,1,25,1,0.815
RS0002492,H002,2026/1/23 00:00,8,0,1,0,0,2,6,7,1,0.826
RS0002493,H003,2026/1/23 00:00,12,3,1,0,0,0,0,22,1,0.639
RS0002494,H004,2026/1/23 00:00,3,0,1,0,1,2,5,8,1,0.938
RS0002495,H005,2026/1/23 00:00,14,8,1,1,0,4,4,18,1,0.74
RS0002496,H001,2026/1/23 04:00,16,3,1,1,0,8,3,17,1,0.549
RS0002497,H002,2026/1/23 04:00,10,6,1,1,0,8,5,22,1,0.606
RS0002498,H003,2026/1/23 04:00,10,2,1,0,0,0,7,9,1,0.622
RS0002499,H004,2026/1/23 04:00,0,0,1,0,0,2,7,19,1,1
RS0002500,H005,2026/1/23 04:00,13,5,1,1,2,6,6,15,1,0.573
RS0002501,H001,2026/1/23 08:00,15,4,1,1,2,7,8,15,1,0.559
RS0002502,H002,2026/1/23 08:00,15,4,1,1,0,1,4,23,1,0.44
RS0002503,H003,2026/1/23 08:00,8,5,1,0,0,2,7,17,1,0.612
RS0002504,H004,2026/1/23 08:00,7,1,1,0,1,3,7,20,1,0.617
RS0002505,H005,2026/1/23 08:00,3,5,1,1,2,6,5,19,1,0.928
RS0002506,H001,2026/1/23 12:00,20,3,1,1,1,4,4,18,1,0.518
RS0002507,H002,2026/1/23 12:00,3,7,1,1,0,2,4,10,1,0.825
RS0002508,H003,2026/1/23 12:00,11,0,1,0,1,2,1,10,1,0.557
RS0002509,H004,2026/1/23 12:00,6,0,1,0,0,1,5,20,1,0.721
RS0002510,H005,2026/1/23 12:00,16,6,1,1,0,5,2,7,1,0.609
RS0002511,H001,2026/1/23 16:00,12,3,1,0,1,0,5,15,1,0.628
RS0002512,H002,2026/1/23 16:00,4,3,1,1,0,1,8,24,1,0.972
RS0002513,H003,2026/1/23 16:00,6,1,1,0,0,0,6,21,1,0.782
RS0002514,H004,2026/1/23 16:00,0,3,1,0,0,0,3,7,1,0.929
RS0002515,H005,2026/1/23 16:00,6,2,1,1,1,6,5,6,1,0.788
RS0002516,H001,2026/1/23 20:00,19,0,1,1,1,7,2,21,1,0.66
RS0002517,H002,2026/1/23 20:00,10,0,1,1,0,2,2,15,1,0.597
RS0002518,H003,2026/1/23 20:00,4,1,1,0,1,0,3,11,1,0.737
RS0002519,H004,2026/1/23 20:00,3,1,1,0,0,2,3,15,1,0.75
RS0002520,H005,2026/1/23 20:00,6,3,0,1,0,6,7,15,1,0.823
RS0002521,H001,2026/1/24 00:00,16,0,1,1,1,5,2,21,1,0.724
RS0002522,H002,2026/1/24 00:00,4,1,1,1,1,5,1,19,1,0.85
RS0002523,H003,2026/1/24 00:00,7,7,1,0,0,2,2,20,1,0.822
RS0002524,H004,2026/1/24 00:00,5,5,1,0,0,0,5,13,1,0.705
RS0002525,H005,2026/1/24 00:00,6,11,1,1,3,2,4,15,1,0.857
RS0002526,H001,2026/1/24 04:00,7,0,1,1,0,7,5,14,1,0.951
RS0002527,H002,2026/1/24 04:00,11,3,1,1,2,3,1,15,0,0.564
RS0002528,H003,2026/1/24 04:00,5,0,1,0,0,0,3,14,1,0.792
RS0002529,H004,2026/1/24 04:00,9,0,1,0,0,2,5,15,1,0.394
RS0002530,H005,2026/1/24 04:00,10,5,1,1,2,7,3,11,1,0.692
RS0002531,H001,2026/1/24 08:00,10,6,1,1,0,6,8,16,1,0.781
RS0002532,H002,2026/1/24 08:00,20,7,1,1,1,2,3,17,1,0.442
RS0002533,H003,2026/1/24 08:00,7,4,1,0,1,0,6,19,1,0.785
RS0002534,H004,2026/1/24 08:00,10,0,1,0,0,0,5,12,1,0.519
RS0002535,H005,2026/1/24 08:00,14,4,1,1,2,7,5,17,1,0.565
RS0002536,H001,2026/1/24 12:00,9,5,1,1,1,2,2,20,1,0.869
RS0002537,H002,2026/1/24 12:00,8,3,1,1,1,1,2,15,1,0.83
RS0002538,H003,2026/1/24 12:00,13,1,1,0,0,2,4,15,1,0.399
RS0002539,H004,2026/1/24 12:00,6,1,1,0,0,0,6,19,1,0.613
RS0002540,H005,2026/1/24 12:00,15,0,1,1,2,2,2,7,1,0.673
RS0002541,H001,2026/1/24 16:00,16,3,1,1,1,1,5,12,1,0.66
RS0002542,H002,2026/1/24 16:00,5,3,1,1,0,7,7,14,1,0.923
RS0002543,H003,2026/1/24 16:00,0,1,1,0,2,1,2,15,1,0.909
RS0002544,H004,2026/1/24 16:00,0,0,1,0,0,0,5,11,1,0.911
RS0002545,H005,2026/1/24 16:00,15,3,1,1,2,8,1,15,1,0.7
RS0002546,H001,2026/1/24 20:00,14,5,1,0,1,0,3,7,1,0.689
RS0002547,H002,2026/1/24 20:00,7,3,1,1,2,2,4,20,1,0.891
RS0002548,H003,2026/1/24 20:00,4,4,1,0,1,1,5,14,1,0.916
RS0002549,H004,2026/1/24 20:00,2,3,1,0,1,0,3,6,1,0.799
RS0002550,H005,2026/1/24 20:00,4,3,1,1,2,0,2,10,1,0.936
RS0002551,H001,2026/1/25 00:00,13,6,1,0,1,8,2,12,1,0.634
RS0002552,H002,2026/1/25 00:00,4,0,0,1,0,2,7,20,1,0.867
RS0002553,H003,2026/1/25 00:00,3,6,1,0,0,3,4,16,1,0.924
RS0002554,H004,2026/1/25 00:00,6,5,1,0,0,1,2,14,1,0.747
RS0002555,H005,2026/1/25 00:00,15,1,1,1,2,3,2,12,1,0.739
RS0002556,H001,2026/1/25 04:00,14,4,1,1,3,3,5,17,1,0.678
RS0002557,H002,2026/1/25 04:00,7,5,1,1,0,0,6,17,1,0.734
RS0002558,H003,2026/1/25 04:00,12,7,1,0,1,3,6,11,1,0.42
RS0002559,H004,2026/1/25 04:00,1,3,1,0,0,0,3,12,1,0.963
RS0002560,H005,2026/1/25 04:00,12,1,1,1,1,3,2,15,1,0.725
RS0002561,H001,2026/1/25 08:00,14,1,1,1,0,4,4,10,1,0.633
RS0002562,H002,2026/1/25 08:00,7,0,1,1,0,3,0,16,1,0.84
RS0002563,H003,2026/1/25 08:00,7,5,1,0,0,1,3,22,1,0.738
RS0002564,H004,2026/1/25 08:00,9,2,1,0,1,1,2,14,1,0.503
RS0002565,H005,2026/1/25 08:00,8,5,1,1,2,3,4,16,1,0.791
RS0002566,H001,2026/1/25 12:00,9,2,1,1,0,1,6,11,1,0.72
RS0002567,H002,2026/1/25 12:00,0,8,1,1,1,0,1,17,1,0.98
RS0002568,H003,2026/1/25 12:00,5,3,1,0,0,2,3,8,1,0.774
RS0002569,H004,2026/1/25 12:00,1,0,1,0,0,1,0,0,1,1
RS0002570,H005,2026/1/25 12:00,4,3,1,1,1,2,2,15,1,0.805
RS0002571,H001,2026/1/25 16:00,9,3,1,1,1,1,6,6,1,0.807
RS0002572,H002,2026/1/25 16:00,10,0,1,1,0,5,3,9,1,0.726
RS0002573,H003,2026/1/25 16:00,3,4,1,0,1,2,6,9,1,0.913
RS0002574,H004,2026/1/25 16:00,5,0,1,0,0,0,3,11,1,0.767
RS0002575,H005,2026/1/25 16:00,11,5,1,1,0,1,3,3,1,0.682
RS0002576,H001,2026/1/25 20:00,6,4,1,1,0,6,3,12,1,0.785
RS0002577,H002,2026/1/25 20:00,4,6,1,1,2,4,5,11,1,0.823
RS0002578,H003,2026/1/25 20:00,7,5,1,0,2,0,6,15,1,0.851
RS0002579,H004,2026/1/25 20:00,12,3,1,0,0,2,1,9,1,0.181
RS0002580,H005,2026/1/25 20:00,10,1,1,1,1,5,0,16,1,0.84
RS0002581,H001,2026/1/26 00:00,12,10,1,1,0,5,5,23,1,0.63
RS0002582,H002,2026/1/26 00:00,13,0,0,1,1,4,6,11,1,0.636
RS0002583,H003,2026/1/26 00:00,8,1,1,0,1,2,5,20,1,0.689
RS0002584,H004,2026/1/26 00:00,5,0,1,0,0,0,4,23,1,0.642
RS0002585,H005,2026/1/26 00:00,15,0,1,1,2,3,0,16,1,0.555
RS0002586,H001,2026/1/26 04:00,14,5,1,0,3,6,4,15,1,0.649
RS0002587,H002,2026/1/26 04:00,8,3,1,1,0,2,5,13,0,0.835
RS0002588,H003,2026/1/26 04:00,13,4,1,0,0,1,1,14,1,0.538
RS0002589,H004,2026/1/26 04:00,12,5,1,0,0,3,3,13,1,0.167
RS0002590,H005,2026/1/26 04:00,7,5,1,1,3,4,6,16,1,0.96
RS0002591,H001,2026/1/26 08:00,14,8,1,1,1,7,5,15,1,0.781
RS0002592,H002,2026/1/26 08:00,8,2,1,1,2,2,5,10,1,0.674
RS0002593,H003,2026/1/26 08:00,7,3,1,0,0,3,7,15,1,0.727
RS0002594,H004,2026/1/26 08:00,7,6,1,0,0,5,6,21,1,0.619
RS0002595,H005,2026/1/26 08:00,12,6,1,1,2,3,5,15,1,0.72
RS0002596,H001,2026/1/26 12:00,10,5,1,1,0,3,0,18,1,0.69
RS0002597,H002,2026/1/26 12:00,5,5,1,1,2,3,4,16,1,0.816
RS0002598,H003,2026/1/26 12:00,2,7,1,0,1,3,3,15,1,1
RS0002599,H004,2026/1/26 12:00,7,0,1,0,0,3,2,5,1,0.601
RS0002600,H005,2026/1/26 12:00,9,5,1,1,1,0,4,16,1,0.87
RS0002601,H001,2026/1/26 16:00,14,0,1,1,1,3,2,9,1,0.806
RS0002602,H002,2026/1/26 16:00,8,10,1,1,0,1,4,10,1,0.751
RS0002603,H003,2026/1/26 16:00,9,3,1,0,0,0,4,21,1,0.541
RS0002604,H004,2026/1/26 16:00,10,2,1,0,0,2,7,18,1,0.288
RS0002605,H005,2026/1/26 16:00,12,5,1,1,0,7,4,7,0,0.754
RS0002606,H001,2026/1/26 20:00,12,5,1,0,2,3,4,12,1,0.809
RS0002607,H002,2026/1/26 20:00,9,3,1,1,1,6,1,21,1,0.607
RS0002608,H003,2026/1/26 20:00,4,3,1,0,1,5,2,19,1,0.882
RS0002609,H004,2026/1/26 20:00,6,3,1,0,0,0,1,10,1,0.723
RS0002610,H005,2026/1/26 20:00,7,4,1,1,2,1,2,12,1,0.951
RS0002611,H001,2026/1/27 00:00,9,7,1,0,2,5,9,21,1,0.694
RS0002612,H002,2026/1/27 00:00,15,7,1,1,0,4,1,17,1,0.55
RS0002613,H003,2026/1/27 00:00,2,3,1,0,2,0,7,20,1,0.836
RS0002614,H004,2026/1/27 00:00,3,3,1,0,1,5,6,14,1,0.794
RS0002615,H005,2026/1/27 00:00,10,5,1,1,4,5,7,23,1,0.724
RS0002616,H001,2026/1/27 04:00,12,6,1,0,3,5,4,11,1,0.749
RS0002617,H002,2026/1/27 04:00,10,1,1,1,2,2,4,23,1,0.609
RS0002618,H003,2026/1/27 04:00,7,1,1,0,1,2,2,15,1,0.633
RS0002619,H004,2026/1/27 04:00,1,1,1,0,1,2,4,21,1,0.952
RS0002620,H005,2026/1/27 04:00,17,4,1,1,1,2,2,18,1,0.633
RS0002621,H001,2026/1/27 08:00,11,5,1,1,2,2,5,19,1,0.724
RS0002622,H002,2026/1/27 08:00,10,7,1,1,1,4,4,20,1,0.685
RS0002623,H003,2026/1/27 08:00,12,0,0,0,1,4,10,16,1,0.64
RS0002624,H004,2026/1/27 08:00,11,0,1,0,0,1,4,0,1,0.462
RS0002625,H005,2026/1/27 08:00,5,6,1,1,2,5,0,19,1,0.976
RS0002626,H001,2026/1/27 12:00,5,5,1,1,2,7,3,16,1,1
RS0002627,H002,2026/1/27 12:00,6,7,1,1,0,3,2,23,1,0.824
RS0002628,H003,2026/1/27 12:00,8,1,1,0,1,1,7,28,1,0.791
RS0002629,H004,2026/1/27 12:00,2,0,1,0,1,1,1,23,1,0.816
RS0002630,H005,2026/1/27 12:00,9,5,1,1,1,3,4,18,1,0.664
RS0002631,H001,2026/1/27 16:00,15,4,1,1,1,7,6,22,1,0.642
RS0002632,H002,2026/1/27 16:00,10,0,1,1,0,3,2,14,1,0.729
RS0002633,H003,2026/1/27 16:00,6,0,1,0,1,4,6,15,1,0.676
RS0002634,H004,2026/1/27 16:00,10,0,1,0,1,0,4,6,1,0.478
RS0002635,H005,2026/1/27 16:00,9,1,1,1,0,2,7,21,1,0.823
RS0002636,H001,2026/1/27 20:00,7,3,1,1,1,2,4,9,1,0.858
RS0002637,H002,2026/1/27 20:00,3,7,1,1,0,3,6,25,1,0.847
RS0002638,H003,2026/1/27 20:00,4,2,1,0,1,3,7,18,1,0.77
RS0002639,H004,2026/1/27 20:00,5,2,1,0,0,1,2,13,0,0.837
RS0002640,H005,2026/1/27 20:00,13,1,1,1,0,1,4,7,1,0.8
RS0002641,H001,2026/1/28 00:00,13,0,1,1,1,3,7,20,1,0.709
RS0002642,H002,2026/1/28 00:00,12,6,1,1,2,5,3,20,1,0.744
RS0002643,H003,2026/1/28 00:00,9,0,1,0,1,0,5,14,1,0.588
RS0002644,H004,2026/1/28 00:00,0,0,1,0,1,3,3,18,1,1
RS0002645,H005,2026/1/28 00:00,12,9,1,1,2,2,6,22,1,0.72
RS0002646,H001,2026/1/28 04:00,12,3,1,1,3,6,7,15,1,0.642
RS0002647,H002,2026/1/28 04:00,9,7,1,1,1,5,7,14,1,0.668
RS0002648,H003,2026/1/28 04:00,9,1,1,0,2,3,1,11,1,0.65
RS0002649,H004,2026/1/28 04:00,7,2,1,0,0,4,8,19,1,0.637
RS0002650,H005,2026/1/28 04:00,15,6,1,1,1,1,4,13,1,0.623
RS0002651,H001,2026/1/28 08:00,15,9,1,1,2,4,4,18,1,0.617
RS0002652,H002,2026/1/28 08:00,9,3,1,1,0,4,2,21,1,0.614
RS0002653,H003,2026/1/28 08:00,6,0,1,0,1,5,4,21,1,0.684
RS0002654,H004,2026/1/28 08:00,2,5,1,0,0,1,6,16,1,0.907
RS0002655,H005,2026/1/28 08:00,6,5,1,1,2,8,4,20,1,0.872
RS0002656,H001,2026/1/28 12:00,10,7,1,1,1,5,2,4,1,0.799
RS0002657,H002,2026/1/28 12:00,10,1,1,1,0,2,3,16,1,0.668
RS0002658,H003,2026/1/28 12:00,5,0,1,0,1,3,4,17,1,0.905
RS0002659,H004,2026/1/28 12:00,6,0,1,0,0,0,0,13,1,0.662
RS0002660,H005,2026/1/28 12:00,9,2,1,0,0,4,2,15,0,0.747
RS0002661,H001,2026/1/28 16:00,16,3,1,1,2,7,3,17,1,0.654
RS0002662,H002,2026/1/28 16:00,7,4,0,1,0,2,4,13,1,0.796
RS0002663,H003,2026/1/28 16:00,11,6,1,0,0,8,1,12,0,0.502
RS0002664,H004,2026/1/28 16:00,12,0,1,0,0,3,3,12,1,0.364
RS0002665,H005,2026/1/28 16:00,19,4,1,1,0,3,4,19,0,0.633
RS0002666,H001,2026/1/28 20:00,10,1,1,1,1,1,2,27,0,0.727
RS0002667,H002,2026/1/28 20:00,13,0,1,1,0,2,5,12,1,0.529
RS0002668,H003,2026/1/28 20:00,9,0,1,0,0,1,4,22,1,0.684
RS0002669,H004,2026/1/28 20:00,5,3,1,0,0,0,4,7,1,0.775
RS0002670,H005,2026/1/28 20:00,7,4,0,1,1,5,4,13,1,0.806
RS0002671,H001,2026/1/29 00:00,7,5,1,1,0,3,3,19,1,0.839
RS0002672,H002,2026/1/29 00:00,7,10,0,1,1,7,4,15,1,0.895
RS0002673,H003,2026/1/29 00:00,10,0,1,0,0,2,8,24,1,0.705
RS0002674,H004,2026/1/29 00:00,3,0,1,0,0,1,5,15,1,0.898
RS0002675,H005,2026/1/29 00:00,23,8,1,1,3,0,4,24,1,0.483
RS0002676,H001,2026/1/29 04:00,13,7,1,1,1,3,3,11,1,0.704
RS0002677,H002,2026/1/29 04:00,14,2,1,1,1,3,5,13,1,0.645
RS0002678,H003,2026/1/29 04:00,10,1,1,0,1,5,4,14,1,0.547
RS0002679,H004,2026/1/29 04:00,5,3,1,0,1,1,1,19,1,0.75
RS0002680,H005,2026/1/29 04:00,13,3,1,1,2,4,4,23,1,0.709
RS0002681,H001,2026/1/29 08:00,15,3,1,1,2,6,5,19,1,0.732
RS0002682,H002,2026/1/29 08:00,11,3,1,1,0,5,3,13,1,0.761
RS0002683,H003,2026/1/29 08:00,12,0,0,0,2,3,3,15,1,0.484
RS0002684,H004,2026/1/29 08:00,0,1,1,0,0,0,5,10,1,1
RS0002685,H005,2026/1/29 08:00,8,7,1,1,1,5,4,25,1,0.924
RS0002686,H001,2026/1/29 12:00,14,7,1,1,1,4,5,10,1,0.574
RS0002687,H002,2026/1/29 12:00,16,0,1,1,1,3,5,16,1,0.593
RS0002688,H003,2026/1/29 12:00,10,9,1,0,0,3,0,12,1,0.512
RS0002689,H004,2026/1/29 12:00,5,0,1,0,1,2,6,11,1,0.642
RS0002690,H005,2026/1/29 12:00,20,5,1,1,1,4,0,10,0,0.427
RS0002691,H001,2026/1/29 16:00,16,12,1,1,2,1,1,17,1,0.672
RS0002692,H002,2026/1/29 16:00,0,3,1,1,0,2,7,13,1,1
RS0002693,H003,2026/1/29 16:00,11,0,1,0,0,1,4,11,1,0.672
RS0002694,H004,2026/1/29 16:00,1,0,1,0,1,1,2,18,1,1
RS0002695,H005,2026/1/29 16:00,12,2,1,1,1,1,5,14,1,0.789
RS0002696,H001,2026/1/29 20:00,7,6,1,1,1,6,0,1,1,0.846
RS0002697,H002,2026/1/29 20:00,6,1,0,1,0,1,4,14,1,0.837
RS0002698,H003,2026/1/29 20:00,7,5,1,0,1,6,6,16,1,0.73
RS0002699,H004,2026/1/29 20:00,2,0,1,0,0,0,5,14,1,0.931
RS0002700,H005,2026/1/29 20:00,9,4,1,1,1,7,0,6,1,0.682
RS0002701,H001,2026/1/30 00:00,11,0,1,1,0,4,1,17,1,0.73
RS0002702,H002,2026/1/30 00:00,11,0,1,1,2,2,2,12,1,0.538
RS0002703,H003,2026/1/30 00:00,6,8,1,0,2,0,6,24,1,0.677
RS0002704,H004,2026/1/30 00:00,2,4,1,0,0,0,5,16,1,0.989
RS0002705,H005,2026/1/30 00:00,17,4,1,1,3,6,4,20,1,0.621
RS0002706,H001,2026/1/30 04:00,19,2,1,1,1,3,7,17,1,0.515
RS0002707,H002,2026/1/30 04:00,9,4,1,1,1,4,5,14,1,0.771
RS0002708,H003,2026/1/30 04:00,13,4,1,0,1,3,5,19,1,0.421
RS0002709,H004,2026/1/30 04:00,6,0,1,0,0,1,5,23,1,0.764
RS0002710,H005,2026/1/30 04:00,13,7,1,1,2,8,2,21,1,0.697
RS0002711,H001,2026/1/30 08:00,14,10,1,1,1,10,4,17,1,0.743
RS0002712,H002,2026/1/30 08:00,23,5,1,1,1,3,1,13,1,0.278
RS0002713,H003,2026/1/30 08:00,9,5,1,0,0,0,8,13,1,0.603
RS0002714,H004,2026/1/30 08:00,7,3,1,0,0,6,7,11,1,0.651
RS0002715,H005,2026/1/30 08:00,9,2,1,1,1,6,4,20,1,0.772
RS0002716,H001,2026/1/30 12:00,13,8,1,1,1,6,2,12,1,0.596
RS0002717,H002,2026/1/30 12:00,9,5,1,1,0,6,2,16,1,0.798
RS0002718,H003,2026/1/30 12:00,4,6,1,0,0,2,4,20,1,0.97
RS0002719,H004,2026/1/30 12:00,8,0,0,0,0,2,8,17,1,0.402
RS0002720,H005,2026/1/30 12:00,10,0,1,1,1,5,2,20,1,0.642
RS0002721,H001,2026/1/30 16:00,16,4,1,1,1,3,4,20,1,0.665
RS0002722,H002,2026/1/30 16:00,11,3,1,1,0,3,3,10,1,0.598
RS0002723,H003,2026/1/30 16:00,9,2,1,0,1,1,2,11,1,0.734
RS0002724,H004,2026/1/30 16:00,3,1,1,0,0,0,1,14,1,0.719
RS0002725,H005,2026/1/30 16:00,12,5,1,1,3,3,5,13,1,0.679
RS0002726,H001,2026/1/30 20:00,5,7,1,1,0,5,3,12,1,0.799
RS0002727,H002,2026/1/30 20:00,4,6,1,1,0,0,6,14,1,0.914
RS0002728,H003,2026/1/30 20:00,8,0,1,0,0,4,2,15,1,0.592
RS0002729,H004,2026/1/30 20:00,3,1,1,0,0,0,2,6,1,0.898
RS0002730,H005,2026/1/30 20:00,2,5,1,1,2,3,6,15,1,0.877
RS0002731,H001,2026/1/31 00:00,19,7,1,1,2,3,7,12,1,0.501
RS0002732,H002,2026/1/31 00:00,3,4,1,1,1,3,7,14,1,0.922
RS0002733,H003,2026/1/31 00:00,2,0,1,0,0,4,7,13,1,0.905
RS0002734,H004,2026/1/31 00:00,8,7,1,0,1,2,7,15,1,0.599
RS0002735,H005,2026/1/31 00:00,1,2,1,1,0,2,7,10,1,0.893
RS0002736,H001,2026/1/31 04:00,10,6,1,0,3,6,7,16,1,0.681
RS0002737,H002,2026/1/31 04:00,12,3,1,1,2,4,2,11,1,0.579
RS0002738,H003,2026/1/31 04:00,12,4,1,0,2,3,2,19,1,0.617
RS0002739,H004,2026/1/31 04:00,1,0,1,0,0,0,5,18,1,0.944
RS0002740,H005,2026/1/31 04:00,15,8,1,1,0,5,4,10,1,0.548
RS0002741,H001,2026/1/31 08:00,13,0,1,1,4,4,3,17,1,0.778
RS0002742,H002,2026/1/31 08:00,4,0,1,1,0,1,2,19,1,0.946
RS0002743,H003,2026/1/31 08:00,2,4,1,0,1,0,5,21,1,0.929
RS0002744,H004,2026/1/31 08:00,1,0,1,0,1,0,6,16,1,0.977
RS0002745,H005,2026/1/31 08:00,11,3,1,1,0,5,3,14,1,0.789
RS0002746,H001,2026/1/31 12:00,9,11,1,1,2,8,6,16,1,0.929
RS0002747,H002,2026/1/31 12:00,3,3,1,1,0,0,2,12,1,0.806
RS0002748,H003,2026/1/31 12:00,7,3,1,0,0,0,7,11,1,0.833
RS0002749,H004,2026/1/31 12:00,4,4,1,0,0,1,7,18,1,0.72
RS0002750,H005,2026/1/31 12:00,8,1,1,1,0,3,3,22,1,0.755
RS0002751,H001,2026/1/31 16:00,15,6,1,1,0,4,6,16,1,0.75
RS0002752,H002,2026/1/31 16:00,6,0,1,1,2,4,4,6,1,0.893
RS0002753,H003,2026/1/31 16:00,0,3,1,0,0,4,2,18,1,1
RS0002754,H004,2026/1/31 16:00,1,0,1,0,0,0,4,12,1,0.885
RS0002755,H005,2026/1/31 16:00,6,0,1,1,2,1,3,7,1,0.776
RS0002756,H001,2026/1/31 20:00,10,2,1,1,1,3,3,8,1,0.892
RS0002757,H002,2026/1/31 20:00,8,2,1,1,2,3,3,13,1,0.826
RS0002758,H003,2026/1/31 20:00,2,0,1,0,0,0,5,10,1,0.907
RS0002759,H004,2026/1/31 20:00,1,0,1,0,0,0,3,7,1,0.881
RS0002760,H005,2026/1/31 20:00,9,5,1,1,2,3,3,15,1,0.873
RS0002761,H001,2026/2/1 00:00,10,4,1,1,2,3,5,16,0,0.734
RS0002762,H002,2026/2/1 00:00,6,4,1,1,0,3,2,19,1,0.861
RS0002763,H003,2026/2/1 00:00,5,0,1,0,0,2,4,15,1,0.732
RS0002764,H004,2026/2/1 00:00,3,0,0,0,1,0,2,18,1,0.954
RS0002765,H005,2026/2/1 00:00,10,3,1,1,0,4,4,24,1,0.738
RS0002766,H001,2026/2/1 04:00,13,4,1,1,1,1,6,20,1,0.693
RS0002767,H002,2026/2/1 04:00,9,1,1,1,0,3,4,13,1,0.848
RS0002768,H003,2026/2/1 04:00,1,0,1,0,0,3,4,15,1,1
RS0002769,H004,2026/2/1 04:00,2,0,1,0,0,4,5,19,1,0.858
RS0002770,H005,2026/2/1 04:00,12,3,1,1,1,5,3,20,1,0.659
RS0002771,H001,2026/2/1 08:00,11,11,1,1,0,5,3,22,1,0.818
RS0002772,H002,2026/2/1 08:00,9,2,1,1,2,4,2,22,1,0.814
RS0002773,H003,2026/2/1 08:00,10,1,1,0,2,1,3,18,1,0.5
RS0002774,H004,2026/2/1 08:00,6,2,1,0,1,2,3,9,1,0.716
RS0002775,H005,2026/2/1 08:00,19,8,1,1,0,4,2,23,1,0.561
RS0002776,H001,2026/2/1 12:00,13,0,1,1,0,0,4,10,1,0.825
RS0002777,H002,2026/2/1 12:00,7,0,1,1,0,2,1,23,1,0.88
RS0002778,H003,2026/2/1 12:00,6,6,1,0,0,2,6,18,1,0.773
RS0002779,H004,2026/2/1 12:00,6,0,1,0,0,0,1,8,1,0.709
RS0002780,H005,2026/2/1 12:00,10,5,1,1,0,3,1,15,1,0.647
RS0002781,H001,2026/2/1 16:00,15,7,1,1,0,5,3,8,1,0.773
RS0002782,H002,2026/2/1 16:00,3,4,1,1,2,6,0,12,1,0.861
RS0002783,H003,2026/2/1 16:00,6,5,1,0,1,1,4,11,1,0.83
RS0002784,H004,2026/2/1 16:00,1,2,1,0,1,0,4,14,1,1
RS0002785,H005,2026/2/1 16:00,7,4,1,1,0,1,3,15,0,0.749
RS0002786,H001,2026/2/1 20:00,10,1,1,1,0,5,0,20,1,0.667
RS0002787,H002,2026/2/1 20:00,10,5,1,1,0,3,5,17,1,0.7
RS0002788,H003,2026/2/1 20:00,3,0,1,0,0,1,3,14,1,1
RS0002789,H004,2026/2/1 20:00,1,0,1,0,0,1,3,10,1,0.847
RS0002790,H005,2026/2/1 20:00,10,3,1,1,1,2,3,15,1,0.651
RS0002791,H001,2026/2/2 00:00,17,3,1,1,2,8,5,20,1,0.61
RS0002792,H002,2026/2/2 00:00,11,4,1,0,0,1,4,16,1,0.723
RS0002793,H003,2026/2/2 00:00,4,3,1,0,2,3,8,8,1,0.936
RS0002794,H004,2026/2/2 00:00,2,6,1,0,0,3,4,21,1,0.915
RS0002795,H005,2026/2/2 00:00,15,3,1,1,2,3,6,10,1,0.558
RS0002796,H001,2026/2/2 04:00,14,7,1,0,1,4,1,21,1,0.598
RS0002797,H002,2026/2/2 04:00,17,0,1,1,0,8,5,14,0,0.568
RS0002798,H003,2026/2/2 04:00,9,8,1,0,1,2,2,12,1,0.721
RS0002799,H004,2026/2/2 04:00,1,2,1,0,1,2,4,21,1,1
RS0002800,H005,2026/2/2 04:00,11,6,1,1,4,5,2,24,1,0.85
RS0002801,H001,2026/2/2 08:00,13,2,1,1,3,6,4,13,1,0.68
RS0002802,H002,2026/2/2 08:00,6,0,1,1,0,3,7,18,1,0.748
RS0002803,H003,2026/2/2 08:00,11,2,0,0,1,5,5,25,1,0.55
RS0002804,H004,2026/2/2 08:00,4,2,1,0,0,0,5,25,1,0.803
RS0002805,H005,2026/2/2 08:00,8,6,0,1,2,4,3,11,1,0.929
RS0002806,H001,2026/2/2 12:00,7,5,1,0,0,3,6,23,1,0.76
RS0002807,H002,2026/2/2 12:00,5,8,1,1,1,2,4,15,1,0.856
RS0002808,H003,2026/2/2 12:00,7,5,0,0,0,4,4,5,1,0.829
RS0002809,H004,2026/2/2 12:00,0,4,1,0,1,0,2,17,1,1
RS0002810,H005,2026/2/2 12:00,12,5,1,1,1,4,2,16,1,0.653
RS0002811,H001,2026/2/2 16:00,9,7,1,1,0,4,3,13,1,0.816
RS0002812,H002,2026/2/2 16:00,14,6,1,1,0,2,0,13,1,0.564
RS0002813,H003,2026/2/2 16:00,3,0,1,0,0,0,7,13,1,1
RS0002814,H004,2026/2/2 16:00,3,0,1,0,1,2,5,8,1,0.781
RS0002815,H005,2026/2/2 16:00,11,7,1,1,0,2,2,11,1,0.77
RS0002816,H001,2026/2/2 20:00,14,6,1,1,1,7,3,19,1,0.787
RS0002817,H002,2026/2/2 20:00,5,0,1,1,1,0,5,14,0,0.759
RS0002818,H003,2026/2/2 20:00,10,2,1,0,1,2,3,6,1,0.58
RS0002819,H004,2026/2/2 20:00,6,7,1,0,0,2,7,4,1,0.723
RS0002820,H005,2026/2/2 20:00,10,4,1,1,0,6,5,10,1,0.709
RS0002821,H001,2026/2/3 00:00,19,3,1,1,1,7,2,17,1,0.656
RS0002822,H002,2026/2/3 00:00,13,2,1,1,1,6,6,21,1,0.553
RS0002823,H003,2026/2/3 00:00,10,0,1,0,2,3,4,9,1,0.663
RS0002824,H004,2026/2/3 00:00,12,0,1,0,1,0,4,20,1,0.309
RS0002825,H005,2026/2/3 00:00,11,6,1,1,2,6,9,14,1,0.805
RS0002826,H001,2026/2/3 04:00,15,9,1,1,1,6,6,21,1,0.636
RS0002827,H002,2026/2/3 04:00,16,3,1,1,1,7,8,22,1,0.607
RS0002828,H003,2026/2/3 04:00,10,0,1,0,0,2,5,18,1,0.67
RS0002829,H004,2026/2/3 04:00,5,1,1,0,0,2,7,24,1,0.831
RS0002830,H005,2026/2/3 04:00,14,8,1,0,2,5,5,16,1,0.714
RS0002831,H001,2026/2/3 08:00,13,4,1,1,0,5,5,21,1,0.73
RS0002832,H002,2026/2/3 08:00,7,3,1,1,0,0,5,27,1,0.852
RS0002833,H003,2026/2/3 08:00,6,2,1,0,1,2,6,13,1,0.675
RS0002834,H004,2026/2/3 08:00,5,0,1,0,0,0,3,16,1,0.67
RS0002835,H005,2026/2/3 08:00,13,5,1,1,0,5,5,12,1,0.796
RS0002836,H001,2026/2/3 12:00,7,4,1,1,0,5,5,10,1,0.762
RS0002837,H002,2026/2/3 12:00,6,3,1,1,0,3,5,13,1,0.852
RS0002838,H003,2026/2/3 12:00,2,0,0,0,0,4,4,8,1,0.818
RS0002839,H004,2026/2/3 12:00,3,8,1,0,0,0,9,14,1,0.895
RS0002840,H005,2026/2/3 12:00,12,5,1,1,1,1,5,6,1,0.818
RS0002841,H001,2026/2/3 16:00,13,5,1,1,0,3,3,23,1,0.603
RS0002842,H002,2026/2/3 16:00,1,1,1,1,0,3,7,8,1,1
RS0002843,H003,2026/2/3 16:00,6,0,1,0,1,2,5,2,1,0.717
RS0002844,H004,2026/2/3 16:00,13,1,1,0,0,1,5,8,1,0.162
RS0002845,H005,2026/2/3 16:00,8,5,1,1,1,3,3,10,1,0.698
RS0002846,H001,2026/2/3 20:00,8,4,1,1,0,6,4,15,0,0.778
RS0002847,H002,2026/2/3 20:00,4,4,1,1,0,7,6,16,1,0.969
RS0002848,H003,2026/2/3 20:00,3,0,1,0,0,3,4,8,1,0.937
RS0002849,H004,2026/2/3 20:00,5,0,1,0,0,0,4,14,1,0.764
RS0002850,H005,2026/2/3 20:00,17,3,1,1,0,4,3,7,1,0.483
RS0002851,H001,2026/2/4 00:00,6,4,1,0,0,8,4,17,1,0.877
RS0002852,H002,2026/2/4 00:00,11,0,1,1,2,5,8,22,1,0.779
RS0002853,H003,2026/2/4 00:00,4,6,1,0,2,2,7,27,1,0.94
RS0002854,H004,2026/2/4 00:00,4,6,1,0,1,2,3,17,1,0.741
RS0002855,H005,2026/2/4 00:00,7,8,0,1,0,7,3,14,1,0.737
RS0002856,H001,2026/2/4 04:00,12,7,1,1,2,5,7,27,1,0.641
RS0002857,H002,2026/2/4 04:00,15,3,1,1,0,1,3,11,1,0.632
RS0002858,H003,2026/2/4 04:00,9,5,1,0,0,3,7,15,1,0.683
RS0002859,H004,2026/2/4 04:00,4,0,1,0,1,1,5,14,1,0.666
RS0002860,H005,2026/2/4 04:00,11,3,1,0,1,1,4,16,1,0.699
RS0002861,H001,2026/2/4 08:00,15,6,1,0,1,9,4,17,1,0.682
RS0002862,H002,2026/2/4 08:00,16,3,1,1,1,2,4,20,1,0.469
RS0002863,H003,2026/2/4 08:00,9,4,1,0,1,5,5,13,1,0.68
RS0002864,H004,2026/2/4 08:00,4,4,1,0,1,1,4,12,1,0.896
RS0002865,H005,2026/2/4 08:00,16,6,1,1,1,3,4,10,1,0.517
RS0002866,H001,2026/2/4 12:00,8,5,1,1,1,6,4,6,1,0.732
RS0002867,H002,2026/2/4 12:00,11,4,1,1,1,5,0,9,1,0.638
RS0002868,H003,2026/2/4 12:00,8,6,1,0,2,1,4,21,1,0.662
RS0002869,H004,2026/2/4 12:00,7,2,1,0,0,0,0,14,1,0.57
RS0002870,H005,2026/2/4 12:00,6,6,1,1,3,0,2,23,1,0.919
RS0002871,H001,2026/2/4 16:00,13,10,1,1,1,4,3,4,1,0.723
RS0002872,H002,2026/2/4 16:00,12,5,1,1,1,3,2,10,1,0.563
RS0002873,H003,2026/2/4 16:00,10,7,1,0,0,0,0,11,1,0.675
RS0002874,H004,2026/2/4 16:00,5,7,1,0,1,1,0,15,1,0.721
RS0002875,H005,2026/2/4 16:00,21,3,1,1,0,7,5,19,1,0.569
RS0002876,H001,2026/2/4 20:00,16,6,1,1,2,6,6,14,0,0.643
RS0002877,H002,2026/2/4 20:00,8,2,1,1,1,0,3,10,1,0.692
RS0002878,H003,2026/2/4 20:00,8,1,1,0,1,2,5,17,1,0.702
RS0002879,H004,2026/2/4 20:00,10,0,1,0,0,3,5,21,1,0.452
RS0002880,H005,2026/2/4 20:00,6,5,1,0,0,3,7,20,1,0.89
RS0002881,H001,2026/2/5 00:00,20,8,1,1,0,4,6,23,1,0.637
RS0002882,H002,2026/2/5 00:00,9,4,1,1,1,1,7,16,1,0.728
RS0002883,H003,2026/2/5 00:00,3,5,1,0,1,2,6,14,1,0.827
RS0002884,H004,2026/2/5 00:00,13,5,1,0,0,3,3,21,1,0.242
RS0002885,H005,2026/2/5 00:00,9,8,1,1,0,6,4,18,1,0.686
RS0002886,H001,2026/2/5 04:00,15,11,1,1,0,6,7,15,1,0.572
RS0002887,H002,2026/2/5 04:00,6,3,1,1,2,1,5,20,1,0.757
RS0002888,H003,2026/2/5 04:00,14,3,1,0,2,2,3,20,1,0.341
RS0002889,H004,2026/2/5 04:00,3,1,1,0,1,0,3,17,1,0.788
RS0002890,H005,2026/2/5 04:00,12,3,1,1,1,6,6,18,1,0.706
RS0002891,H001,2026/2/5 08:00,14,10,1,1,1,6,8,23,1,0.672
RS0002892,H002,2026/2/5 08:00,11,0,1,1,1,2,6,17,1,0.631
RS0002893,H003,2026/2/5 08:00,12,4,1,0,1,3,2,15,1,0.594
RS0002894,H004,2026/2/5 08:00,5,0,1,0,0,0,3,20,1,0.762
RS0002895,H005,2026/2/5 08:00,23,2,1,1,1,4,2,20,1,0.456
RS0002896,H001,2026/2/5 12:00,22,2,1,0,1,7,4,6,1,0.452
RS0002897,H002,2026/2/5 12:00,9,4,1,1,0,2,4,7,1,0.752
RS0002898,H003,2026/2/5 12:00,3,2,1,0,0,0,3,19,1,0.873
RS0002899,H004,2026/2/5 12:00,5,2,0,0,0,1,5,23,0,0.642
RS0002900,H005,2026/2/5 12:00,15,2,1,1,2,5,2,13,1,0.703
RS0002901,H001,2026/2/5 16:00,12,3,1,1,2,3,6,23,1,0.698
RS0002902,H002,2026/2/5 16:00,12,11,1,1,0,1,4,17,0,0.688
RS0002903,H003,2026/2/5 16:00,9,3,1,0,0,4,7,9,1,0.769
RS0002904,H004,2026/2/5 16:00,5,1,1,0,0,0,3,22,1,0.692
RS0002905,H005,2026/2/5 16:00,15,6,1,1,0,2,3,18,1,0.742
RS0002906,H001,2026/2/5 20:00,16,7,1,1,0,8,3,19,1,0.751
RS0002907,H002,2026/2/5 20:00,4,5,1,1,1,1,5,23,1,0.794
RS0002908,H003,2026/2/5 20:00,2,2,1,0,0,0,4,13,1,0.861
RS0002909,H004,2026/2/5 20:00,0,1,0,0,0,1,5,13,1,1
RS0002910,H005,2026/2/5 20:00,12,4,1,1,2,5,6,10,1,0.74
RS0002911,H001,2026/2/6 00:00,7,7,1,0,2,5,4,7,1,0.824
RS0002912,H002,2026/2/6 00:00,16,3,1,1,1,3,6,8,1,0.434
RS0002913,H003,2026/2/6 00:00,8,9,1,0,0,4,7,19,1,0.727
RS0002914,H004,2026/2/6 00:00,3,5,1,0,0,2,3,13,1,0.943
RS0002915,H005,2026/2/6 00:00,15,9,1,1,3,3,3,7,1,0.683
RS0002916,H001,2026/2/6 04:00,25,4,1,1,1,5,2,10,1,0.458
RS0002917,H002,2026/2/6 04:00,14,2,1,1,1,3,7,13,1,0.547
RS0002918,H003,2026/2/6 04:00,8,0,1,0,0,2,4,21,1,0.749
RS0002919,H004,2026/2/6 04:00,9,0,1,0,0,4,6,16,1,0.397
RS0002920,H005,2026/2/6 04:00,15,4,1,1,1,5,4,12,1,0.718
RS0002921,H001,2026/2/6 08:00,10,6,1,1,1,2,3,31,1,0.717
RS0002922,H002,2026/2/6 08:00,14,0,1,1,0,5,7,24,1,0.459
RS0002923,H003,2026/2/6 08:00,7,3,1,0,1,2,5,20,1,0.788
RS0002924,H004,2026/2/6 08:00,5,2,1,0,0,1,4,17,1,0.724
RS0002925,H005,2026/2/6 08:00,9,3,1,1,3,4,3,9,1,0.787
RS0002926,H001,2026/2/6 12:00,12,5,1,1,0,2,6,12,1,0.665
RS0002927,H002,2026/2/6 12:00,18,4,1,1,0,1,1,18,1,0.348
RS0002928,H003,2026/2/6 12:00,0,1,1,0,0,3,1,15,1,1
RS0002929,H004,2026/2/6 12:00,0,6,1,0,0,2,7,5,1,0.919
RS0002930,H005,2026/2/6 12:00,12,9,1,1,0,5,4,15,1,0.833
RS0002931,H001,2026/2/6 16:00,11,4,1,1,1,2,6,0,1,0.695
RS0002932,H002,2026/2/6 16:00,3,4,1,0,0,3,3,17,1,0.845
RS0002933,H003,2026/2/6 16:00,3,0,1,0,0,1,5,17,0,0.892
RS0002934,H004,2026/2/6 16:00,2,1,1,0,0,1,3,11,1,0.793
RS0002935,H005,2026/2/6 16:00,16,0,1,1,1,1,2,25,1,0.511
RS0002936,H001,2026/2/6 20:00,12,2,1,1,0,2,3,17,1,0.731
RS0002937,H002,2026/2/6 20:00,4,1,0,1,0,3,5,17,1,0.903
RS0002938,H003,2026/2/6 20:00,3,0,1,0,0,0,6,13,1,0.902
RS0002939,H004,2026/2/6 20:00,7,8,1,0,1,0,4,25,1,0.699
RS0002940,H005,2026/2/6 20:00,8,6,1,1,1,6,0,18,1,0.756
RS0002941,H001,2026/2/7 00:00,14,11,1,1,2,7,3,17,1,0.781
RS0002942,H002,2026/2/7 00:00,10,1,1,1,0,2,9,18,1,0.777
RS0002943,H003,2026/2/7 00:00,5,6,1,0,0,0,5,13,1,0.941
RS0002944,H004,2026/2/7 00:00,9,1,1,0,1,2,3,11,1,0.501
RS0002945,H005,2026/2/7 00:00,12,3,1,0,2,7,5,8,1,0.761
RS0002946,H001,2026/2/7 04:00,19,6,1,0,1,6,5,19,1,0.647
RS0002947,H002,2026/2/7 04:00,5,5,1,1,1,1,5,13,1,0.808
RS0002948,H003,2026/2/7 04:00,12,0,1,0,0,0,3,16,1,0.48
RS0002949,H004,2026/2/7 04:00,1,3,1,0,0,3,2,13,1,0.857
RS0002950,H005,2026/2/7 04:00,9,8,1,1,0,1,4,19,1,0.885
RS0002951,H001,2026/2/7 08:00,9,4,1,1,1,7,6,16,1,0.787
RS0002952,H002,2026/2/7 08:00,8,2,1,1,1,2,3,14,1,0.719
RS0002953,H003,2026/2/7 08:00,11,5,1,0,0,2,5,18,1,0.495
RS0002954,H004,2026/2/7 08:00,1,0,1,0,1,1,3,9,1,0.865
RS0002955,H005,2026/2/7 08:00,11,10,1,1,0,6,4,7,1,0.694
RS0002956,H001,2026/2/7 12:00,11,8,1,1,2,5,2,14,1,0.663
RS0002957,H002,2026/2/7 12:00,12,8,1,1,0,5,0,21,1,0.651
RS0002958,H003,2026/2/7 12:00,0,2,1,0,1,0,5,17,1,1
RS0002959,H004,2026/2/7 12:00,3,3,1,0,0,0,4,19,1,0.84
RS0002960,H005,2026/2/7 12:00,9,3,1,1,2,3,4,16,1,0.894
RS0002961,H001,2026/2/7 16:00,10,0,1,1,3,2,2,7,1,0.796
RS0002962,H002,2026/2/7 16:00,13,1,1,1,0,8,1,10,1,0.523
RS0002963,H003,2026/2/7 16:00,5,0,1,0,0,2,4,24,1,0.721
RS0002964,H004,2026/2/7 16:00,7,3,1,0,0,0,4,23,1,0.475
RS0002965,H005,2026/2/7 16:00,15,5,1,1,0,3,6,16,1,0.633
RS0002966,H001,2026/2/7 20:00,10,6,1,1,1,1,2,12,1,0.779
RS0002967,H002,2026/2/7 20:00,9,0,1,1,0,2,3,7,0,0.705
RS0002968,H003,2026/2/7 20:00,3,3,1,0,0,2,3,14,1,0.996
RS0002969,H004,2026/2/7 20:00,9,0,1,0,1,0,7,12,1,0.509
RS0002970,H005,2026/2/7 20:00,11,1,1,1,0,0,4,18,0,0.675
RS0002971,H001,2026/2/8 00:00,11,5,1,1,0,4,5,17,1,0.679
RS0002972,H002,2026/2/8 00:00,4,4,1,1,0,2,5,12,1,0.99
RS0002973,H003,2026/2/8 00:00,12,3,1,0,0,0,6,15,1,0.496
RS0002974,H004,2026/2/8 00:00,7,1,1,0,1,4,6,17,1,0.676
RS0002975,H005,2026/2/8 00:00,21,11,1,0,1,3,3,12,1,0.493
RS0002976,H001,2026/2/8 04:00,19,4,1,1,3,1,3,17,1,0.571
RS0002977,H002,2026/2/8 04:00,11,2,1,1,0,2,4,22,1,0.567
RS0002978,H003,2026/2/8 04:00,8,5,1,0,0,2,4,12,1,0.798
RS0002979,H004,2026/2/8 04:00,7,3,1,0,0,1,4,14,0,0.71
RS0002980,H005,2026/2/8 04:00,15,0,1,1,0,9,4,21,1,0.664
RS0002981,H001,2026/2/8 08:00,13,2,1,1,1,3,5,18,1,0.787
RS0002982,H002,2026/2/8 08:00,12,0,0,1,1,3,5,13,1,0.71
RS0002983,H003,2026/2/8 08:00,19,0,1,0,0,3,1,10,1,0.334
RS0002984,H004,2026/2/8 08:00,7,0,1,0,1,0,3,23,1,0.681
RS0002985,H005,2026/2/8 08:00,7,6,1,1,3,1,4,13,1,0.926
RS0002986,H001,2026/2/8 12:00,6,0,1,1,1,2,2,5,1,0.783
RS0002987,H002,2026/2/8 12:00,5,4,1,1,0,4,4,17,1,0.754
RS0002988,H003,2026/2/8 12:00,8,8,1,0,0,1,1,12,1,0.617
RS0002989,H004,2026/2/8 12:00,7,2,0,0,1,1,5,8,1,0.644
RS0002990,H005,2026/2/8 12:00,6,2,1,1,0,4,5,16,1,0.947
RS0002991,H001,2026/2/8 16:00,12,3,1,1,1,6,1,19,1,0.654
RS0002992,H002,2026/2/8 16:00,9,4,1,1,1,3,2,18,1,0.82
RS0002993,H003,2026/2/8 16:00,0,0,1,0,1,2,0,22,1,0.945
RS0002994,H004,2026/2/8 16:00,0,3,1,0,0,1,3,9,1,0.959
RS0002995,H005,2026/2/8 16:00,7,6,1,1,0,2,4,11,1,0.807
RS0002996,H001,2026/2/8 20:00,9,5,1,1,0,4,7,17,1,0.866
RS0002997,H002,2026/2/8 20:00,6,3,1,1,0,3,7,21,1,0.935
RS0002998,H003,2026/2/8 20:00,0,6,0,0,0,2,2,11,1,1
RS0002999,H004,2026/2/8 20:00,5,0,1,0,0,4,5,14,1,0.732
RS0003000,H005,2026/2/8 20:00,16,1,1,1,0,6,3,20,1,0.659
RS0003001,H001,2026/2/9 00:00,10,7,1,1,1,8,5,13,1,0.902
RS0003002,H002,2026/2/9 00:00,15,0,1,1,0,2,5,21,1,0.458
RS0003003,H003,2026/2/9 00:00,6,3,1,0,0,4,6,23,1,0.772
RS0003004,H004,2026/2/9 00:00,8,3,0,0,0,0,3,20,1,0.577
RS0003005,H005,2026/2/9 00:00,11,1,1,1,1,4,4,23,1,0.81
RS0003006,H001,2026/2/9 04:00,9,0,1,1,3,5,5,31,1,0.931
RS0003007,H002,2026/2/9 04:00,18,2,1,1,0,4,10,19,1,0.518
RS0003008,H003,2026/2/9 04:00,9,0,1,0,0,4,6,15,1,0.673
RS0003009,H004,2026/2/9 04:00,4,7,1,0,0,0,7,7,0,0.823
RS0003010,H005,2026/2/9 04:00,15,1,1,1,1,2,6,19,1,0.668
RS0003011,H001,2026/2/9 08:00,16,2,1,1,2,4,7,17,1,0.628
RS0003012,H002,2026/2/9 08:00,12,3,1,1,1,0,7,14,1,0.647
RS0003013,H003,2026/2/9 08:00,15,0,1,0,0,1,2,15,1,0.487
RS0003014,H004,2026/2/9 08:00,5,3,1,0,0,0,7,23,1,0.714
RS0003015,H005,2026/2/9 08:00,19,2,1,1,0,7,5,10,1,0.559
RS0003016,H001,2026/2/9 12:00,12,0,0,1,0,3,2,20,1,0.816
RS0003017,H002,2026/2/9 12:00,9,3,1,1,2,0,2,12,1,0.736
RS0003018,H003,2026/2/9 12:00,8,3,1,0,1,3,3,17,1,0.762
RS0003019,H004,2026/2/9 12:00,1,0,1,0,1,0,4,13,1,0.912
RS0003020,H005,2026/2/9 12:00,14,1,1,1,2,6,4,15,1,0.673
RS0003021,H001,2026/2/9 16:00,9,0,1,1,3,7,2,4,1,0.924
RS0003022,H002,2026/2/9 16:00,0,2,1,1,0,3,1,18,1,0.93
RS0003023,H003,2026/2/9 16:00,4,4,1,0,2,1,3,14,0,0.79
RS0003024,H004,2026/2/9 16:00,0,1,1,0,1,0,3,10,1,0.923
RS0003025,H005,2026/2/9 16:00,14,10,1,1,1,5,3,23,1,0.766
RS0003026,H001,2026/2/9 20:00,15,9,1,1,0,3,5,11,1,0.654
RS0003027,H002,2026/2/9 20:00,11,4,1,1,1,2,3,15,1,0.75
RS0003028,H003,2026/2/9 20:00,3,4,1,0,2,0,5,13,1,0.975
RS0003029,H004,2026/2/9 20:00,5,4,1,0,1,4,3,18,1,0.823
RS0003030,H005,2026/2/9 20:00,15,5,1,1,2,3,6,14,1,0.539
RS0003031,H001,2026/2/10 00:00,12,12,1,1,2,6,4,17,1,0.634
RS0003032,H002,2026/2/10 00:00,16,1,1,1,0,4,3,25,1,0.616
RS0003033,H003,2026/2/10 00:00,5,3,1,0,0,4,2,10,1,0.912
RS0003034,H004,2026/2/10 00:00,6,0,1,0,0,1,3,7,1,0.662
RS0003035,H005,2026/2/10 00:00,15,6,1,1,0,5,6,19,1,0.605
RS0003036,H001,2026/2/10 04:00,17,3,1,1,3,5,3,22,0,0.528
RS0003037,H002,2026/2/10 04:00,7,0,1,0,0,4,4,11,1,0.746
RS0003038,H003,2026/2/10 04:00,9,2,1,0,1,0,2,11,1,0.691
RS0003039,H004,2026/2/10 04:00,5,8,1,0,1,3,7,15,1,0.736
RS0003040,H005,2026/2/10 04:00,10,3,1,1,1,5,3,14,1,0.81
RS0003041,H001,2026/2/10 08:00,17,2,1,1,0,5,5,20,1,0.536
RS0003042,H002,2026/2/10 08:00,11,4,1,1,1,4,7,8,1,0.66
RS0003043,H003,2026/2/10 08:00,10,1,1,0,2,4,4,22,1,0.655
RS0003044,H004,2026/2/10 08:00,1,0,1,0,0,1,2,16,1,1
RS0003045,H005,2026/2/10 08:00,21,0,1,1,2,3,6,24,1,0.569
RS0003046,H001,2026/2/10 12:00,6,3,1,1,3,6,2,14,1,0.883
RS0003047,H002,2026/2/10 12:00,7,3,1,1,0,4,3,16,1,0.885
RS0003048,H003,2026/2/10 12:00,1,3,1,0,0,0,4,11,1,0.889
RS0003049,H004,2026/2/10 12:00,5,2,0,0,0,0,1,15,1,0.73
RS0003050,H005,2026/2/10 12:00,7,2,1,1,1,2,2,15,1,0.89
RS0003051,H001,2026/2/10 16:00,7,4,1,1,1,4,1,16,1,0.896
RS0003052,H002,2026/2/10 16:00,4,0,1,1,0,0,2,14,1,0.807
RS0003053,H003,2026/2/10 16:00,6,6,1,0,1,1,5,19,1,0.687
RS0003054,H004,2026/2/10 16:00,3,0,1,0,0,2,6,20,1,0.91
RS0003055,H005,2026/2/10 16:00,8,7,1,1,2,7,4,18,1,0.934
RS0003056,H001,2026/2/10 20:00,19,5,1,1,0,1,8,10,1,0.638
RS0003057,H002,2026/2/10 20:00,7,7,1,1,1,0,4,8,1,0.78
RS0003058,H003,2026/2/10 20:00,6,5,1,0,0,7,3,15,1,0.76
RS0003059,H004,2026/2/10 20:00,1,6,1,0,1,1,4,12,1,0.986
RS0003060,H005,2026/2/10 20:00,8,0,1,1,0,6,4,17,1,0.834
RS0003061,H001,2026/2/11 00:00,17,8,1,1,2,5,4,7,1,0.698
RS0003062,H002,2026/2/11 00:00,15,2,1,1,1,3,5,10,1,0.428
RS0003063,H003,2026/2/11 00:00,11,5,1,0,1,2,7,11,1,0.575
RS0003064,H004,2026/2/11 00:00,5,2,1,0,1,6,2,12,1,0.799
RS0003065,H005,2026/2/11 00:00,16,5,1,1,1,5,4,18,1,0.52
RS0003066,H001,2026/2/11 04:00,15,15,1,1,3,4,3,19,1,0.776
RS0003067,H002,2026/2/11 04:00,12,0,1,1,2,4,9,22,1,0.705
RS0003068,H003,2026/2/11 04:00,9,1,1,0,0,0,4,27,1,0.587
RS0003069,H004,2026/2/11 04:00,4,3,1,0,0,0,7,14,1,0.893
RS0003070,H005,2026/2/11 04:00,14,7,1,1,1,7,9,7,1,0.729
RS0003071,H001,2026/2/11 08:00,16,6,1,1,1,5,2,20,1,0.574
RS0003072,H002,2026/2/11 08:00,6,5,0,1,0,3,4,22,1,0.764
RS0003073,H003,2026/2/11 08:00,5,4,1,0,0,1,3,12,1,0.772
RS0003074,H004,2026/2/11 08:00,4,1,1,0,1,0,3,20,1,0.863
RS0003075,H005,2026/2/11 08:00,16,9,1,1,4,8,6,14,1,0.621
RS0003076,H001,2026/2/11 12:00,6,10,1,1,1,5,2,21,1,0.994
RS0003077,H002,2026/2/11 12:00,12,8,1,1,0,1,0,17,1,0.566
RS0003078,H003,2026/2/11 12:00,9,6,1,0,0,2,3,15,1,0.595
RS0003079,H004,2026/2/11 12:00,16,2,1,0,0,1,5,24,1,0.017
RS0003080,H005,2026/2/11 12:00,2,0,0,1,0,2,2,15,1,1
RS0003081,H001,2026/2/11 16:00,10,5,1,1,1,3,3,9,0,0.855
RS0003082,H002,2026/2/11 16:00,2,6,1,1,2,0,3,10,1,0.982
RS0003083,H003,2026/2/11 16:00,8,1,1,0,0,3,4,10,1,0.735
RS0003084,H004,2026/2/11 16:00,3,7,1,0,1,2,1,11,1,0.737
RS0003085,H005,2026/2/11 16:00,13,0,1,1,0,6,4,17,1,0.567
RS0003086,H001,2026/2/11 20:00,12,2,1,1,0,6,3,13,1,0.756
RS0003087,H002,2026/2/11 20:00,8,5,1,1,1,5,3,20,1,0.786
RS0003088,H003,2026/2/11 20:00,2,5,1,0,0,0,4,20,1,0.924
RS0003089,H004,2026/2/11 20:00,7,3,1,0,0,5,6,22,1,0.547
RS0003090,H005,2026/2/11 20:00,13,6,1,1,2,4,0,5,1,0.57
RS0003091,H001,2026/2/12 00:00,9,5,1,1,1,7,4,20,1,0.861
RS0003092,H002,2026/2/12 00:00,10,5,1,1,1,5,2,19,1,0.584
RS0003093,H003,2026/2/12 00:00,8,0,1,0,1,2,4,22,1,0.733
RS0003094,H004,2026/2/12 00:00,0,3,1,0,1,0,4,15,1,0.973
RS0003095,H005,2026/2/12 00:00,6,5,1,1,2,4,6,16,1,0.838
RS0003096,H001,2026/2/12 04:00,22,9,1,1,2,4,6,19,1,0.381
RS0003097,H002,2026/2/12 04:00,11,5,1,1,0,5,6,15,1,0.698
RS0003098,H003,2026/2/12 04:00,5,5,1,0,0,0,6,14,1,0.751
RS0003099,H004,2026/2/12 04:00,3,1,1,0,0,0,2,21,1,0.73
RS0003100,H005,2026/2/12 04:00,12,6,1,1,1,5,5,14,1,0.72
RS0003101,H001,2026/2/12 08:00,18,11,1,1,1,7,7,22,1,0.524
RS0003102,H002,2026/2/12 08:00,12,7,1,1,0,3,4,22,1,0.745
RS0003103,H003,2026/2/12 08:00,7,0,1,0,0,4,5,15,1,0.671
RS0003104,H004,2026/2/12 08:00,1,2,1,0,0,2,6,24,1,0.991
RS0003105,H005,2026/2/12 08:00,13,5,1,1,0,4,5,20,1,0.614
RS0003106,H001,2026/2/12 12:00,11,3,1,1,0,2,0,15,1,0.859
RS0003107,H002,2026/2/12 12:00,7,1,1,1,1,0,6,4,1,0.708
RS0003108,H003,2026/2/12 12:00,3,6,1,0,1,5,3,7,1,0.904
RS0003109,H004,2026/2/12 12:00,8,0,1,0,1,2,5,13,1,0.472
RS0003110,H005,2026/2/12 12:00,13,3,1,1,0,3,5,13,1,0.647
RS0003111,H001,2026/2/12 16:00,6,1,1,1,1,1,1,5,1,0.831
RS0003112,H002,2026/2/12 16:00,10,2,1,1,0,5,2,7,1,0.801
RS0003113,H003,2026/2/12 16:00,14,4,1,0,2,2,5,17,1,0.369
RS0003114,H004,2026/2/12 16:00,0,3,1,0,0,0,4,19,1,1
RS0003115,H005,2026/2/12 16:00,11,4,1,0,2,2,5,10,1,0.835
RS0003116,H001,2026/2/12 20:00,15,5,0,1,0,6,2,14,1,0.589
RS0003117,H002,2026/2/12 20:00,4,4,1,1,0,1,2,17,1,0.901
RS0003118,H003,2026/2/12 20:00,1,0,1,0,0,2,2,14,1,0.898
RS0003119,H004,2026/2/12 20:00,1,4,1,0,0,2,5,14,1,0.929
RS0003120,H005,2026/2/12 20:00,12,3,1,1,0,3,8,22,1,0.733
RS0003121,H001,2026/2/13 00:00,9,5,1,1,0,5,4,22,1,0.715
RS0003122,H002,2026/2/13 00:00,15,7,1,1,0,4,3,13,1,0.487
RS0003123,H003,2026/2/13 00:00,3,3,1,0,0,0,6,14,1,0.999
RS0003124,H004,2026/2/13 00:00,2,0,1,0,0,0,6,17,1,1
RS0003125,H005,2026/2/13 00:00,11,5,1,1,1,8,4,16,1,0.742
RS0003126,H001,2026/2/13 04:00,8,2,1,1,1,3,3,25,1,0.958
RS0003127,H002,2026/2/13 04:00,11,4,1,1,1,1,4,19,1,0.782
RS0003128,H003,2026/2/13 04:00,10,5,1,0,0,6,5,20,0,0.714
RS0003129,H004,2026/2/13 04:00,0,3,1,0,0,2,6,12,1,0.982
RS0003130,H005,2026/2/13 04:00,21,9,1,1,0,1,4,20,1,0.41
RS0003131,H001,2026/2/13 08:00,20,4,1,1,2,4,5,17,1,0.502
RS0003132,H002,2026/2/13 08:00,5,2,1,1,0,0,5,16,1,0.972
RS0003133,H003,2026/2/13 08:00,8,5,1,0,0,0,8,19,1,0.581
RS0003134,H004,2026/2/13 08:00,3,1,1,0,1,0,4,19,1,0.789
RS0003135,H005,2026/2/13 08:00,14,7,1,1,2,3,3,21,1,0.549
RS0003136,H001,2026/2/13 12:00,6,12,1,1,1,5,4,11,1,0.899
RS0003137,H002,2026/2/13 12:00,0,5,1,1,0,0,3,16,1,1
RS0003138,H003,2026/2/13 12:00,6,5,1,0,0,4,6,17,1,0.804
RS0003139,H004,2026/2/13 12:00,2,0,1,0,0,3,2,5,1,0.785
RS0003140,H005,2026/2/13 12:00,6,1,1,1,0,3,3,9,1,0.9
RS0003141,H001,2026/2/13 16:00,10,3,1,1,0,5,4,20,1,0.825
RS0003142,H002,2026/2/13 16:00,15,5,1,1,1,0,4,12,1,0.63
RS0003143,H003,2026/2/13 16:00,0,5,1,0,1,0,1,10,1,1
RS0003144,H004,2026/2/13 16:00,7,0,1,0,0,0,2,11,1,0.538
RS0003145,H005,2026/2/13 16:00,7,2,0,1,0,2,4,7,1,0.796
RS0003146,H001,2026/2/13 20:00,7,9,1,1,0,3,3,11,1,0.834
RS0003147,H002,2026/2/13 20:00,1,1,1,1,0,3,5,20,1,1
RS0003148,H003,2026/2/13 20:00,9,0,1,0,0,3,6,22,1,0.648
RS0003149,H004,2026/2/13 20:00,5,4,1,0,1,2,4,8,1,0.596
RS0003150,H005,2026/2/13 20:00,13,4,1,1,1,6,4,11,1,0.6
RS0003151,H001,2026/2/14 00:00,14,2,1,1,0,5,6,6,1,0.815
RS0003152,H002,2026/2/14 00:00,9,6,1,0,0,0,2,13,1,0.843
RS0003153,H003,2026/2/14 00:00,6,4,1,0,2,1,2,16,1,0.794
RS0003154,H004,2026/2/14 00:00,13,4,1,0,0,3,6,14,1,0.331
RS0003155,H005,2026/2/14 00:00,16,2,1,1,1,2,2,21,1,0.667
RS0003156,H001,2026/2/14 04:00,17,4,1,1,1,2,5,24,1,0.694
RS0003157,H002,2026/2/14 04:00,13,0,1,0,0,1,1,15,1,0.51
RS0003158,H003,2026/2/14 04:00,7,2,1,0,1,2,4,15,1,0.716
RS0003159,H004,2026/2/14 04:00,4,0,1,0,0,0,2,14,1,0.775
RS0003160,H005,2026/2/14 04:00,10,3,1,1,0,3,5,15,1,0.684
RS0003161,H001,2026/2/14 08:00,16,6,1,1,1,2,4,16,1,0.558
RS0003162,H002,2026/2/14 08:00,8,0,1,1,1,3,4,20,1,0.643
RS0003163,H003,2026/2/14 08:00,12,0,1,0,0,2,1,20,1,0.467
RS0003164,H004,2026/2/14 08:00,6,3,1,0,0,0,8,21,1,0.73
RS0003165,H005,2026/2/14 08:00,16,3,1,1,1,2,6,20,1,0.588
RS0003166,H001,2026/2/14 12:00,11,10,1,1,1,4,2,17,1,0.768
RS0003167,H002,2026/2/14 12:00,9,0,1,1,0,4,2,15,1,0.85
RS0003168,H003,2026/2/14 12:00,10,5,1,0,2,4,2,12,1,0.531
RS0003169,H004,2026/2/14 12:00,7,0,1,0,0,1,5,17,1,0.66
RS0003170,H005,2026/2/14 12:00,13,5,1,1,0,7,3,17,1,0.747
RS0003171,H001,2026/2/14 16:00,14,2,1,1,2,5,8,12,1,0.71
RS0003172,H002,2026/2/14 16:00,16,3,1,1,0,0,2,11,1,0.415
RS0003173,H003,2026/2/14 16:00,10,5,1,0,1,2,0,10,1,0.683
RS0003174,H004,2026/2/14 16:00,13,1,1,0,0,3,6,16,1,0.305
RS0003175,H005,2026/2/14 16:00,9,4,1,1,1,3,3,7,1,0.778
RS0003176,H001,2026/2/14 20:00,14,4,1,1,1,3,5,3,1,0.682
RS0003177,H002,2026/2/14 20:00,6,0,1,1,0,3,5,9,1,0.903
RS0003178,H003,2026/2/14 20:00,6,2,1,0,0,0,2,10,1,0.779
RS0003179,H004,2026/2/14 20:00,0,3,1,0,0,3,3,17,1,0.988
RS0003180,H005,2026/2/14 20:00,13,4,0,0,0,5,5,2,1,0.612
RS0003181,H001,2026/2/15 00:00,6,6,1,1,0,10,5,13,1,0.791
RS0003182,H002,2026/2/15 00:00,11,1,1,1,0,3,5,22,1,0.763
RS0003183,H003,2026/2/15 00:00,2,6,1,0,0,2,4,9,1,0.916
RS0003184,H004,2026/2/15 00:00,0,4,1,0,0,1,4,31,1,1
RS0003185,H005,2026/2/15 00:00,17,1,1,1,0,4,5,14,1,0.597
RS0003186,H001,2026/2/15 04:00,10,1,1,1,1,10,3,10,1,0.673
RS0003187,H002,2026/2/15 04:00,11,3,1,0,2,5,4,11,1,0.602
RS0003188,H003,2026/2/15 04:00,11,6,1,0,1,6,4,5,1,0.514
RS0003189,H004,2026/2/15 04:00,10,0,1,0,0,0,4,10,1,0.503
RS0003190,H005,2026/2/15 04:00,14,8,1,1,3,5,3,17,1,0.651
RS0003191,H001,2026/2/15 08:00,12,1,1,0,1,8,3,14,1,0.787
RS0003192,H002,2026/2/15 08:00,6,0,1,1,0,4,4,19,1,0.882
RS0003193,H003,2026/2/15 08:00,9,5,1,0,0,1,5,20,1,0.543
RS0003194,H004,2026/2/15 08:00,1,0,1,0,1,1,4,17,1,1
RS0003195,H005,2026/2/15 08:00,10,6,1,0,0,2,3,15,1,0.671
RS0003196,H001,2026/2/15 12:00,8,5,1,1,2,4,4,7,1,0.77
RS0003197,H002,2026/2/15 12:00,13,3,1,1,0,0,4,9,1,0.511
RS0003198,H003,2026/2/15 12:00,7,0,1,0,1,4,3,13,1,0.634
RS0003199,H004,2026/2/15 12:00,6,5,1,0,0,0,1,12,0,0.72
RS0003200,H005,2026/2/15 12:00,9,6,1,1,3,4,2,19,1,0.784
RS0003201,H001,2026/2/15 16:00,15,1,1,1,1,1,4,12,1,0.593
RS0003202,H002,2026/2/15 16:00,13,7,1,1,2,3,3,13,1,0.659
RS0003203,H003,2026/2/15 16:00,3,0,1,0,0,3,4,10,1,0.887
RS0003204,H004,2026/2/15 16:00,6,0,1,0,0,2,6,0,1,0.75
RS0003205,H005,2026/2/15 16:00,11,1,1,1,1,5,7,3,1,0.789
RS0003206,H001,2026/2/15 20:00,13,5,1,1,1,4,6,15,1,0.61
RS0003207,H002,2026/2/15 20:00,1,3,1,1,0,1,7,10,0,1
RS0003208,H003,2026/2/15 20:00,3,3,1,0,0,1,5,19,1,0.97
RS0003209,H004,2026/2/15 20:00,3,0,1,0,0,0,3,12,1,0.839
RS0003210,H005,2026/2/15 20:00,3,4,1,1,2,4,5,14,1,0.863
RS0003211,H001,2026/2/16 00:00,13,1,1,1,3,5,4,20,1,0.769
RS0003212,H002,2026/2/16 00:00,9,2,1,1,1,3,5,16,1,0.636
RS0003213,H003,2026/2/16 00:00,7,0,1,0,0,4,6,18,1,0.853
RS0003214,H004,2026/2/16 00:00,7,5,1,0,0,0,4,19,1,0.671
RS0003215,H005,2026/2/16 00:00,7,7,1,1,3,7,4,18,1,0.897
RS0003216,H001,2026/2/16 04:00,10,6,1,1,3,8,6,23,1,0.842
RS0003217,H002,2026/2/16 04:00,10,5,1,1,0,4,5,14,1,0.809
RS0003218,H003,2026/2/16 04:00,2,4,1,0,0,2,7,17,1,0.91
RS0003219,H004,2026/2/16 04:00,6,3,1,0,1,0,1,23,1,0.64
RS0003220,H005,2026/2/16 04:00,9,2,1,0,0,6,4,27,1,0.874
RS0003221,H001,2026/2/16 08:00,9,5,1,1,3,9,7,16,1,0.823
RS0003222,H002,2026/2/16 08:00,15,4,1,1,1,4,5,15,1,0.42
RS0003223,H003,2026/2/16 08:00,5,2,1,0,0,1,5,18,1,0.724
RS0003224,H004,2026/2/16 08:00,3,4,1,0,0,4,3,11,1,0.93
RS0003225,H005,2026/2/16 08:00,11,2,1,1,1,7,5,13,1,0.746
RS0003226,H001,2026/2/16 12:00,17,4,1,1,0,5,2,10,1,0.688
RS0003227,H002,2026/2/16 12:00,7,0,1,1,0,0,3,13,0,0.775
RS0003228,H003,2026/2/16 12:00,9,3,1,0,0,2,5,15,1,0.694
RS0003229,H004,2026/2/16 12:00,10,4,1,0,0,0,3,18,1,0.315
RS0003230,H005,2026/2/16 12:00,11,8,1,1,0,2,4,13,1,0.83
RS0003231,H001,2026/2/16 16:00,5,1,1,1,0,0,2,18,1,0.84
RS0003232,H002,2026/2/16 16:00,11,0,1,1,0,1,5,16,1,0.72
RS0003233,H003,2026/2/16 16:00,9,4,1,0,2,2,7,17,1,0.549
RS0003234,H004,2026/2/16 16:00,10,5,1,0,0,1,3,16,1,0.449
RS0003235,H005,2026/2/16 16:00,3,3,1,1,0,6,2,19,1,0.842
RS0003236,H001,2026/2/16 20:00,11,6,1,1,1,3,4,10,1,0.67
RS0003237,H002,2026/2/16 20:00,2,2,1,1,0,0,0,10,1,0.842
RS0003238,H003,2026/2/16 20:00,0,0,1,0,0,5,0,22,1,1
RS0003239,H004,2026/2/16 20:00,5,0,1,0,0,0,6,9,1,0.746
RS0003240,H005,2026/2/16 20:00,10,2,1,1,0,4,5,7,1,0.742
RS0003241,H001,2026/2/17 00:00,11,5,1,1,4,1,4,17,1,0.783
RS0003242,H002,2026/2/17 00:00,14,3,1,1,2,5,0,13,1,0.594
RS0003243,H003,2026/2/17 00:00,10,2,1,0,0,2,5,19,1,0.582
RS0003244,H004,2026/2/17 00:00,7,0,1,0,0,3,5,19,1,0.549
RS0003245,H005,2026/2/17 00:00,13,4,0,0,1,3,4,22,1,0.697
RS0003246,H001,2026/2/17 04:00,15,7,1,1,1,4,9,16,1,0.642
RS0003247,H002,2026/2/17 04:00,7,2,1,1,0,3,4,17,1,0.763
RS0003248,H003,2026/2/17 04:00,8,5,1,0,1,0,6,17,1,0.807
RS0003249,H004,2026/2/17 04:00,8,3,1,0,1,0,1,22,1,0.504
RS0003250,H005,2026/2/17 04:00,11,11,1,1,3,6,3,25,0,0.761
RS0003251,H001,2026/2/17 08:00,17,3,1,1,2,6,8,15,1,0.561
RS0003252,H002,2026/2/17 08:00,12,4,1,0,0,4,3,24,1,0.661
RS0003253,H003,2026/2/17 08:00,13,7,0,0,1,1,3,7,1,0.546
RS0003254,H004,2026/2/17 08:00,0,0,1,0,0,3,6,19,1,1
RS0003255,H005,2026/2/17 08:00,12,7,1,1,2,3,2,7,1,0.698
RS0003256,H001,2026/2/17 12:00,14,6,1,1,0,5,3,17,1,0.747
RS0003257,H002,2026/2/17 12:00,4,1,1,1,0,1,2,20,1,0.811
RS0003258,H003,2026/2/17 12:00,6,5,1,0,0,3,3,14,1,0.728
RS0003259,H004,2026/2/17 12:00,9,4,1,0,1,1,3,15,1,0.482
RS0003260,H005,2026/2/17 12:00,6,2,1,1,1,4,2,17,1,0.879
RS0003261,H001,2026/2/17 16:00,15,8,1,1,0,3,1,17,1,0.747
RS0003262,H002,2026/2/17 16:00,9,5,1,1,2,3,4,20,1,0.772
RS0003263,H003,2026/2/17 16:00,2,0,1,0,1,3,3,18,1,1
RS0003264,H004,2026/2/17 16:00,0,0,1,0,0,0,2,10,0,0.965
RS0003265,H005,2026/2/17 16:00,3,5,1,1,1,4,4,11,1,0.94
RS0003266,H001,2026/2/17 20:00,11,1,1,1,2,5,2,19,1,0.839
RS0003267,H002,2026/2/17 20:00,14,0,1,1,0,3,2,18,1,0.512
RS0003268,H003,2026/2/17 20:00,4,5,1,0,0,0,6,21,1,0.831
RS0003269,H004,2026/2/17 20:00,5,6,1,0,0,3,8,15,1,0.835
RS0003270,H005,2026/2/17 20:00,14,7,1,1,2,5,3,16,1,0.59
RS0003271,H001,2026/2/18 00:00,13,6,1,1,0,6,6,23,1,0.638
RS0003272,H002,2026/2/18 00:00,17,4,1,1,1,6,4,15,1,0.524
RS0003273,H003,2026/2/18 00:00,9,4,1,0,0,2,2,24,1,0.624
RS0003274,H004,2026/2/18 00:00,4,0,1,0,1,3,5,18,1,0.714
RS0003275,H005,2026/2/18 00:00,17,6,1,1,1,5,6,22,1,0.6
RS0003276,H001,2026/2/18 04:00,16,7,1,1,3,5,8,20,1,0.549
RS0003277,H002,2026/2/18 04:00,9,0,1,1,0,1,5,21,1,0.608
RS0003278,H003,2026/2/18 04:00,4,6,1,0,1,1,4,17,1,0.982
RS0003279,H004,2026/2/18 04:00,2,5,1,0,0,4,0,22,1,0.835
RS0003280,H005,2026/2/18 04:00,13,5,1,0,1,4,6,16,1,0.638
RS0003281,H001,2026/2/18 08:00,10,10,1,0,2,5,5,23,1,0.768
RS0003282,H002,2026/2/18 08:00,6,5,1,1,0,1,3,16,1,0.824
RS0003283,H003,2026/2/18 08:00,16,1,0,0,1,2,2,17,1,0.303
RS0003284,H004,2026/2/18 08:00,0,7,1,0,0,1,3,18,1,0.919
RS0003285,H005,2026/2/18 08:00,16,7,1,1,1,4,2,20,1,0.508
RS0003286,H001,2026/2/18 12:00,9,6,1,1,0,5,1,17,1,0.706
RS0003287,H002,2026/2/18 12:00,8,1,1,1,2,1,4,10,1,0.879
RS0003288,H003,2026/2/18 12:00,8,7,0,0,0,0,3,15,1,0.774
RS0003289,H004,2026/2/18 12:00,4,5,1,0,1,0,9,18,1,0.761
RS0003290,H005,2026/2/18 12:00,14,1,1,1,1,5,2,20,1,0.655
RS0003291,H001,2026/2/18 16:00,7,9,1,1,1,5,0,24,1,0.838
RS0003292,H002,2026/2/18 16:00,10,0,1,1,0,3,3,15,1,0.616
RS0003293,H003,2026/2/18 16:00,4,6,1,0,2,0,3,9,1,0.805
RS0003294,H004,2026/2/18 16:00,6,1,1,0,0,0,4,13,1,0.541
RS0003295,H005,2026/2/18 16:00,16,0,1,1,1,5,6,30,1,0.674
RS0003296,H001,2026/2/18 20:00,8,3,1,1,1,3,0,5,1,0.926
RS0003297,H002,2026/2/18 20:00,14,6,1,1,0,1,5,6,1,0.665
RS0003298,H003,2026/2/18 20:00,9,0,1,0,1,0,4,21,1,0.689
RS0003299,H004,2026/2/18 20:00,14,0,1,0,1,0,3,14,1,0.146
RS0003300,H005,2026/2/18 20:00,13,0,1,1,1,2,5,9,1,0.621
RS0003301,H001,2026/2/19 00:00,9,5,1,1,0,3,4,26,0,0.887
RS0003302,H002,2026/2/19 00:00,7,5,1,1,0,1,3,21,1,0.792
RS0003303,H003,2026/2/19 00:00,4,3,1,0,0,4,4,16,1,0.742
RS0003304,H004,2026/2/19 00:00,5,2,1,0,0,0,2,19,1,0.629
RS0003305,H005,2026/2/19 00:00,19,7,0,1,1,6,7,19,1,0.554
RS0003306,H001,2026/2/19 04:00,10,5,1,1,2,5,4,19,0,0.859
RS0003307,H002,2026/2/19 04:00,10,1,1,0,0,3,5,11,1,0.762
RS0003308,H003,2026/2/19 04:00,13,6,1,0,1,1,5,10,1,0.516
RS0003309,H004,2026/2/19 04:00,15,0,1,0,0,4,4,10,1,0.011
RS0003310,H005,2026/2/19 04:00,18,2,1,1,3,2,4,14,1,0.489
RS0003311,H001,2026/2/19 08:00,13,0,1,1,0,2,2,14,1,0.622
RS0003312,H002,2026/2/19 08:00,5,9,1,1,0,2,4,18,1,0.927
RS0003313,H003,2026/2/19 08:00,11,3,1,0,1,1,4,15,1,0.619
RS0003314,H004,2026/2/19 08:00,0,1,1,0,0,1,2,18,1,0.991
RS0003315,H005,2026/2/19 08:00,18,7,1,1,2,8,3,21,1,0.564
RS0003316,H001,2026/2/19 12:00,15,7,1,1,2,1,7,12,1,0.659
RS0003317,H002,2026/2/19 12:00,12,6,1,1,2,4,4,22,1,0.62
RS0003318,H003,2026/2/19 12:00,0,5,0,0,0,4,0,7,1,1
RS0003319,H004,2026/2/19 12:00,3,3,1,0,0,3,4,15,1,0.853
RS0003320,H005,2026/2/19 12:00,5,2,1,1,0,3,8,5,1,0.811
RS0003321,H001,2026/2/19 16:00,13,10,1,1,1,0,6,14,1,0.691
RS0003322,H002,2026/2/19 16:00,7,0,1,1,0,3,4,22,1,0.686
RS0003323,H003,2026/2/19 16:00,2,5,1,0,0,0,4,23,1,0.871
RS0003324,H004,2026/2/19 16:00,4,8,1,0,1,0,2,9,1,0.706
RS0003325,H005,2026/2/19 16:00,5,6,1,1,1,3,2,16,1,0.852
RS0003326,H001,2026/2/19 20:00,14,6,1,1,1,7,3,13,1,0.718
RS0003327,H002,2026/2/19 20:00,15,4,1,1,0,6,0,18,1,0.463
RS0003328,H003,2026/2/19 20:00,6,5,1,0,1,0,4,34,1,0.888
RS0003329,H004,2026/2/19 20:00,1,3,1,0,0,2,5,14,1,0.864
RS0003330,H005,2026/2/19 20:00,9,2,1,1,0,4,2,12,1,0.807
RS0003331,H001,2026/2/20 00:00,18,6,1,1,3,5,4,14,1,0.571
RS0003332,H002,2026/2/20 00:00,9,7,1,0,2,3,7,15,1,0.765
RS0003333,H003,2026/2/20 00:00,11,1,1,0,1,0,1,19,1,0.575
RS0003334,H004,2026/2/20 00:00,8,0,1,0,0,4,7,16,0,0.606
RS0003335,H005,2026/2/20 00:00,10,0,1,1,0,4,8,23,1,0.846
RS0003336,H001,2026/2/20 04:00,23,5,1,1,2,3,3,22,1,0.467
RS0003337,H002,2026/2/20 04:00,16,0,1,1,1,0,2,16,1,0.456
RS0003338,H003,2026/2/20 04:00,8,1,1,0,0,2,2,22,1,0.73
RS0003339,H004,2026/2/20 04:00,7,2,1,0,0,0,6,22,1,0.499
RS0003340,H005,2026/2/20 04:00,6,3,1,1,1,7,2,20,0,0.924
RS0003341,H001,2026/2/20 08:00,21,2,1,1,1,5,4,12,1,0.637
RS0003342,H002,2026/2/20 08:00,14,1,1,1,1,4,5,13,1,0.551
RS0003343,H003,2026/2/20 08:00,11,2,1,0,0,3,4,16,1,0.648
RS0003344,H004,2026/2/20 08:00,8,0,1,0,0,2,8,7,1,0.497
RS0003345,H005,2026/2/20 08:00,10,7,0,1,0,5,7,15,1,0.777
RS0003346,H001,2026/2/20 12:00,18,4,1,1,1,11,4,5,1,0.701
RS0003347,H002,2026/2/20 12:00,16,9,1,1,1,0,3,14,1,0.552
RS0003348,H003,2026/2/20 12:00,5,3,1,0,0,2,5,16,1,0.922
RS0003349,H004,2026/2/20 12:00,1,2,0,0,0,0,3,13,1,0.875
RS0003350,H005,2026/2/20 12:00,10,2,1,1,1,5,4,16,1,0.653
RS0003351,H001,2026/2/20 16:00,24,3,1,1,1,1,7,11,1,0.396
RS0003352,H002,2026/2/20 16:00,2,6,1,1,1,4,5,15,1,0.956
RS0003353,H003,2026/2/20 16:00,0,4,1,0,1,2,3,11,1,1
RS0003354,H004,2026/2/20 16:00,5,4,1,0,1,1,4,13,1,0.761
RS0003355,H005,2026/2/20 16:00,11,3,1,1,2,1,4,12,1,0.654
RS0003356,H001,2026/2/20 20:00,15,3,1,1,2,3,2,15,1,0.618
RS0003357,H002,2026/2/20 20:00,8,2,1,0,0,2,7,13,1,0.83
RS0003358,H003,2026/2/20 20:00,8,6,1,0,1,0,8,20,1,0.691
RS0003359,H004,2026/2/20 20:00,7,3,1,0,1,0,3,7,1,0.697
RS0003360,H005,2026/2/20 20:00,11,4,1,1,3,4,3,12,1,0.838
RS0003361,H001,2026/2/21 00:00,9,6,1,1,2,6,7,20,1,0.83
RS0003362,H002,2026/2/21 00:00,9,0,1,0,0,4,4,14,1,0.688
RS0003363,H003,2026/2/21 00:00,4,2,1,0,0,0,3,11,1,0.904
RS0003364,H004,2026/2/21 00:00,2,7,1,0,0,4,4,12,1,1
RS0003365,H005,2026/2/21 00:00,10,0,1,1,0,1,0,7,1,0.825
RS0003366,H001,2026/2/21 04:00,11,2,1,1,0,3,4,24,1,0.676
RS0003367,H002,2026/2/21 04:00,10,3,1,1,1,2,3,12,1,0.646
RS0003368,H003,2026/2/21 04:00,9,2,1,0,0,0,7,23,1,0.664
RS0003369,H004,2026/2/21 04:00,3,0,1,0,0,0,2,16,0,0.794
RS0003370,H005,2026/2/21 04:00,17,3,1,1,1,4,1,17,1,0.487
RS0003371,H001,2026/2/21 08:00,10,5,1,1,1,5,1,11,1,0.684
RS0003372,H002,2026/2/21 08:00,11,5,1,1,2,5,4,12,1,0.543
RS0003373,H003,2026/2/21 08:00,5,0,1,0,1,1,4,21,1,0.874
RS0003374,H004,2026/2/21 08:00,5,3,1,0,1,0,4,13,1,0.714
RS0003375,H005,2026/2/21 08:00,17,6,0,1,2,5,8,11,1,0.499
RS0003376,H001,2026/2/21 12:00,9,9,1,1,0,6,4,10,1,0.745
RS0003377,H002,2026/2/21 12:00,7,0,1,1,0,4,1,12,1,0.786
RS0003378,H003,2026/2/21 12:00,7,0,1,0,0,1,3,15,1,0.754
RS0003379,H004,2026/2/21 12:00,8,2,1,0,1,0,3,12,1,0.605
RS0003380,H005,2026/2/21 12:00,4,0,1,1,1,3,6,11,1,0.965
RS0003381,H001,2026/2/21 16:00,10,7,1,1,0,6,0,20,1,0.707
RS0003382,H002,2026/2/21 16:00,9,0,1,1,1,4,6,17,1,0.817
RS0003383,H003,2026/2/21 16:00,0,1,0,0,0,0,4,12,1,1
RS0003384,H004,2026/2/21 16:00,8,0,1,0,1,4,5,7,1,0.589
RS0003385,H005,2026/2/21 16:00,10,7,1,1,0,4,5,11,1,0.851
RS0003386,H001,2026/2/21 20:00,9,10,1,1,1,8,4,5,1,0.848
RS0003387,H002,2026/2/21 20:00,8,7,1,1,2,5,4,13,1,0.674
RS0003388,H003,2026/2/21 20:00,5,7,1,0,0,0,0,16,1,0.882
RS0003389,H004,2026/2/21 20:00,2,3,1,0,0,0,5,14,1,0.876
RS0003390,H005,2026/2/21 20:00,7,6,0,1,1,3,6,11,1,0.859
RS0003391,H001,2026/2/22 00:00,16,9,1,1,1,6,5,17,1,0.685
RS0003392,H002,2026/2/22 00:00,5,0,1,1,1,2,8,10,1,0.965
RS0003393,H003,2026/2/22 00:00,7,4,1,0,1,1,3,12,1,0.738
RS0003394,H004,2026/2/22 00:00,9,5,1,0,0,1,5,17,1,0.366
RS0003395,H005,2026/2/22 00:00,9,4,1,1,1,1,5,18,1,0.91
RS0003396,H001,2026/2/22 04:00,9,5,1,0,0,3,4,13,1,0.787
RS0003397,H002,2026/2/22 04:00,13,2,1,0,0,2,3,11,1,0.552
RS0003398,H003,2026/2/22 04:00,9,0,1,0,0,0,3,14,1,0.685
RS0003399,H004,2026/2/22 04:00,15,1,1,0,0,3,3,16,1,0.128
RS0003400,H005,2026/2/22 04:00,18,8,1,0,0,4,9,17,1,0.457
RS0003401,H001,2026/2/22 08:00,17,4,1,1,2,7,3,27,1,0.575
RS0003402,H002,2026/2/22 08:00,11,5,1,1,0,5,4,28,1,0.741
RS0003403,H003,2026/2/22 08:00,3,0,1,0,0,5,3,14,1,0.933
RS0003404,H004,2026/2/22 08:00,9,5,1,0,0,0,3,15,0,0.54
RS0003405,H005,2026/2/22 08:00,10,7,1,1,1,5,7,19,1,0.736
RS0003406,H001,2026/2/22 12:00,14,6,1,1,0,3,2,8,1,0.78
RS0003407,H002,2026/2/22 12:00,7,9,1,1,1,3,4,14,1,0.713
RS0003408,H003,2026/2/22 12:00,7,1,1,0,0,0,1,8,0,0.707
RS0003409,H004,2026/2/22 12:00,0,0,1,0,1,1,2,13,1,0.919
RS0003410,H005,2026/2/22 12:00,8,2,1,1,2,1,5,12,0,0.819
RS0003411,H001,2026/2/22 16:00,8,7,1,1,0,5,2,15,1,0.884
RS0003412,H002,2026/2/22 16:00,10,0,1,1,0,4,2,13,1,0.716
RS0003413,H003,2026/2/22 16:00,9,5,1,0,1,1,4,18,1,0.666
RS0003414,H004,2026/2/22 16:00,7,2,0,0,1,0,4,12,1,0.675
RS0003415,H005,2026/2/22 16:00,7,1,1,1,1,4,4,5,1,0.756
RS0003416,H001,2026/2/22 20:00,15,6,1,1,0,5,7,14,1,0.591
RS0003417,H002,2026/2/22 20:00,1,2,1,1,0,0,7,14,0,0.908
RS0003418,H003,2026/2/22 20:00,12,1,1,0,1,0,0,12,0,0.542
RS0003419,H004,2026/2/22 20:00,5,4,1,0,0,0,3,19,1,0.789
RS0003420,H005,2026/2/22 20:00,14,7,1,1,2,3,4,17,1,0.62
RS0003421,H001,2026/2/23 00:00,20,12,0,1,2,7,6,16,1,0.477
RS0003422,H002,2026/2/23 00:00,3,4,1,1,0,6,6,16,1,0.98
RS0003423,H003,2026/2/23 00:00,12,3,1,0,1,1,4,15,1,0.574
RS0003424,H004,2026/2/23 00:00,0,0,1,0,0,2,2,10,1,0.938
RS0003425,H005,2026/2/23 00:00,13,3,1,1,2,7,4,19,1,0.738
RS0003426,H001,2026/2/23 04:00,11,6,1,1,1,6,7,16,1,0.705
RS0003427,H002,2026/2/23 04:00,4,3,1,1,1,3,4,12,1,0.831
RS0003428,H003,2026/2/23 04:00,9,1,1,0,2,1,4,16,1,0.549
RS0003429,H004,2026/2/23 04:00,3,4,1,0,1,1,5,16,1,0.821
RS0003430,H005,2026/2/23 04:00,9,6,1,1,0,4,6,12,1,0.785
RS0003431,H001,2026/2/23 08:00,8,3,1,1,3,6,5,2,1,0.733
RS0003432,H002,2026/2/23 08:00,6,3,1,1,0,2,5,21,1,0.796
RS0003433,H003,2026/2/23 08:00,3,4,1,0,2,3,3,20,1,0.997
RS0003434,H004,2026/2/23 08:00,7,0,1,0,0,3,3,18,1,0.599
RS0003435,H005,2026/2/23 08:00,9,5,1,1,1,2,2,12,1,0.696
RS0003436,H001,2026/2/23 12:00,11,7,1,1,1,5,3,17,1,0.869
RS0003437,H002,2026/2/23 12:00,0,4,1,1,0,3,5,15,1,0.905
RS0003438,H003,2026/2/23 12:00,2,4,1,0,0,1,4,15,1,0.949
RS0003439,H004,2026/2/23 12:00,2,1,1,0,0,0,5,20,1,0.879
RS0003440,H005,2026/2/23 12:00,15,3,1,1,0,4,3,11,1,0.614
RS0003441,H001,2026/2/23 16:00,11,6,1,1,2,2,3,8,1,0.81
RS0003442,H002,2026/2/23 16:00,13,1,1,1,1,2,0,8,1,0.693
RS0003443,H003,2026/2/23 16:00,11,2,1,0,0,1,1,8,1,0.674
RS0003444,H004,2026/2/23 16:00,2,0,1,0,0,1,2,10,1,1
RS0003445,H005,2026/2/23 16:00,10,5,1,1,1,1,3,11,1,0.748
RS0003446,H001,2026/2/23 20:00,14,10,1,1,1,6,8,8,1,0.569
RS0003447,H002,2026/2/23 20:00,12,2,1,1,1,6,4,23,1,0.635
RS0003448,H003,2026/2/23 20:00,6,6,1,0,1,0,0,16,1,0.659
RS0003449,H004,2026/2/23 20:00,0,4,1,0,0,0,4,13,1,1
RS0003450,H005,2026/2/23 20:00,16,8,1,1,1,6,4,6,1,0.642
RS0003451,H001,2026/2/24 00:00,22,8,1,1,1,6,4,18,1,0.399
RS0003452,H002,2026/2/24 00:00,10,0,1,0,0,3,7,26,1,0.65
RS0003453,H003,2026/2/24 00:00,6,0,1,0,1,3,5,24,1,0.694
RS0003454,H004,2026/2/24 00:00,2,1,1,0,0,5,5,16,1,0.971
RS0003455,H005,2026/2/24 00:00,18,3,1,1,1,5,5,22,1,0.435
RS0003456,H001,2026/2/24 04:00,13,7,1,1,2,5,3,23,1,0.733
RS0003457,H002,2026/2/24 04:00,17,3,0,1,1,5,6,14,1,0.504
RS0003458,H003,2026/2/24 04:00,7,3,1,0,0,2,8,15,1,0.714
RS0003459,H004,2026/2/24 04:00,6,1,1,0,0,2,2,13,1,0.614
RS0003460,H005,2026/2/24 04:00,8,10,1,1,4,3,5,24,1,0.857
RS0003461,H001,2026/2/24 08:00,9,6,1,0,3,3,5,23,1,0.741
RS0003462,H002,2026/2/24 08:00,12,4,1,1,1,2,4,21,1,0.73
RS0003463,H003,2026/2/24 08:00,8,0,1,0,0,5,6,24,1,0.763
RS0003464,H004,2026/2/24 08:00,0,0,1,0,0,2,5,18,1,0.978
RS0003465,H005,2026/2/24 08:00,6,1,1,1,0,6,3,22,1,0.904
RS0003466,H001,2026/2/24 12:00,13,6,1,1,2,3,2,23,1,0.642
RS0003467,H002,2026/2/24 12:00,5,0,1,1,0,2,4,18,1,0.775
RS0003468,H003,2026/2/24 12:00,5,0,1,0,0,4,5,14,1,0.747
RS0003469,H004,2026/2/24 12:00,2,2,1,0,0,3,2,7,1,0.868
RS0003470,H005,2026/2/24 12:00,9,2,1,1,2,4,4,21,1,0.711
RS0003471,H001,2026/2/24 16:00,11,7,1,1,0,3,4,12,1,0.644
RS0003472,H002,2026/2/24 16:00,8,3,1,1,0,1,0,19,1,0.786
RS0003473,H003,2026/2/24 16:00,6,0,1,0,0,3,6,10,1,0.688
RS0003474,H004,2026/2/24 16:00,5,0,1,0,0,1,6,17,1,0.754
RS0003475,H005,2026/2/24 16:00,16,0,1,1,1,2,6,19,1,0.671
RS0003476,H001,2026/2/24 20:00,7,3,1,1,0,3,3,1,1,0.824
RS0003477,H002,2026/2/24 20:00,9,4,1,1,1,3,3,13,1,0.629
RS0003478,H003,2026/2/24 20:00,8,9,1,0,0,0,2,18,1,0.679
RS0003479,H004,2026/2/24 20:00,3,1,1,0,1,1,3,14,1,0.795
RS0003480,H005,2026/2/24 20:00,13,4,1,1,0,5,6,18,1,0.696
RS0003481,H001,2026/2/25 00:00,19,1,1,1,0,4,2,24,1,0.675
RS0003482,H002,2026/2/25 00:00,6,3,1,1,1,4,4,12,1,0.879
RS0003483,H003,2026/2/25 00:00,11,3,1,0,1,2,6,23,1,0.557
RS0003484,H004,2026/2/25 00:00,10,5,1,0,1,2,5,26,1,0.299
RS0003485,H005,2026/2/25 00:00,9,6,1,1,0,6,7,15,1,0.669
RS0003486,H001,2026/2/25 04:00,12,9,1,1,4,7,2,13,1,0.699
RS0003487,H002,2026/2/25 04:00,8,3,1,0,1,0,2,17,1,0.654
RS0003488,H003,2026/2/25 04:00,11,3,1,0,0,0,3,21,1,0.476
RS0003489,H004,2026/2/25 04:00,4,4,1,0,0,0,1,33,1,0.768
RS0003490,H005,2026/2/25 04:00,10,6,1,1,2,6,8,15,0,0.843
RS0003491,H001,2026/2/25 08:00,21,3,1,1,0,5,6,22,1,0.588
RS0003492,H002,2026/2/25 08:00,8,5,1,1,0,1,8,18,1,0.809
RS0003493,H003,2026/2/25 08:00,7,7,1,0,0,0,3,20,1,0.801
RS0003494,H004,2026/2/25 08:00,6,3,1,0,1,2,5,29,1,0.737
RS0003495,H005,2026/2/25 08:00,9,0,1,1,1,6,2,18,1,0.808
RS0003496,H001,2026/2/25 12:00,6,0,1,1,1,2,4,9,1,0.926
RS0003497,H002,2026/2/25 12:00,15,6,0,1,1,3,7,8,1,0.503
RS0003498,H003,2026/2/25 12:00,0,4,1,0,0,0,5,15,0,0.998
RS0003499,H004,2026/2/25 12:00,2,0,1,0,0,4,4,14,1,0.856
RS0003500,H005,2026/2/25 12:00,17,5,1,1,1,2,0,6,1,0.655
RS0003501,H001,2026/2/25 16:00,15,7,1,1,3,7,7,14,1,0.705
RS0003502,H002,2026/2/25 16:00,13,4,1,1,1,4,2,13,1,0.497
RS0003503,H003,2026/2/25 16:00,5,0,1,0,1,0,5,14,1,0.872
RS0003504,H004,2026/2/25 16:00,0,2,1,0,0,1,8,11,1,1
RS0003505,H005,2026/2/25 16:00,11,5,1,1,2,4,1,14,1,0.701
RS0003506,H001,2026/2/25 20:00,11,1,1,1,1,6,1,14,1,0.794
RS0003507,H002,2026/2/25 20:00,1,7,1,1,1,3,4,15,1,1
RS0003508,H003,2026/2/25 20:00,0,7,1,0,0,3,2,10,1,1
RS0003509,H004,2026/2/25 20:00,4,4,1,0,1,0,2,19,1,0.762
RS0003510,H005,2026/2/25 20:00,13,5,1,1,1,4,0,8,1,0.78
RS0003511,H001,2026/2/26 00:00,8,2,1,1,3,7,2,16,1,0.805
RS0003512,H002,2026/2/26 00:00,11,3,1,1,0,4,6,18,1,0.608
RS0003513,H003,2026/2/26 00:00,6,3,1,0,1,4,2,18,1,0.84
RS0003514,H004,2026/2/26 00:00,7,3,1,0,1,0,1,27,1,0.567
RS0003515,H005,2026/2/26 00:00,14,8,1,1,0,7,2,11,1,0.629
RS0003516,H001,2026/2/26 04:00,15,5,0,1,0,8,4,12,1,0.678
RS0003517,H002,2026/2/26 04:00,7,6,1,1,1,4,5,22,1,0.744
RS0003518,H003,2026/2/26 04:00,5,1,1,0,2,8,3,14,1,0.759
RS0003519,H004,2026/2/26 04:00,1,0,1,0,0,1,2,18,1,0.979
RS0003520,H005,2026/2/26 04:00,24,9,1,1,0,5,8,14,1,0.456
RS0003521,H001,2026/2/26 08:00,8,6,1,1,0,6,4,16,1,0.887
RS0003522,H002,2026/2/26 08:00,12,3,1,1,0,2,2,10,1,0.513
RS0003523,H003,2026/2/26 08:00,5,4,1,0,1,1,5,20,1,0.711
RS0003524,H004,2026/2/26 08:00,6,1,1,0,0,2,1,19,1,0.62
RS0003525,H005,2026/2/26 08:00,11,4,1,1,1,9,3,11,1,0.779
RS0003526,H001,2026/2/26 12:00,13,3,1,1,1,4,7,20,1,0.684
RS0003527,H002,2026/2/26 12:00,9,3,1,1,1,5,3,13,1,0.698
RS0003528,H003,2026/2/26 12:00,4,8,1,0,2,0,0,9,1,0.855
RS0003529,H004,2026/2/26 12:00,7,0,1,0,0,2,3,18,1,0.689
RS0003530,H005,2026/2/26 12:00,20,2,1,1,1,6,8,25,1,0.621
RS0003531,H001,2026/2/26 16:00,12,7,1,1,2,4,5,10,1,0.827
RS0003532,H002,2026/2/26 16:00,9,1,1,1,1,1,8,7,1,0.6
RS0003533,H003,2026/2/26 16:00,4,0,1,0,0,1,4,10,1,0.956
RS0003534,H004,2026/2/26 16:00,5,0,1,0,0,1,4,14,1,0.818
RS0003535,H005,2026/2/26 16:00,15,0,1,1,0,7,2,15,1,0.557
RS0003536,H001,2026/2/26 20:00,10,2,0,1,2,5,6,8,1,0.738
RS0003537,H002,2026/2/26 20:00,12,5,1,1,0,1,4,16,1,0.748
RS0003538,H003,2026/2/26 20:00,3,0,1,0,1,3,0,2,1,0.857
RS0003539,H004,2026/2/26 20:00,5,1,1,0,0,4,4,11,1,0.796
RS0003540,H005,2026/2/26 20:00,8,2,1,1,0,4,3,17,1,0.834
RS0003541,H001,2026/2/27 00:00,20,2,0,0,0,10,4,16,1,0.579
RS0003542,H002,2026/2/27 00:00,13,4,1,1,1,4,5,20,1,0.474
RS0003543,H003,2026/2/27 00:00,13,3,1,0,0,2,4,25,1,0.374
RS0003544,H004,2026/2/27 00:00,3,2,1,0,0,3,5,23,1,0.864
RS0003545,H005,2026/2/27 00:00,6,0,1,1,1,7,2,35,1,0.866
RS0003546,H001,2026/2/27 04:00,11,8,1,1,1,6,6,20,1,0.859
RS0003547,H002,2026/2/27 04:00,9,0,1,1,1,5,4,19,1,0.742
RS0003548,H003,2026/2/27 04:00,7,2,1,0,1,0,6,16,1,0.728
RS0003549,H004,2026/2/27 04:00,10,0,1,0,1,1,3,14,1,0.386
RS0003550,H005,2026/2/27 04:00,11,3,1,0,2,7,4,22,1,0.753
RS0003551,H001,2026/2/27 08:00,11,7,1,1,2,5,4,18,1,0.662
RS0003552,H002,2026/2/27 08:00,5,5,1,1,1,4,3,20,1,0.761
RS0003553,H003,2026/2/27 08:00,2,5,1,0,0,2,4,25,1,0.866
RS0003554,H004,2026/2/27 08:00,7,1,1,0,1,1,6,12,1,0.506
RS0003555,H005,2026/2/27 08:00,8,7,1,1,0,6,9,20,1,0.707
RS0003556,H001,2026/2/27 12:00,9,3,1,1,1,6,3,14,1,0.833
RS0003557,H002,2026/2/27 12:00,12,2,1,1,1,4,2,15,1,0.65
RS0003558,H003,2026/2/27 12:00,3,2,1,0,0,2,1,20,1,0.777
RS0003559,H004,2026/2/27 12:00,0,0,1,0,0,2,1,17,0,1
RS0003560,H005,2026/2/27 12:00,15,6,1,1,0,3,4,16,1,0.696
RS0003561,H001,2026/2/27 16:00,11,8,1,1,2,3,1,7,1,0.666
RS0003562,H002,2026/2/27 16:00,6,6,1,1,1,3,2,8,1,0.806
RS0003563,H003,2026/2/27 16:00,9,0,1,0,0,0,2,17,0,0.606
RS0003564,H004,2026/2/27 16:00,5,3,1,0,0,2,6,9,1,0.73
RS0003565,H005,2026/2/27 16:00,14,1,1,1,2,2,7,13,1,0.547
RS0003566,H001,2026/2/27 20:00,9,5,1,1,1,5,7,4,1,0.79
RS0003567,H002,2026/2/27 20:00,1,5,1,1,0,5,4,5,1,1
RS0003568,H003,2026/2/27 20:00,7,4,1,0,0,0,4,21,1,0.668
RS0003569,H004,2026/2/27 20:00,2,0,1,0,0,0,7,10,1,0.831
RS0003570,H005,2026/2/27 20:00,7,10,1,1,1,5,7,16,1,0.928
RS0003571,H001,2026/2/28 00:00,10,2,1,1,1,5,7,20,0,0.749
RS0003572,H002,2026/2/28 00:00,11,4,0,0,0,0,3,11,1,0.573
RS0003573,H003,2026/2/28 00:00,9,2,1,0,0,7,7,19,1,0.724
RS0003574,H004,2026/2/28 00:00,0,0,1,0,1,2,8,24,1,0.975
RS0003575,H005,2026/2/28 00:00,18,7,1,1,0,4,5,15,1,0.495
RS0003576,H001,2026/2/28 04:00,15,4,1,1,2,6,1,14,1,0.64
RS0003577,H002,2026/2/28 04:00,6,0,1,1,1,2,7,14,1,0.906
RS0003578,H003,2026/2/28 04:00,8,3,1,0,0,3,4,9,1,0.741
RS0003579,H004,2026/2/28 04:00,7,2,1,0,0,0,7,18,1,0.588
RS0003580,H005,2026/2/28 04:00,9,3,1,1,1,4,4,22,1,0.871
RS0003581,H001,2026/2/28 08:00,9,9,1,1,2,7,4,15,1,0.781
RS0003582,H002,2026/2/28 08:00,15,5,1,1,0,3,5,16,1,0.508
RS0003583,H003,2026/2/28 08:00,6,6,1,0,0,6,4,25,1,0.88
RS0003584,H004,2026/2/28 08:00,10,0,0,0,1,2,4,16,0,0.496
RS0003585,H005,2026/2/28 08:00,3,2,1,1,1,2,4,14,1,0.882
RS0003586,H001,2026/2/28 12:00,10,1,1,1,0,6,1,10,1,0.747
RS0003587,H002,2026/2/28 12:00,9,6,1,1,0,6,0,7,1,0.681
RS0003588,H003,2026/2/28 12:00,1,0,1,0,1,7,4,17,1,0.979
RS0003589,H004,2026/2/28 12:00,8,1,1,0,0,0,4,25,1,0.561
RS0003590,H005,2026/2/28 12:00,13,2,1,1,2,4,5,10,1,0.737
RS0003591,H001,2026/2/28 16:00,14,0,1,1,0,9,3,14,1,0.677
RS0003592,H002,2026/2/28 16:00,3,3,1,1,0,3,6,12,1,0.811
RS0003593,H003,2026/2/28 16:00,4,0,1,0,1,2,2,19,1,0.811
RS0003594,H004,2026/2/28 16:00,1,0,1,0,0,0,0,14,1,0.841
RS0003595,H005,2026/2/28 16:00,6,8,0,1,0,5,3,12,1,0.971
RS0003596,H001,2026/2/28 20:00,4,4,1,0,0,4,2,5,1,0.814
RS0003597,H002,2026/2/28 20:00,9,8,1,1,0,3,3,11,1,0.783
RS0003598,H003,2026/2/28 20:00,5,4,1,0,1,0,1,2,1,0.839
RS0003599,H004,2026/2/28 20:00,3,3,1,0,0,2,4,14,1,0.923
RS0003600,H005,2026/2/28 20:00,6,0,1,1,2,3,6,7,1,0.921
RS0003601,H001,2026/3/1 00:00,19,5,1,1,1,8,5,13,1,0.457
RS0003602,H002,2026/3/1 00:00,11,6,1,1,1,3,1,20,1,0.761
RS0003603,H003,2026/3/1 00:00,7,0,0,0,1,2,4,18,1,0.718
RS0003604,H004,2026/3/1 00:00,1,0,1,0,0,1,5,17,1,0.861
RS0003605,H005,2026/3/1 00:00,9,4,1,1,1,4,7,17,1,0.666
RS0003606,H001,2026/3/1 04:00,12,8,1,1,1,6,5,20,1,0.826
RS0003607,H002,2026/3/1 04:00,10,1,1,0,0,4,7,16,1,0.663
RS0003608,H003,2026/3/1 04:00,8,2,0,0,1,4,5,10,1,0.805
RS0003609,H004,2026/3/1 04:00,5,0,1,0,0,0,3,24,1,0.663
RS0003610,H005,2026/3/1 04:00,4,3,1,1,1,9,4,18,1,0.984
RS0003611,H001,2026/3/1 08:00,15,5,1,1,2,7,0,8,1,0.765
RS0003612,H002,2026/3/1 08:00,10,5,1,1,2,2,3,17,1,0.74
RS0003613,H003,2026/3/1 08:00,10,6,1,0,1,5,4,19,1,0.68
RS0003614,H004,2026/3/1 08:00,1,0,1,0,0,2,4,15,1,0.86
RS0003615,H005,2026/3/1 08:00,10,4,1,1,0,9,3,21,1,0.799
RS0003616,H001,2026/3/1 12:00,7,0,0,1,2,5,1,9,1,0.926
RS0003617,H002,2026/3/1 12:00,4,11,1,1,0,4,2,14,1,1
RS0003618,H003,2026/3/1 12:00,1,3,1,0,0,0,1,7,1,1
RS0003619,H004,2026/3/1 12:00,3,0,1,0,0,1,4,11,1,0.838
RS0003620,H005,2026/3/1 12:00,5,2,1,1,0,7,1,17,1,0.902
RS0003621,H001,2026/3/1 16:00,2,10,1,1,0,1,2,22,1,0.88
RS0003622,H002,2026/3/1 16:00,3,7,1,1,0,3,2,21,1,0.858
RS0003623,H003,2026/3/1 16:00,9,3,1,0,0,0,3,9,1,0.768
RS0003624,H004,2026/3/1 16:00,6,2,1,0,0,2,2,19,1,0.75
RS0003625,H005,2026/3/1 16:00,10,0,1,1,1,3,3,12,1,0.751
RS0003626,H001,2026/3/1 20:00,13,5,1,1,0,3,2,11,1,0.732
RS0003627,H002,2026/3/1 20:00,7,3,1,1,0,4,3,9,1,0.886
RS0003628,H003,2026/3/1 20:00,8,0,1,0,1,0,5,17,1,0.728
RS0003629,H004,2026/3/1 20:00,0,4,1,0,0,1,0,13,1,0.908
RS0003630,H005,2026/3/1 20:00,18,7,1,0,0,5,3,22,1,0.529
RS0003631,H001,2026/3/2 00:00,11,4,1,1,2,6,0,16,1,0.882
RS0003632,H002,2026/3/2 00:00,10,0,1,1,0,5,4,21,1,0.724
RS0003633,H003,2026/3/2 00:00,8,1,1,0,0,2,7,19,1,0.595
RS0003634,H004,2026/3/2 00:00,8,5,1,0,0,1,2,11,1,0.463
RS0003635,H005,2026/3/2 00:00,16,4,0,1,3,7,3,10,1,0.629
RS0003636,H001,2026/3/2 04:00,18,8,1,1,3,10,6,22,1,0.592
RS0003637,H002,2026/3/2 04:00,9,0,1,1,1,1,4,15,1,0.809
RS0003638,H003,2026/3/2 04:00,8,0,1,0,0,0,4,17,1,0.676
RS0003639,H004,2026/3/2 04:00,6,0,1,0,1,1,5,16,1,0.583
RS0003640,H005,2026/3/2 04:00,8,12,1,1,2,4,3,16,1,0.714
RS0003641,H001,2026/3/2 08:00,21,5,0,1,2,3,5,18,1,0.61
RS0003642,H002,2026/3/2 08:00,7,5,1,1,2,3,3,17,1,0.691
RS0003643,H003,2026/3/2 08:00,3,0,1,0,0,3,5,24,1,0.898
RS0003644,H004,2026/3/2 08:00,0,3,0,0,0,0,5,21,1,1
RS0003645,H005,2026/3/2 08:00,12,5,1,1,1,2,7,12,1,0.785
RS0003646,H001,2026/3/2 12:00,15,8,0,1,0,3,0,11,1,0.659
RS0003647,H002,2026/3/2 12:00,4,4,1,1,2,0,2,11,1,0.881
RS0003648,H003,2026/3/2 12:00,9,4,1,0,0,0,7,15,1,0.541
RS0003649,H004,2026/3/2 12:00,6,0,1,0,0,0,2,20,1,0.759
RS0003650,H005,2026/3/2 12:00,17,13,1,1,4,2,4,8,1,0.629
RS0003651,H001,2026/3/2 16:00,12,3,1,1,1,4,6,10,1,0.628
RS0003652,H002,2026/3/2 16:00,12,6,1,1,0,2,2,10,1,0.714
RS0003653,H003,2026/3/2 16:00,12,0,1,0,0,1,5,13,1,0.516
RS0003654,H004,2026/3/2 16:00,3,1,1,0,1,0,9,8,1,0.848
RS0003655,H005,2026/3/2 16:00,11,6,1,1,1,5,4,12,1,0.71
RS0003656,H001,2026/3/2 20:00,15,1,1,1,0,1,0,17,1,0.618
RS0003657,H002,2026/3/2 20:00,9,0,1,1,0,2,2,9,1,0.769
RS0003658,H003,2026/3/2 20:00,3,0,1,0,1,2,4,22,1,0.807
RS0003659,H004,2026/3/2 20:00,1,3,0,0,0,0,2,14,1,0.991
RS0003660,H005,2026/3/2 20:00,12,7,1,1,2,3,2,19,0,0.812
RS0003661,H001,2026/3/3 00:00,18,8,1,0,2,5,6,21,1,0.571
RS0003662,H002,2026/3/3 00:00,13,0,1,1,1,3,5,32,1,0.638
RS0003663,H003,2026/3/3 00:00,5,9,1,0,0,2,5,17,1,0.722
RS0003664,H004,2026/3/3 00:00,8,1,1,0,0,2,4,18,1,0.521
RS0003665,H005,2026/3/3 00:00,16,1,1,1,1,5,6,19,1,0.546
RS0003666,H001,2026/3/3 04:00,8,7,1,1,3,5,0,16,1,0.761
RS0003667,H002,2026/3/3 04:00,7,3,1,1,0,4,2,21,1,0.736
RS0003668,H003,2026/3/3 04:00,0,4,1,0,0,3,3,24,1,1
RS0003669,H004,2026/3/3 04:00,8,0,1,0,0,0,6,13,1,0.457
RS0003670,H005,2026/3/3 04:00,11,9,1,1,3,1,4,11,1,0.681
RS0003671,H001,2026/3/3 08:00,13,4,1,1,1,8,5,22,1,0.609
RS0003672,H002,2026/3/3 08:00,8,2,1,1,0,3,6,23,1,0.673
RS0003673,H003,2026/3/3 08:00,0,8,1,0,1,0,4,12,1,1
RS0003674,H004,2026/3/3 08:00,2,3,1,0,0,0,3,18,1,0.957
RS0003675,H005,2026/3/3 08:00,14,5,0,1,2,3,6,13,1,0.706
RS0003676,H001,2026/3/3 12:00,16,6,1,1,2,4,5,5,1,0.616
RS0003677,H002,2026/3/3 12:00,6,7,1,0,1,1,5,15,1,0.83
RS0003678,H003,2026/3/3 12:00,5,1,1,0,0,6,4,4,1,0.885
RS0003679,H004,2026/3/3 12:00,13,0,1,0,0,0,5,21,1,0.253
RS0003680,H005,2026/3/3 12:00,12,9,1,1,2,3,5,12,1,0.771
RS0003681,H001,2026/3/3 16:00,7,3,1,1,2,4,4,15,1,0.859
RS0003682,H002,2026/3/3 16:00,12,1,1,1,1,1,2,16,1,0.546
RS0003683,H003,2026/3/3 16:00,5,3,1,0,0,1,3,0,1,0.861
RS0003684,H004,2026/3/3 16:00,0,1,1,0,0,0,7,14,1,1
RS0003685,H005,2026/3/3 16:00,14,12,1,0,0,0,4,6,1,0.548
RS0003686,H001,2026/3/3 20:00,11,3,1,0,1,5,4,9,1,0.738
RS0003687,H002,2026/3/3 20:00,11,0,1,1,0,3,6,9,1,0.577
RS0003688,H003,2026/3/3 20:00,6,6,1,0,0,0,3,13,1,0.705
RS0003689,H004,2026/3/3 20:00,5,0,0,0,1,0,6,11,1,0.604
RS0003690,H005,2026/3/3 20:00,14,5,1,1,0,0,5,13,1,0.764
RS0003691,H001,2026/3/4 00:00,17,9,1,1,0,7,6,10,1,0.693
RS0003692,H002,2026/3/4 00:00,14,4,1,1,2,1,6,17,1,0.656
RS0003693,H003,2026/3/4 00:00,10,3,1,0,0,0,3,8,1,0.505
RS0003694,H004,2026/3/4 00:00,3,0,1,0,0,3,3,17,1,0.738
RS0003695,H005,2026/3/4 00:00,14,5,1,1,2,6,6,20,0,0.596
RS0003696,H001,2026/3/4 04:00,17,3,1,1,0,5,0,23,1,0.602
RS0003697,H002,2026/3/4 04:00,12,0,1,1,0,5,4,13,1,0.692
RS0003698,H003,2026/3/4 04:00,12,5,1,0,0,3,3,16,1,0.645
RS0003699,H004,2026/3/4 04:00,0,2,1,0,0,0,9,15,1,1
RS0003700,H005,2026/3/4 04:00,12,5,1,0,1,1,4,16,1,0.703
RS0003701,H001,2026/3/4 08:00,13,5,1,1,1,6,3,23,1,0.698
RS0003702,H002,2026/3/4 08:00,17,5,1,0,0,0,3,20,1,0.356
RS0003703,H003,2026/3/4 08:00,11,0,0,0,2,2,5,13,1,0.577
RS0003704,H004,2026/3/4 08:00,3,1,1,0,1,0,5,23,1,0.809
RS0003705,H005,2026/3/4 08:00,5,3,1,1,1,2,1,19,1,0.793
RS0003706,H001,2026/3/4 12:00,13,8,1,1,1,1,6,20,1,0.732
RS0003707,H002,2026/3/4 12:00,9,0,1,1,1,3,2,2,1,0.785
RS0003708,H003,2026/3/4 12:00,6,6,1,0,1,4,3,12,1,0.777
RS0003709,H004,2026/3/4 12:00,1,0,1,0,0,2,6,15,1,0.925
RS0003710,H005,2026/3/4 12:00,9,4,1,1,0,6,1,7,1,0.675
RS0003711,H001,2026/3/4 16:00,12,4,1,1,0,6,4,13,1,0.742
RS0003712,H002,2026/3/4 16:00,1,1,1,1,0,3,4,6,1,1
RS0003713,H003,2026/3/4 16:00,11,0,1,0,2,0,2,13,0,0.682
RS0003714,H004,2026/3/4 16:00,0,7,1,0,0,2,0,24,1,1
RS0003715,H005,2026/3/4 16:00,10,2,1,1,1,4,6,12,1,0.832
RS0003716,H001,2026/3/4 20:00,16,0,1,1,2,2,2,11,1,0.732
RS0003717,H002,2026/3/4 20:00,11,1,1,1,2,4,3,20,1,0.774
RS0003718,H003,2026/3/4 20:00,3,1,1,0,1,1,3,7,1,0.833
RS0003719,H004,2026/3/4 20:00,3,3,1,0,1,0,1,10,1,0.808
RS0003720,H005,2026/3/4 20:00,8,1,1,1,2,1,6,21,1,0.704
RS0003721,H001,2026/3/5 00:00,18,4,1,1,2,4,5,19,1,0.627
RS0003722,H002,2026/3/5 00:00,12,1,1,1,1,4,5,17,1,0.638
RS0003723,H003,2026/3/5 00:00,5,4,1,0,1,1,5,28,1,0.92
RS0003724,H004,2026/3/5 00:00,7,1,1,0,0,1,5,22,1,0.632
RS0003725,H005,2026/3/5 00:00,11,2,1,1,2,3,3,20,1,0.692
RS0003726,H001,2026/3/5 04:00,11,0,1,1,1,9,2,21,0,0.792
RS0003727,H002,2026/3/5 04:00,11,5,1,1,0,3,5,16,1,0.547
RS0003728,H003,2026/3/5 04:00,8,5,1,0,1,4,7,7,0,0.709
RS0003729,H004,2026/3/5 04:00,7,0,1,0,0,1,1,10,1,0.656
RS0003730,H005,2026/3/5 04:00,7,0,0,1,2,7,7,16,1,0.871
RS0003731,H001,2026/3/5 08:00,24,4,1,1,3,6,7,6,1,0.481
RS0003732,H002,2026/3/5 08:00,7,3,1,1,1,5,3,14,1,0.861
RS0003733,H003,2026/3/5 08:00,10,5,1,0,1,2,5,16,1,0.667
RS0003734,H004,2026/3/5 08:00,9,0,1,0,1,0,2,17,1,0.549
RS0003735,H005,2026/3/5 08:00,14,4,1,1,0,5,2,14,1,0.73
RS0003736,H001,2026/3/5 12:00,10,4,1,1,0,5,2,9,1,0.909
RS0003737,H002,2026/3/5 12:00,8,0,1,1,0,3,4,25,1,0.864
RS0003738,H003,2026/3/5 12:00,13,4,1,0,0,2,0,11,1,0.378
RS0003739,H004,2026/3/5 12:00,12,5,1,0,0,0,2,13,1,0.2
RS0003740,H005,2026/3/5 12:00,4,1,1,1,1,6,4,13,1,0.987
RS0003741,H001,2026/3/5 16:00,3,5,1,1,1,2,1,15,1,0.839
RS0003742,H002,2026/3/5 16:00,9,3,1,1,2,5,6,10,1,0.699
RS0003743,H003,2026/3/5 16:00,6,4,1,0,2,1,4,11,1,0.697
RS0003744,H004,2026/3/5 16:00,5,0,1,0,0,1,3,17,1,0.6
RS0003745,H005,2026/3/5 16:00,11,6,1,1,1,5,2,18,1,0.83
RS0003746,H001,2026/3/5 20:00,13,5,1,1,1,3,6,12,1,0.756
RS0003747,H002,2026/3/5 20:00,6,0,1,1,0,0,3,10,1,0.752
RS0003748,H003,2026/3/5 20:00,5,7,1,0,0,3,4,8,1,0.706
RS0003749,H004,2026/3/5 20:00,0,2,1,0,0,0,4,14,1,1
RS0003750,H005,2026/3/5 20:00,6,5,1,1,0,2,4,27,1,0.769
RS0003751,H001,2026/3/6 00:00,14,5,1,1,1,4,4,7,1,0.635
RS0003752,H002,2026/3/6 00:00,10,3,0,1,2,4,3,14,1,0.707
RS0003753,H003,2026/3/6 00:00,6,6,1,0,1,4,7,21,1,0.689
RS0003754,H004,2026/3/6 00:00,3,1,1,0,0,6,4,13,1,0.917
RS0003755,H005,2026/3/6 00:00,15,1,1,0,1,8,4,2,1,0.561
RS0003756,H001,2026/3/6 04:00,13,1,1,0,0,5,7,11,1,0.829
RS0003757,H002,2026/3/6 04:00,11,4,1,1,0,3,6,15,1,0.536
RS0003758,H003,2026/3/6 04:00,11,5,1,0,1,1,3,22,1,0.658
RS0003759,H004,2026/3/6 04:00,5,5,1,0,0,2,4,22,1,0.637
RS0003760,H005,2026/3/6 04:00,13,6,1,1,1,5,4,13,1,0.599
RS0003761,H001,2026/3/6 08:00,13,5,1,1,0,3,2,9,1,0.717
RS0003762,H002,2026/3/6 08:00,11,6,1,1,0,3,2,14,1,0.68
RS0003763,H003,2026/3/6 08:00,11,1,1,0,2,4,4,16,1,0.504
RS0003764,H004,2026/3/6 08:00,4,1,1,0,1,1,6,14,1,0.792
RS0003765,H005,2026/3/6 08:00,12,5,1,1,2,5,6,13,1,0.597
RS0003766,H001,2026/3/6 12:00,17,6,1,1,1,2,4,15,1,0.513
RS0003767,H002,2026/3/6 12:00,6,0,1,1,0,2,6,19,1,0.907
RS0003768,H003,2026/3/6 12:00,0,0,1,0,0,3,3,21,1,1
RS0003769,H004,2026/3/6 12:00,5,0,1,0,1,4,2,14,1,0.683
RS0003770,H005,2026/3/6 12:00,10,3,1,1,1,6,7,6,1,0.753
RS0003771,H001,2026/3/6 16:00,10,1,1,1,2,5,4,8,0,0.689
RS0003772,H002,2026/3/6 16:00,8,7,1,1,0,3,3,12,1,0.728
RS0003773,H003,2026/3/6 16:00,4,4,1,0,1,6,4,13,0,0.79
RS0003774,H004,2026/3/6 16:00,4,0,1,0,0,0,5,13,1,0.73
RS0003775,H005,2026/3/6 16:00,8,0,1,1,0,2,7,20,1,0.787
RS0003776,H001,2026/3/6 20:00,11,0,1,1,2,6,2,9,1,0.762
RS0003777,H002,2026/3/6 20:00,7,10,1,1,2,0,3,21,0,0.883
RS0003778,H003,2026/3/6 20:00,11,0,1,0,1,1,4,27,1,0.662
RS0003779,H004,2026/3/6 20:00,0,2,1,0,1,0,4,19,1,0.969
RS0003780,H005,2026/3/6 20:00,8,3,1,1,2,7,4,18,0,0.812
RS0003781,H001,2026/3/7 00:00,14,4,1,1,2,11,1,7,1,0.708
RS0003782,H002,2026/3/7 00:00,16,6,1,1,1,3,6,13,1,0.397
RS0003783,H003,2026/3/7 00:00,10,2,1,0,0,2,2,23,1,0.641
RS0003784,H004,2026/3/7 00:00,12,0,1,0,0,0,5,12,1,0.361
RS0003785,H005,2026/3/7 00:00,9,4,1,1,1,3,6,15,1,0.702
RS0003786,H001,2026/3/7 04:00,4,4,1,1,1,7,2,18,1,1
RS0003787,H002,2026/3/7 04:00,6,5,1,1,2,4,8,7,1,0.762
RS0003788,H003,2026/3/7 04:00,13,7,0,0,1,3,1,11,1,0.601
RS0003789,H004,2026/3/7 04:00,0,0,1,0,0,2,2,17,1,0.92
RS0003790,H005,2026/3/7 04:00,16,3,1,0,0,4,4,17,1,0.586
RS0003791,H001,2026/3/7 08:00,16,1,1,1,1,5,4,20,1,0.64
RS0003792,H002,2026/3/7 08:00,12,3,1,1,1,1,3,17,1,0.514
RS0003793,H003,2026/3/7 08:00,10,6,1,0,2,5,2,16,1,0.69
RS0003794,H004,2026/3/7 08:00,3,4,1,0,0,1,7,27,1,0.84
RS0003795,H005,2026/3/7 08:00,16,2,0,1,1,5,5,17,1,0.68
RS0003796,H001,2026/3/7 12:00,19,8,1,1,1,7,4,15,1,0.496
RS0003797,H002,2026/3/7 12:00,7,1,1,1,0,0,2,15,1,0.685
RS0003798,H003,2026/3/7 12:00,5,1,0,0,0,1,0,15,1,0.864
RS0003799,H004,2026/3/7 12:00,3,3,1,0,1,2,2,9,1,0.819
RS0003800,H005,2026/3/7 12:00,5,7,1,1,1,3,3,8,1,0.919
RS0003801,H001,2026/3/7 16:00,7,4,1,1,0,4,3,14,1,0.982
RS0003802,H002,2026/3/7 16:00,1,1,1,1,2,1,5,14,1,0.906
RS0003803,H003,2026/3/7 16:00,9,0,1,0,0,2,3,12,1,0.704
RS0003804,H004,2026/3/7 16:00,0,2,1,0,0,1,4,16,1,1
RS0003805,H005,2026/3/7 16:00,11,4,1,1,1,4,3,5,1,0.655
RS0003806,H001,2026/3/7 20:00,20,6,1,1,3,1,4,21,1,0.632
RS0003807,H002,2026/3/7 20:00,11,5,1,1,1,1,2,13,1,0.576
RS0003808,H003,2026/3/7 20:00,9,3,1,0,0,3,4,16,1,0.672
RS0003809,H004,2026/3/7 20:00,5,4,1,0,0,0,4,8,1,0.823
RS0003810,H005,2026/3/7 20:00,8,10,1,1,1,3,7,14,1,0.812
RS0003811,H001,2026/3/8 00:00,17,12,1,1,1,6,5,14,1,0.674
RS0003812,H002,2026/3/8 00:00,6,4,1,1,1,3,6,27,1,0.918
RS0003813,H003,2026/3/8 00:00,10,0,1,0,1,2,5,12,1,0.69
RS0003814,H004,2026/3/8 00:00,5,0,1,0,0,2,4,23,0,0.776
RS0003815,H005,2026/3/8 00:00,14,8,1,0,2,6,0,12,1,0.726
RS0003816,H001,2026/3/8 04:00,17,9,1,1,4,3,5,22,1,0.717
RS0003817,H002,2026/3/8 04:00,10,4,1,1,0,2,3,12,1,0.806
RS0003818,H003,2026/3/8 04:00,7,6,1,0,1,1,2,20,1,0.777
RS0003819,H004,2026/3/8 04:00,13,6,0,0,0,2,4,20,1,0.108
RS0003820,H005,2026/3/8 04:00,7,8,1,1,1,5,3,18,1,0.783
RS0003821,H001,2026/3/8 08:00,9,7,1,1,1,2,7,19,1,0.753
RS0003822,H002,2026/3/8 08:00,7,3,0,1,2,4,5,14,1,0.685
RS0003823,H003,2026/3/8 08:00,5,4,1,0,0,2,5,23,1,0.87
RS0003824,H004,2026/3/8 08:00,10,2,0,0,0,0,7,23,1,0.287
RS0003825,H005,2026/3/8 08:00,12,7,1,1,1,4,0,9,1,0.803
RS0003826,H001,2026/3/8 12:00,6,8,1,1,2,5,2,10,1,0.894
RS0003827,H002,2026/3/8 12:00,10,1,1,1,1,0,3,5,1,0.714
RS0003828,H003,2026/3/8 12:00,16,4,1,0,1,2,0,4,1,0.382
RS0003829,H004,2026/3/8 12:00,5,3,1,0,1,0,1,7,1,0.6
RS0003830,H005,2026/3/8 12:00,10,4,1,1,1,3,2,8,1,0.862
RS0003831,H001,2026/3/8 16:00,15,1,0,1,0,1,3,9,1,0.657
RS0003832,H002,2026/3/8 16:00,15,2,1,1,1,4,3,3,1,0.483
RS0003833,H003,2026/3/8 16:00,4,5,1,0,0,0,3,15,1,0.783
RS0003834,H004,2026/3/8 16:00,3,4,1,0,0,2,4,8,1,0.872
RS0003835,H005,2026/3/8 16:00,11,4,1,1,1,2,2,7,0,0.743
RS0003836,H001,2026/3/8 20:00,8,0,0,1,0,3,2,19,1,0.887
RS0003837,H002,2026/3/8 20:00,2,0,0,1,0,0,4,20,1,1
RS0003838,H003,2026/3/8 20:00,11,0,1,0,0,0,1,15,1,0.633
RS0003839,H004,2026/3/8 20:00,3,0,1,0,0,0,5,16,1,0.934
RS0003840,H005,2026/3/8 20:00,16,5,1,1,1,0,0,12,1,0.53
RS0003841,H001,2026/3/9 00:00,14,7,1,1,0,8,2,21,1,0.694
RS0003842,H002,2026/3/9 00:00,11,4,1,1,2,3,7,26,1,0.752
RS0003843,H003,2026/3/9 00:00,13,2,1,0,0,4,5,20,1,0.521
RS0003844,H004,2026/3/9 00:00,5,0,1,0,0,1,4,20,1,0.63
RS0003845,H005,2026/3/9 00:00,16,3,1,0,2,4,2,29,1,0.627
RS0003846,H001,2026/3/9 04:00,12,7,1,1,2,5,3,9,1,0.67
RS0003847,H002,2026/3/9 04:00,15,6,1,1,0,6,4,25,1,0.532
RS0003848,H003,2026/3/9 04:00,10,9,0,0,0,1,7,16,1,0.502
RS0003849,H004,2026/3/9 04:00,0,6,1,0,0,3,4,13,1,1
RS0003850,H005,2026/3/9 04:00,9,0,1,1,0,4,6,20,1,0.731
RS0003851,H001,2026/3/9 08:00,13,5,1,0,1,5,3,16,1,0.784
RS0003852,H002,2026/3/9 08:00,12,3,1,1,2,4,6,22,1,0.526
RS0003853,H003,2026/3/9 08:00,6,6,1,0,1,2,10,15,1,0.883
RS0003854,H004,2026/3/9 08:00,3,1,0,0,1,0,2,25,1,0.768
RS0003855,H005,2026/3/9 08:00,8,0,1,0,0,5,1,8,1,0.89
RS0003856,H001,2026/3/9 12:00,15,4,1,1,1,4,3,24,1,0.714
RS0003857,H002,2026/3/9 12:00,13,1,1,1,0,1,5,9,1,0.481
RS0003858,H003,2026/3/9 12:00,9,3,1,0,0,2,5,7,1,0.681
RS0003859,H004,2026/3/9 12:00,0,0,1,0,0,0,2,8,1,1
RS0003860,H005,2026/3/9 12:00,4,5,1,1,0,0,7,9,1,0.941
RS0003861,H001,2026/3/9 16:00,14,2,1,1,0,4,1,18,1,0.584
RS0003862,H002,2026/3/9 16:00,9,11,1,1,0,3,3,19,1,0.634
RS0003863,H003,2026/3/9 16:00,10,1,1,0,1,5,5,26,1,0.717
RS0003864,H004,2026/3/9 16:00,2,0,1,0,0,3,0,10,1,0.846
RS0003865,H005,2026/3/9 16:00,6,0,1,1,1,4,6,18,0,0.989
RS0003866,H001,2026/3/9 20:00,19,12,1,1,2,4,7,16,1,0.593
RS0003867,H002,2026/3/9 20:00,4,0,1,1,0,1,7,11,1,0.776
RS0003868,H003,2026/3/9 20:00,2,0,1,0,1,5,3,18,1,0.92
RS0003869,H004,2026/3/9 20:00,10,0,1,0,0,2,6,19,1,0.466
RS0003870,H005,2026/3/9 20:00,14,7,1,1,0,7,2,18,1,0.668
RS0003871,H001,2026/3/10 00:00,15,9,1,1,2,6,2,17,1,0.75
RS0003872,H002,2026/3/10 00:00,11,5,1,0,1,6,6,18,1,0.544
RS0003873,H003,2026/3/10 00:00,13,0,1,0,0,2,0,17,1,0.498
RS0003874,H004,2026/3/10 00:00,4,1,1,0,1,2,3,18,1,0.744
RS0003875,H005,2026/3/10 00:00,11,0,1,1,3,4,4,23,1,0.688
RS0003876,H001,2026/3/10 04:00,18,3,1,1,2,5,4,22,1,0.522
RS0003877,H002,2026/3/10 04:00,15,2,1,1,0,2,4,18,1,0.612
RS0003878,H003,2026/3/10 04:00,11,3,1,0,0,3,7,21,1,0.564
RS0003879,H004,2026/3/10 04:00,5,0,1,0,0,0,5,20,1,0.744
RS0003880,H005,2026/3/10 04:00,14,0,1,1,2,2,4,14,1,0.625
RS0003881,H001,2026/3/10 08:00,14,8,1,1,0,2,3,24,1,0.615
RS0003882,H002,2026/3/10 08:00,10,3,1,1,1,0,4,24,1,0.666
RS0003883,H003,2026/3/10 08:00,8,1,1,0,0,0,7,19,1,0.732
RS0003884,H004,2026/3/10 08:00,7,0,1,0,0,0,2,18,1,0.652
RS0003885,H005,2026/3/10 08:00,12,6,1,1,0,3,5,20,1,0.607
RS0003886,H001,2026/3/10 12:00,15,3,1,1,1,0,4,16,1,0.635
RS0003887,H002,2026/3/10 12:00,11,3,1,1,1,4,2,11,1,0.57
RS0003888,H003,2026/3/10 12:00,11,8,1,0,0,2,0,5,1,0.598
RS0003889,H004,2026/3/10 12:00,6,3,1,0,0,0,2,11,1,0.687
RS0003890,H005,2026/3/10 12:00,4,3,1,1,0,6,3,12,1,0.942
RS0003891,H001,2026/3/10 16:00,9,6,1,1,0,3,3,9,1,0.732
RS0003892,H002,2026/3/10 16:00,0,7,1,1,0,5,5,10,1,1
RS0003893,H003,2026/3/10 16:00,6,2,1,0,0,2,2,18,1,0.784
RS0003894,H004,2026/3/10 16:00,2,3,1,0,0,3,5,23,1,0.917
RS0003895,H005,2026/3/10 16:00,15,0,1,1,1,6,6,9,1,0.524
RS0003896,H001,2026/3/10 20:00,8,0,1,1,1,5,5,15,1,0.738
RS0003897,H002,2026/3/10 20:00,10,2,1,1,0,0,3,10,1,0.757
RS0003898,H003,2026/3/10 20:00,10,0,1,0,0,1,6,14,1,0.519
RS0003899,H004,2026/3/10 20:00,7,0,1,0,0,1,3,14,1,0.55
RS0003900,H005,2026/3/10 20:00,14,1,1,1,2,3,3,20,1,0.588
RS0003901,H001,2026/3/11 00:00,10,4,1,1,1,9,3,20,1,0.736
RS0003902,H002,2026/3/11 00:00,5,3,1,0,2,2,2,12,1,0.801
RS0003903,H003,2026/3/11 00:00,9,1,1,0,0,3,6,25,1,0.629
RS0003904,H004,2026/3/11 00:00,11,2,1,0,0,2,1,13,1,0.397
RS0003905,H005,2026/3/11 00:00,10,7,1,1,1,4,5,18,1,0.661
RS0003906,H001,2026/3/11 04:00,15,11,1,1,1,5,2,16,1,0.633
RS0003907,H002,2026/3/11 04:00,3,4,1,0,0,9,7,10,1,0.879
RS0003908,H003,2026/3/11 04:00,9,6,1,0,1,0,7,18,1,0.563
RS0003909,H004,2026/3/11 04:00,5,0,1,0,1,4,0,30,1,0.734
RS0003910,H005,2026/3/11 04:00,16,7,1,1,1,4,4,21,1,0.553
RS0003911,H001,2026/3/11 08:00,12,5,1,1,2,1,1,21,1,0.76
RS0003912,H002,2026/3/11 08:00,9,6,1,1,0,1,1,34,1,0.83
RS0003913,H003,2026/3/11 08:00,6,4,1,0,1,2,7,17,1,0.708
RS0003914,H004,2026/3/11 08:00,11,1,1,0,0,0,3,18,1,0.355
RS0003915,H005,2026/3/11 08:00,14,0,1,1,2,5,4,18,1,0.739
RS0003916,H001,2026/3/11 12:00,12,7,1,1,0,4,6,11,1,0.765
RS0003917,H002,2026/3/11 12:00,9,0,1,1,0,2,4,9,1,0.619
RS0003918,H003,2026/3/11 12:00,4,0,1,0,0,1,3,10,1,0.863
RS0003919,H004,2026/3/11 12:00,9,1,1,0,0,0,2,14,1,0.386
RS0003920,H005,2026/3/11 12:00,13,2,1,1,1,4,5,2,1,0.675
RS0003921,H001,2026/3/11 16:00,11,4,1,1,0,5,3,14,1,0.785
RS0003922,H002,2026/3/11 16:00,8,0,0,1,0,3,1,12,1,0.84
RS0003923,H003,2026/3/11 16:00,4,5,1,0,1,0,4,16,1,0.818
RS0003924,H004,2026/3/11 16:00,9,0,1,0,0,0,2,11,1,0.539
RS0003925,H005,2026/3/11 16:00,13,5,1,1,1,5,1,21,0,0.727
RS0003926,H001,2026/3/11 20:00,11,1,1,1,3,7,6,7,1,0.736
RS0003927,H002,2026/3/11 20:00,10,2,1,1,0,2,2,24,1,0.591
RS0003928,H003,2026/3/11 20:00,0,4,1,0,2,2,2,8,1,0.998
RS0003929,H004,2026/3/11 20:00,1,0,1,0,1,1,4,15,1,0.997
RS0003930,H005,2026/3/11 20:00,11,7,1,1,0,6,3,18,1,0.635
RS0003931,H001,2026/3/12 00:00,12,6,1,1,3,6,10,19,1,0.764
RS0003932,H002,2026/3/12 00:00,9,4,1,1,0,3,3,18,1,0.801
RS0003933,H003,2026/3/12 00:00,0,7,1,0,0,2,4,21,1,1
RS0003934,H004,2026/3/12 00:00,9,4,1,0,0,1,3,20,1,0.553
RS0003935,H005,2026/3/12 00:00,19,0,1,0,1,2,4,15,1,0.616
RS0003936,H001,2026/3/12 04:00,7,6,1,1,2,6,8,17,1,0.902
RS0003937,H002,2026/3/12 04:00,13,0,1,1,0,2,8,17,1,0.653
RS0003938,H003,2026/3/12 04:00,4,0,1,0,0,1,2,22,1,0.811
RS0003939,H004,2026/3/12 04:00,4,0,1,0,1,0,4,11,1,0.85
RS0003940,H005,2026/3/12 04:00,23,2,1,1,1,7,7,13,1,0.538
RS0003941,H001,2026/3/12 08:00,12,8,0,1,2,5,2,13,0,0.75
RS0003942,H002,2026/3/12 08:00,18,2,1,1,0,2,7,21,1,0.437
RS0003943,H003,2026/3/12 08:00,12,0,0,0,1,3,6,24,1,0.504
RS0003944,H004,2026/3/12 08:00,4,2,1,0,1,0,10,11,1,0.656
RS0003945,H005,2026/3/12 08:00,19,0,1,1,1,5,8,18,1,0.467
RS0003946,H001,2026/3/12 12:00,16,2,1,1,1,5,2,10,1,0.719
RS0003947,H002,2026/3/12 12:00,8,5,1,1,0,2,2,23,1,0.858
RS0003948,H003,2026/3/12 12:00,3,0,1,0,0,1,0,19,1,0.791
RS0003949,H004,2026/3/12 12:00,8,0,1,0,0,0,2,17,1,0.404
RS0003950,H005,2026/3/12 12:00,11,4,1,1,2,1,3,12,1,0.706
RS0003951,H001,2026/3/12 16:00,18,3,1,1,2,3,5,14,1,0.544
RS0003952,H002,2026/3/12 16:00,11,2,1,1,0,4,4,8,1,0.769
RS0003953,H003,2026/3/12 16:00,5,2,1,0,0,3,0,12,1,0.824
RS0003954,H004,2026/3/12 16:00,3,0,1,0,0,2,1,10,1,0.718
RS0003955,H005,2026/3/12 16:00,16,4,1,1,2,0,5,15,1,0.501
RS0003956,H001,2026/3/12 20:00,10,2,1,1,0,7,3,20,1,0.69
RS0003957,H002,2026/3/12 20:00,6,3,1,1,0,2,3,17,1,0.769
RS0003958,H003,2026/3/12 20:00,2,0,1,0,0,3,1,9,1,0.982
RS0003959,H004,2026/3/12 20:00,1,0,0,0,0,0,4,13,1,1
RS0003960,H005,2026/3/12 20:00,18,8,1,1,1,4,4,20,1,0.547
RS0003961,H001,2026/3/13 00:00,11,8,1,1,3,6,4,17,1,0.865
RS0003962,H002,2026/3/13 00:00,13,1,1,1,1,4,6,20,1,0.482
RS0003963,H003,2026/3/13 00:00,7,6,1,0,0,5,4,15,1,0.628
RS0003964,H004,2026/3/13 00:00,0,5,1,0,0,0,4,15,1,0.942
RS0003965,H005,2026/3/13 00:00,11,7,1,0,1,3,6,11,1,0.741
RS0003966,H001,2026/3/13 04:00,21,3,1,1,0,3,7,9,1,0.554
RS0003967,H002,2026/3/13 04:00,13,4,1,1,1,3,0,21,1,0.541
RS0003968,H003,2026/3/13 04:00,4,3,1,0,0,5,4,18,1,0.78
RS0003969,H004,2026/3/13 04:00,13,2,1,0,1,0,6,19,1,0.213
RS0003970,H005,2026/3/13 04:00,13,6,1,0,1,4,6,24,1,0.646
RS0003971,H001,2026/3/13 08:00,15,7,0,1,2,4,5,15,0,0.771
RS0003972,H002,2026/3/13 08:00,16,2,1,1,2,1,7,22,1,0.521
RS0003973,H003,2026/3/13 08:00,10,5,1,0,2,2,7,16,1,0.718
RS0003974,H004,2026/3/13 08:00,2,3,1,0,0,0,4,17,1,0.958
RS0003975,H005,2026/3/13 08:00,14,6,1,1,2,6,4,25,1,0.632
RS0003976,H001,2026/3/13 12:00,9,10,1,0,1,5,5,17,1,0.816
RS0003977,H002,2026/3/13 12:00,0,0,1,1,0,4,2,18,1,0.957
RS0003978,H003,2026/3/13 12:00,13,0,1,0,0,3,4,21,1,0.412
RS0003979,H004,2026/3/13 12:00,7,5,1,0,0,0,1,18,1,0.464
RS0003980,H005,2026/3/13 12:00,12,5,1,1,2,6,0,7,1,0.595
RS0003981,H001,2026/3/13 16:00,12,4,1,1,0,4,1,12,1,0.62
RS0003982,H002,2026/3/13 16:00,3,8,1,1,0,2,4,24,1,0.88
RS0003983,H003,2026/3/13 16:00,7,5,1,0,0,3,6,10,1,0.613
RS0003984,H004,2026/3/13 16:00,2,0,1,0,0,3,5,3,1,0.895
RS0003985,H005,2026/3/13 16:00,13,3,1,1,1,5,4,17,1,0.577
RS0003986,H001,2026/3/13 20:00,8,8,1,1,1,1,3,14,1,0.949
RS0003987,H002,2026/3/13 20:00,10,3,1,1,0,4,4,18,1,0.754
RS0003988,H003,2026/3/13 20:00,9,0,1,0,0,0,7,11,1,0.669
RS0003989,H004,2026/3/13 20:00,10,0,1,0,1,3,4,22,1,0.309
RS0003990,H005,2026/3/13 20:00,16,6,1,1,2,3,7,12,1,0.584
RS0003991,H001,2026/3/14 00:00,12,0,1,1,1,4,7,24,1,0.766
RS0003992,H002,2026/3/14 00:00,20,1,1,1,0,0,4,13,1,0.246
RS0003993,H003,2026/3/14 00:00,8,5,1,0,1,4,1,16,1,0.617
RS0003994,H004,2026/3/14 00:00,0,1,0,0,0,2,3,15,1,0.973
RS0003995,H005,2026/3/14 00:00,7,2,1,1,4,5,4,10,1,0.853
RS0003996,H001,2026/3/14 04:00,17,7,1,1,1,7,5,0,1,0.691
RS0003997,H002,2026/3/14 04:00,20,5,0,1,0,1,1,20,1,0.45
RS0003998,H003,2026/3/14 04:00,5,0,1,0,2,2,1,7,1,0.899
RS0003999,H004,2026/3/14 04:00,8,0,1,0,0,0,6,22,1,0.491
RS0004000,H005,2026/3/14 04:00,8,2,1,1,2,8,2,24,1,0.842
RS0004001,H001,2026/3/14 08:00,14,4,1,1,1,8,2,24,1,0.569
RS0004002,H002,2026/3/14 08:00,17,6,1,1,2,9,3,25,1,0.403
RS0004003,H003,2026/3/14 08:00,8,7,1,0,2,3,1,8,1,0.59
RS0004004,H004,2026/3/14 08:00,9,1,1,0,0,0,0,7,1,0.338
RS0004005,H005,2026/3/14 08:00,11,2,1,1,2,3,1,11,1,0.81
RS0004006,H001,2026/3/14 12:00,10,4,1,1,2,3,7,16,1,0.871
RS0004007,H002,2026/3/14 12:00,8,5,0,1,0,1,3,17,1,0.659
RS0004008,H003,2026/3/14 12:00,6,2,1,0,1,1,2,11,1,0.706
RS0004009,H004,2026/3/14 12:00,9,3,1,0,0,0,4,17,1,0.354
RS0004010,H005,2026/3/14 12:00,8,1,1,1,0,2,1,12,1,0.885
RS0004011,H001,2026/3/14 16:00,9,2,1,1,3,4,3,19,1,0.737
RS0004012,H002,2026/3/14 16:00,2,7,1,1,0,4,3,20,1,1
RS0004013,H003,2026/3/14 16:00,6,10,1,0,1,6,7,14,1,0.752
RS0004014,H004,2026/3/14 16:00,3,0,1,0,1,0,4,15,1,0.811
RS0004015,H005,2026/3/14 16:00,11,3,1,1,0,4,3,17,1,0.624
RS0004016,H001,2026/3/14 20:00,18,6,1,1,0,3,4,11,1,0.62
RS0004017,H002,2026/3/14 20:00,8,7,1,1,1,0,4,9,1,0.65
RS0004018,H003,2026/3/14 20:00,0,0,1,0,0,3,5,21,1,1
RS0004019,H004,2026/3/14 20:00,0,2,1,0,0,2,4,4,1,1
RS0004020,H005,2026/3/14 20:00,17,0,1,1,1,4,0,21,1,0.498
RS0004021,H001,2026/3/15 00:00,12,2,1,1,1,5,2,9,1,0.839
RS0004022,H002,2026/3/15 00:00,8,5,1,0,1,3,5,20,1,0.733
RS0004023,H003,2026/3/15 00:00,11,2,1,0,0,0,0,20,1,0.6
RS0004024,H004,2026/3/15 00:00,5,5,1,0,0,3,5,17,1,0.769
RS0004025,H005,2026/3/15 00:00,8,7,1,1,2,1,4,11,1,0.786
RS0004026,H001,2026/3/15 04:00,15,6,0,1,2,4,5,16,0,0.598
RS0004027,H002,2026/3/15 04:00,0,5,1,1,2,2,3,21,1,1
RS0004028,H003,2026/3/15 04:00,18,1,1,0,0,1,2,15,1,0.328
RS0004029,H004,2026/3/15 04:00,5,5,1,0,0,0,6,6,1,0.739
RS0004030,H005,2026/3/15 04:00,5,6,1,1,2,6,0,26,1,0.905
RS0004031,H001,2026/3/15 08:00,16,4,1,1,0,3,6,23,1,0.536
RS0004032,H002,2026/3/15 08:00,9,6,1,1,0,1,3,19,1,0.783
RS0004033,H003,2026/3/15 08:00,3,0,1,0,0,1,5,11,1,0.922
RS0004034,H004,2026/3/15 08:00,0,3,1,0,0,4,3,13,1,0.918
RS0004035,H005,2026/3/15 08:00,11,9,1,1,1,5,5,20,1,0.649
RS0004036,H001,2026/3/15 12:00,14,4,1,1,0,1,0,12,1,0.741
RS0004037,H002,2026/3/15 12:00,3,0,1,1,0,5,2,11,1,1
RS0004038,H003,2026/3/15 12:00,13,0,1,0,1,3,5,15,1,0.569
RS0004039,H004,2026/3/15 12:00,8,0,1,0,0,0,3,14,1,0.613
RS0004040,H005,2026/3/15 12:00,9,7,1,1,1,3,2,6,1,0.716
RS0004041,H001,2026/3/15 16:00,10,6,1,1,0,6,4,8,1,0.663
RS0004042,H002,2026/3/15 16:00,10,4,1,1,0,3,3,10,1,0.72
RS0004043,H003,2026/3/15 16:00,4,0,1,0,0,1,3,10,1,0.755
RS0004044,H004,2026/3/15 16:00,5,0,1,0,0,1,0,10,1,0.633
RS0004045,H005,2026/3/15 16:00,8,12,1,0,0,5,1,11,1,0.897
RS0004046,H001,2026/3/15 20:00,4,4,1,0,1,4,4,14,1,0.914
RS0004047,H002,2026/3/15 20:00,5,6,1,0,0,3,2,17,1,0.891
RS0004048,H003,2026/3/15 20:00,4,0,1,0,1,1,0,17,1,0.834
RS0004049,H004,2026/3/15 20:00,4,0,1,0,0,0,4,6,1,0.723
RS0004050,H005,2026/3/15 20:00,3,1,1,1,1,2,5,10,1,0.986
RS0004051,H001,2026/3/16 00:00,14,4,0,0,0,3,3,17,1,0.81
RS0004052,H002,2026/3/16 00:00,8,7,1,1,0,3,6,11,1,0.662
RS0004053,H003,2026/3/16 00:00,9,4,1,0,1,2,4,12,1,0.604
RS0004054,H004,2026/3/16 00:00,7,2,1,0,0,3,3,19,1,0.664
RS0004055,H005,2026/3/16 00:00,11,2,1,1,1,5,2,22,1,0.666
RS0004056,H001,2026/3/16 04:00,23,10,1,1,0,7,6,16,1,0.541
RS0004057,H002,2026/3/16 04:00,15,1,1,1,0,3,4,14,1,0.508
RS0004058,H003,2026/3/16 04:00,8,0,1,0,0,8,4,13,1,0.625
RS0004059,H004,2026/3/16 04:00,2,3,1,0,1,5,3,15,0,0.97
RS0004060,H005,2026/3/16 04:00,3,2,1,1,0,6,3,23,1,0.945
RS0004061,H001,2026/3/16 08:00,8,6,1,1,2,8,8,29,1,0.943
RS0004062,H002,2026/3/16 08:00,7,4,1,1,1,5,2,25,1,0.885
RS0004063,H003,2026/3/16 08:00,9,5,1,0,1,1,6,10,1,0.649
RS0004064,H004,2026/3/16 08:00,10,3,1,0,0,1,5,26,1,0.324
RS0004065,H005,2026/3/16 08:00,15,1,1,1,0,3,3,19,1,0.585
RS0004066,H001,2026/3/16 12:00,10,5,1,1,1,7,4,7,1,0.766
RS0004067,H002,2026/3/16 12:00,8,5,1,1,0,4,5,7,1,0.747
RS0004068,H003,2026/3/16 12:00,4,5,1,0,0,5,7,13,1,0.791
RS0004069,H004,2026/3/16 12:00,2,0,1,0,1,2,2,18,1,1
RS0004070,H005,2026/3/16 12:00,12,7,1,1,1,3,2,21,1,0.717
RS0004071,H001,2026/3/16 16:00,1,6,1,1,2,6,3,6,1,1
RS0004072,H002,2026/3/16 16:00,15,0,0,1,0,0,5,14,1,0.519
RS0004073,H003,2026/3/16 16:00,8,6,1,0,0,1,6,11,1,0.646
RS0004074,H004,2026/3/16 16:00,3,3,1,0,0,2,5,12,1,0.867
RS0004075,H005,2026/3/16 16:00,14,3,1,1,1,4,6,17,1,0.59
RS0004076,H001,2026/3/16 20:00,17,2,1,1,1,6,4,15,1,0.657
RS0004077,H002,2026/3/16 20:00,14,2,1,1,2,0,4,16,1,0.565
RS0004078,H003,2026/3/16 20:00,3,2,1,0,0,2,3,15,1,0.88
RS0004079,H004,2026/3/16 20:00,6,3,1,0,0,0,1,19,1,0.631
RS0004080,H005,2026/3/16 20:00,10,3,1,1,1,3,5,11,1,0.707
RS0004081,H001,2026/3/17 00:00,14,8,1,1,0,5,4,25,1,0.643
RS0004082,H002,2026/3/17 00:00,10,5,1,1,1,1,2,18,1,0.709
RS0004083,H003,2026/3/17 00:00,10,0,1,0,1,3,5,18,1,0.644
RS0004084,H004,2026/3/17 00:00,11,0,1,0,0,2,1,18,1,0.227
RS0004085,H005,2026/3/17 00:00,9,7,1,1,2,3,3,16,1,0.757
RS0004086,H001,2026/3/17 04:00,19,5,1,1,1,6,6,25,1,0.543
RS0004087,H002,2026/3/17 04:00,1,5,1,1,0,1,4,17,0,0.939
RS0004088,H003,2026/3/17 04:00,9,4,1,0,0,4,3,10,1,0.764
RS0004089,H004,2026/3/17 04:00,8,4,1,0,0,0,5,20,1,0.556
RS0004090,H005,2026/3/17 04:00,15,5,1,0,3,6,6,22,1,0.686
RS0004091,H001,2026/3/17 08:00,18,6,1,1,2,7,3,22,1,0.566
RS0004092,H002,2026/3/17 08:00,7,4,1,0,1,2,3,16,1,0.859
RS0004093,H003,2026/3/17 08:00,13,11,0,0,0,4,5,22,1,0.504
RS0004094,H004,2026/3/17 08:00,3,2,1,0,1,0,4,22,1,0.782
RS0004095,H005,2026/3/17 08:00,14,5,0,1,1,6,2,25,1,0.541
RS0004096,H001,2026/3/17 12:00,7,3,1,0,3,4,5,7,1,0.761
RS0004097,H002,2026/3/17 12:00,4,1,1,1,0,4,5,11,1,0.934
RS0004098,H003,2026/3/17 12:00,10,1,1,0,2,5,2,19,0,0.515
RS0004099,H004,2026/3/17 12:00,0,2,1,0,0,1,2,10,1,1
RS0004100,H005,2026/3/17 12:00,10,1,1,1,1,6,4,23,1,0.855
RS0004101,H001,2026/3/17 16:00,16,0,1,1,0,2,1,26,1,0.574
RS0004102,H002,2026/3/17 16:00,11,1,1,1,0,3,3,13,1,0.725
RS0004103,H003,2026/3/17 16:00,10,5,1,0,0,7,2,12,1,0.661
RS0004104,H004,2026/3/17 16:00,0,2,1,0,0,1,5,23,1,0.972
RS0004105,H005,2026/3/17 16:00,3,5,1,0,1,4,3,11,1,0.954
RS0004106,H001,2026/3/17 20:00,12,1,1,1,0,5,1,14,1,0.631
RS0004107,H002,2026/3/17 20:00,11,0,1,1,0,0,5,25,1,0.542
RS0004108,H003,2026/3/17 20:00,2,3,1,0,1,1,4,16,1,1
RS0004109,H004,2026/3/17 20:00,0,1,1,0,0,1,2,12,1,1
RS0004110,H005,2026/3/17 20:00,7,2,1,1,0,2,5,15,1,0.719
RS0004111,H001,2026/3/18 00:00,15,6,1,1,0,3,6,16,1,0.589
RS0004112,H002,2026/3/18 00:00,0,4,0,1,1,2,5,13,1,1
RS0004113,H003,2026/3/18 00:00,5,5,1,0,2,0,6,19,1,0.914
RS0004114,H004,2026/3/18 00:00,8,5,1,0,1,2,3,14,1,0.622
RS0004115,H005,2026/3/18 00:00,10,2,1,1,1,0,6,18,1,0.759
RS0004116,H001,2026/3/18 04:00,15,5,1,1,0,10,6,10,1,0.604
RS0004117,H002,2026/3/18 04:00,5,1,1,1,0,4,4,24,1,0.824
RS0004118,H003,2026/3/18 04:00,9,0,1,0,0,1,1,15,1,0.629
RS0004119,H004,2026/3/18 04:00,2,0,1,0,0,7,8,24,1,0.929
RS0004120,H005,2026/3/18 04:00,6,8,1,1,1,5,7,18,1,0.946
RS0004121,H001,2026/3/18 08:00,11,5,1,0,1,3,4,24,1,0.781
RS0004122,H002,2026/3/18 08:00,12,8,0,1,1,3,6,20,1,0.689
RS0004123,H003,2026/3/18 08:00,10,5,1,0,1,3,4,14,1,0.52
RS0004124,H004,2026/3/18 08:00,12,0,0,0,0,2,6,12,1,0.397
RS0004125,H005,2026/3/18 08:00,16,0,1,1,3,3,3,20,1,0.611
RS0004126,H001,2026/3/18 12:00,14,1,1,1,1,4,9,11,1,0.687
RS0004127,H002,2026/3/18 12:00,3,0,1,1,1,4,5,16,1,0.89
RS0004128,H003,2026/3/18 12:00,9,8,1,0,1,0,4,14,1,0.582
RS0004129,H004,2026/3/18 12:00,10,0,1,0,0,0,5,20,1,0.301
RS0004130,H005,2026/3/18 12:00,9,3,1,1,0,1,4,9,1,0.881
RS0004131,H001,2026/3/18 16:00,17,4,1,1,0,7,4,18,1,0.613
RS0004132,H002,2026/3/18 16:00,7,0,1,1,0,0,5,11,1,0.74
RS0004133,H003,2026/3/18 16:00,11,0,0,0,0,4,5,22,1,0.555
RS0004134,H004,2026/3/18 16:00,5,0,1,0,0,0,2,8,1,0.665
RS0004135,H005,2026/3/18 16:00,10,0,1,1,2,3,0,13,1,0.856
RS0004136,H001,2026/3/18 20:00,18,4,1,0,3,2,4,18,1,0.703
RS0004137,H002,2026/3/18 20:00,7,4,1,1,1,1,2,14,1,0.81
RS0004138,H003,2026/3/18 20:00,13,6,1,0,0,4,3,13,1,0.516
RS0004139,H004,2026/3/18 20:00,0,0,1,0,0,2,3,14,1,1
RS0004140,H005,2026/3/18 20:00,10,6,1,1,0,5,3,14,1,0.75
RS0004141,H001,2026/3/19 00:00,16,8,1,1,1,6,8,22,1,0.624
RS0004142,H002,2026/3/19 00:00,6,2,1,1,0,4,5,21,1,0.702
RS0004143,H003,2026/3/19 00:00,15,5,1,0,1,2,5,17,1,0.495
RS0004144,H004,2026/3/19 00:00,1,1,1,0,0,1,4,20,1,1
RS0004145,H005,2026/3/19 00:00,7,3,1,0,2,5,1,18,1,0.809
RS0004146,H001,2026/3/19 04:00,17,5,1,1,4,4,6,18,1,0.529
RS0004147,H002,2026/3/19 04:00,5,10,1,1,0,1,1,18,1,0.928
RS0004148,H003,2026/3/19 04:00,1,0,1,0,0,4,5,11,1,1
RS0004149,H004,2026/3/19 04:00,6,3,1,0,0,0,7,19,1,0.697
RS0004150,H005,2026/3/19 04:00,12,9,1,1,3,2,5,21,1,0.596
RS0004151,H001,2026/3/19 08:00,2,3,1,1,0,5,0,21,1,1
RS0004152,H002,2026/3/19 08:00,9,4,0,1,0,0,6,20,1,0.672
RS0004153,H003,2026/3/19 08:00,3,5,1,0,1,1,2,16,1,1
RS0004154,H004,2026/3/19 08:00,8,2,1,0,0,0,6,14,1,0.433
RS0004155,H005,2026/3/19 08:00,14,6,1,1,1,1,8,17,1,0.548
RS0004156,H001,2026/3/19 12:00,12,6,1,1,1,5,5,19,1,0.727
RS0004157,H002,2026/3/19 12:00,12,7,1,1,1,0,2,10,1,0.695
RS0004158,H003,2026/3/19 12:00,6,0,1,0,1,1,4,17,0,0.739
RS0004159,H004,2026/3/19 12:00,12,1,1,0,1,1,3,5,1,0.201
RS0004160,H005,2026/3/19 12:00,11,3,1,1,0,4,3,13,1,0.762
RS0004161,H001,2026/3/19 16:00,14,5,1,1,0,4,1,12,1,0.67
RS0004162,H002,2026/3/19 16:00,2,0,1,1,1,0,4,5,1,0.867
RS0004163,H003,2026/3/19 16:00,4,0,1,0,2,1,1,5,1,0.914
RS0004164,H004,2026/3/19 16:00,0,0,1,0,0,4,2,20,0,1
RS0004165,H005,2026/3/19 16:00,9,0,1,1,1,3,8,19,1,0.763
RS0004166,H001,2026/3/19 20:00,12,0,1,1,1,3,5,20,1,0.766
RS0004167,H002,2026/3/19 20:00,4,6,1,1,0,3,3,20,1,0.871
RS0004168,H003,2026/3/19 20:00,14,0,1,0,0,1,4,13,1,0.318
RS0004169,H004,2026/3/19 20:00,0,8,1,0,0,0,4,18,1,1
RS0004170,H005,2026/3/19 20:00,9,1,1,1,1,3,3,17,1,0.723
RS0004171,H001,2026/3/20 00:00,10,3,1,1,3,6,1,23,1,0.812
RS0004172,H002,2026/3/20 00:00,7,4,0,1,1,1,2,14,1,0.87
RS0004173,H003,2026/3/20 00:00,5,7,1,0,0,5,6,11,1,0.746
RS0004174,H004,2026/3/20 00:00,9,4,1,0,0,0,1,9,1,0.583
RS0004175,H005,2026/3/20 00:00,20,7,1,1,2,2,5,15,1,0.502
RS0004176,H001,2026/3/20 04:00,17,5,1,1,2,5,4,13,1,0.721
RS0004177,H002,2026/3/20 04:00,7,0,1,1,0,4,5,19,1,0.866
RS0004178,H003,2026/3/20 04:00,12,1,1,0,1,4,2,24,1,0.56
RS0004179,H004,2026/3/20 04:00,6,0,1,0,0,3,6,25,1,0.709
RS0004180,H005,2026/3/20 04:00,17,8,1,1,0,4,6,16,1,0.525
RS0004181,H001,2026/3/20 08:00,11,13,1,1,0,5,3,18,1,0.695
RS0004182,H002,2026/3/20 08:00,9,8,1,1,0,8,3,16,1,0.64
RS0004183,H003,2026/3/20 08:00,11,2,1,0,0,1,5,17,1,0.545
RS0004184,H004,2026/3/20 08:00,6,7,1,0,0,1,4,15,1,0.598
RS0004185,H005,2026/3/20 08:00,12,6,1,1,2,5,3,17,1,0.665
RS0004186,H001,2026/3/20 12:00,9,5,1,1,0,4,4,6,1,0.755
RS0004187,H002,2026/3/20 12:00,10,1,1,1,0,2,4,11,1,0.582
RS0004188,H003,2026/3/20 12:00,6,4,1,0,0,1,2,11,1,0.897
RS0004189,H004,2026/3/20 12:00,4,0,1,0,0,4,4,10,1,0.722
RS0004190,H005,2026/3/20 12:00,14,9,1,1,1,5,6,9,1,0.673
RS0004191,H001,2026/3/20 16:00,9,3,1,1,2,4,4,15,1,0.693
RS0004192,H002,2026/3/20 16:00,13,1,1,1,0,0,0,0,1,0.665
RS0004193,H003,2026/3/20 16:00,5,7,1,0,1,6,1,15,1,0.812
RS0004194,H004,2026/3/20 16:00,0,2,1,0,0,3,0,5,1,1
RS0004195,H005,2026/3/20 16:00,15,3,1,1,2,1,2,9,1,0.554
RS0004196,H001,2026/3/20 20:00,13,3,1,1,2,2,0,15,1,0.764
RS0004197,H002,2026/3/20 20:00,9,7,1,1,0,3,4,14,1,0.674
RS0004198,H003,2026/3/20 20:00,10,6,1,0,0,3,2,5,1,0.699
RS0004199,H004,2026/3/20 20:00,5,3,1,0,0,0,4,14,1,0.699
RS0004200,H005,2026/3/20 20:00,2,7,1,1,2,4,8,4,1,0.89
RS0004201,H001,2026/3/21 00:00,13,3,1,1,2,5,5,14,1,0.648
RS0004202,H002,2026/3/21 00:00,11,0,1,1,1,6,2,13,0,0.752
RS0004203,H003,2026/3/21 00:00,10,0,1,0,0,5,7,20,1,0.553
RS0004204,H004,2026/3/21 00:00,6,0,1,0,1,1,5,19,1,0.77
RS0004205,H005,2026/3/21 00:00,16,10,1,1,3,2,4,21,1,0.658
RS0004206,H001,2026/3/21 04:00,13,7,1,0,1,7,2,19,1,0.625
RS0004207,H002,2026/3/21 04:00,2,0,1,1,0,5,4,18,1,1
RS0004208,H003,2026/3/21 04:00,2,1,1,0,2,1,5,19,1,1
RS0004209,H004,2026/3/21 04:00,6,0,1,0,0,0,4,17,1,0.607
RS0004210,H005,2026/3/21 04:00,11,4,0,1,1,5,6,21,0,0.662
RS0004211,H001,2026/3/21 08:00,20,3,1,1,2,4,5,20,1,0.46
RS0004212,H002,2026/3/21 08:00,14,2,1,0,0,2,5,15,1,0.489
RS0004213,H003,2026/3/21 08:00,10,6,1,0,0,0,3,21,1,0.604
RS0004214,H004,2026/3/21 08:00,5,5,1,0,1,2,1,12,1,0.819
RS0004215,H005,2026/3/21 08:00,15,3,1,1,1,7,5,14,1,0.54
RS0004216,H001,2026/3/21 12:00,19,7,1,1,1,3,4,18,1,0.61
RS0004217,H002,2026/3/21 12:00,2,3,1,1,1,2,5,19,1,0.961
RS0004218,H003,2026/3/21 12:00,8,4,1,0,0,0,0,12,1,0.815
RS0004219,H004,2026/3/21 12:00,5,2,1,0,0,4,4,21,1,0.641
RS0004220,H005,2026/3/21 12:00,11,8,1,1,0,0,4,17,1,0.859
RS0004221,H001,2026/3/21 16:00,10,5,1,1,2,3,8,16,1,0.732
RS0004222,H002,2026/3/21 16:00,5,3,1,1,0,2,3,9,1,0.882
RS0004223,H003,2026/3/21 16:00,11,5,0,0,1,2,0,16,1,0.516
RS0004224,H004,2026/3/21 16:00,0,3,1,0,0,1,3,7,1,0.968
RS0004225,H005,2026/3/21 16:00,10,1,1,1,2,5,7,19,1,0.774
RS0004226,H001,2026/3/21 20:00,10,8,1,1,0,4,2,20,1,0.687
RS0004227,H002,2026/3/21 20:00,3,8,1,1,1,5,0,12,1,0.987
RS0004228,H003,2026/3/21 20:00,5,1,1,0,0,3,2,13,1,0.91
RS0004229,H004,2026/3/21 20:00,0,2,1,0,0,0,2,7,1,1
RS0004230,H005,2026/3/21 20:00,15,7,1,1,0,1,4,11,1,0.637
RS0004231,H001,2026/3/22 00:00,8,6,1,1,3,7,7,29,1,0.949
RS0004232,H002,2026/3/22 00:00,5,6,1,1,0,3,5,23,1,0.808
RS0004233,H003,2026/3/22 00:00,15,0,1,0,1,0,6,18,1,0.406
RS0004234,H004,2026/3/22 00:00,12,3,1,0,1,4,7,17,1,0.226
RS0004235,H005,2026/3/22 00:00,5,4,1,1,1,2,1,23,1,1
RS0004236,H001,2026/3/22 04:00,22,6,1,1,0,2,6,20,1,0.547
RS0004237,H002,2026/3/22 04:00,17,3,1,0,0,1,2,19,1,0.555
RS0004238,H003,2026/3/22 04:00,2,2,1,0,0,0,7,17,1,0.844
RS0004239,H004,2026/3/22 04:00,5,0,1,0,0,0,3,28,1,0.635
RS0004240,H005,2026/3/22 04:00,13,4,1,1,2,5,5,21,1,0.726
RS0004241,H001,2026/3/22 08:00,16,7,1,1,1,8,2,15,1,0.73
RS0004242,H002,2026/3/22 08:00,3,6,1,1,0,0,2,14,1,0.871
RS0004243,H003,2026/3/22 08:00,10,0,1,0,0,1,3,14,1,0.674
RS0004244,H004,2026/3/22 08:00,4,3,1,0,0,0,2,19,1,0.728
RS0004245,H005,2026/3/22 08:00,4,5,1,1,1,3,6,11,1,0.992
RS0004246,H001,2026/3/22 12:00,12,9,1,1,1,4,5,8,1,0.62
RS0004247,H002,2026/3/22 12:00,7,3,1,1,0,3,3,13,1,0.841
RS0004248,H003,2026/3/22 12:00,6,2,1,0,1,2,2,22,1,0.742
RS0004249,H004,2026/3/22 12:00,0,7,1,0,0,0,5,18,1,0.937
RS0004250,H005,2026/3/22 12:00,8,0,1,1,2,4,2,15,1,0.691
RS0004251,H001,2026/3/22 16:00,13,8,1,1,3,3,1,12,1,0.619
RS0004252,H002,2026/3/22 16:00,8,0,1,1,1,3,6,20,1,0.831
RS0004253,H003,2026/3/22 16:00,7,0,1,0,0,0,3,10,1,0.737
RS0004254,H004,2026/3/22 16:00,3,0,1,0,0,3,3,5,1,0.766
RS0004255,H005,2026/3/22 16:00,7,1,1,1,1,4,4,9,1,0.809
RS0004256,H001,2026/3/22 20:00,9,5,1,1,0,3,2,10,1,0.733
RS0004257,H002,2026/3/22 20:00,7,3,1,1,0,2,4,14,1,0.875
RS0004258,H003,2026/3/22 20:00,1,5,1,0,0,2,2,7,1,0.92
RS0004259,H004,2026/3/22 20:00,4,1,0,0,0,0,5,13,1,0.713
RS0004260,H005,2026/3/22 20:00,7,4,1,1,1,2,3,16,1,0.842
RS0004261,H001,2026/3/23 00:00,20,4,1,1,0,9,3,18,1,0.527
RS0004262,H002,2026/3/23 00:00,7,5,1,1,0,6,3,18,1,0.802
RS0004263,H003,2026/3/23 00:00,8,10,1,0,1,1,5,7,1,0.654
RS0004264,H004,2026/3/23 00:00,8,0,1,0,0,1,6,20,1,0.57
RS0004265,H005,2026/3/23 00:00,17,9,1,1,2,4,5,6,1,0.482
RS0004266,H001,2026/3/23 04:00,19,6,1,1,0,10,8,18,1,0.453
RS0004267,H002,2026/3/23 04:00,3,5,1,1,0,4,3,12,1,0.86
RS0004268,H003,2026/3/23 04:00,6,4,1,0,0,0,4,12,1,0.728
RS0004269,H004,2026/3/23 04:00,3,1,0,0,1,2,2,15,1,0.869
RS0004270,H005,2026/3/23 04:00,14,5,1,1,1,4,7,25,1,0.723
RS0004271,H001,2026/3/23 08:00,11,5,1,1,0,8,5,16,1,0.878
RS0004272,H002,2026/3/23 08:00,11,1,1,1,1,3,4,5,1,0.7
RS0004273,H003,2026/3/23 08:00,8,4,1,0,1,4,4,21,1,0.573
RS0004274,H004,2026/3/23 08:00,6,1,1,0,0,0,2,11,1,0.573
RS0004275,H005,2026/3/23 08:00,19,3,1,1,0,4,5,20,1,0.407
RS0004276,H001,2026/3/23 12:00,9,6,1,1,0,5,2,8,1,0.828
RS0004277,H002,2026/3/23 12:00,3,0,1,1,0,4,3,19,1,1
RS0004278,H003,2026/3/23 12:00,13,4,1,0,0,3,3,12,1,0.403
RS0004279,H004,2026/3/23 12:00,4,0,1,0,0,0,2,8,1,0.694
RS0004280,H005,2026/3/23 12:00,3,5,1,1,2,5,5,12,1,0.823
RS0004281,H001,2026/3/23 16:00,9,5,1,0,0,7,5,17,1,0.875
RS0004282,H002,2026/3/23 16:00,5,9,1,1,1,3,2,16,1,0.846
RS0004283,H003,2026/3/23 16:00,12,4,1,0,0,2,3,7,1,0.501
RS0004284,H004,2026/3/23 16:00,5,0,1,0,0,1,4,18,1,0.694
RS0004285,H005,2026/3/23 16:00,7,3,1,1,2,0,1,16,1,0.943
RS0004286,H001,2026/3/23 20:00,7,6,1,1,0,4,1,14,1,0.843
RS0004287,H002,2026/3/23 20:00,13,4,1,1,1,4,3,19,1,0.634
RS0004288,H003,2026/3/23 20:00,7,9,1,0,0,0,5,14,1,0.741
RS0004289,H004,2026/3/23 20:00,3,1,1,0,0,0,6,12,1,0.914
RS0004290,H005,2026/3/23 20:00,13,2,1,1,2,2,4,9,1,0.782
RS0004291,H001,2026/3/24 00:00,15,2,1,1,0,6,3,18,1,0.625
RS0004292,H002,2026/3/24 00:00,7,3,1,1,0,4,5,17,1,0.702
RS0004293,H003,2026/3/24 00:00,1,3,1,0,0,6,4,17,1,0.989
RS0004294,H004,2026/3/24 00:00,8,1,1,0,0,4,3,15,1,0.403
RS0004295,H005,2026/3/24 00:00,9,1,1,1,0,4,7,19,0,0.795
RS0004296,H001,2026/3/24 04:00,13,11,1,1,1,9,5,21,1,0.609
RS0004297,H002,2026/3/24 04:00,8,3,1,1,1,3,6,13,1,0.787
RS0004298,H003,2026/3/24 04:00,9,8,1,0,0,4,4,19,1,0.706
RS0004299,H004,2026/3/24 04:00,7,0,1,0,1,0,4,17,1,0.489
RS0004300,H005,2026/3/24 04:00,15,0,1,1,2,8,3,20,1,0.734
RS0004301,H001,2026/3/24 08:00,23,5,1,1,2,7,1,13,1,0.556
RS0004302,H002,2026/3/24 08:00,5,7,1,1,0,5,4,20,1,0.869
RS0004303,H003,2026/3/24 08:00,11,0,0,0,2,0,4,26,1,0.547
RS0004304,H004,2026/3/24 08:00,7,0,1,0,0,2,5,5,1,0.701
RS0004305,H005,2026/3/24 08:00,24,2,1,1,1,6,6,17,1,0.47
RS0004306,H001,2026/3/24 12:00,12,1,1,1,2,5,4,16,1,0.76
RS0004307,H002,2026/3/24 12:00,6,3,1,1,2,2,6,15,1,0.702
RS0004308,H003,2026/3/24 12:00,5,5,1,0,1,4,3,13,1,0.825
RS0004309,H004,2026/3/24 12:00,0,0,1,0,0,1,5,16,1,1
RS0004310,H005,2026/3/24 12:00,11,0,0,1,1,2,7,13,1,0.819
RS0004311,H001,2026/3/24 16:00,7,5,1,1,0,2,2,15,1,0.795
RS0004312,H002,2026/3/24 16:00,5,0,1,1,1,2,3,17,1,0.855
RS0004313,H003,2026/3/24 16:00,10,0,1,0,0,3,2,2,1,0.53
RS0004314,H004,2026/3/24 16:00,4,0,1,0,1,3,5,20,1,0.766
RS0004315,H005,2026/3/24 16:00,10,7,1,1,1,3,5,14,1,0.878
RS0004316,H001,2026/3/24 20:00,7,3,1,1,3,5,6,14,1,0.766
RS0004317,H002,2026/3/24 20:00,13,4,1,0,0,4,4,12,1,0.702
RS0004318,H003,2026/3/24 20:00,5,0,1,0,1,3,4,14,1,0.918
RS0004319,H004,2026/3/24 20:00,1,3,1,0,0,2,0,4,1,0.961
RS0004320,H005,2026/3/24 20:00,10,0,1,1,0,3,3,18,1,0.702
RS0004321,H001,2026/3/25 00:00,14,9,1,1,3,8,5,25,1,0.618
RS0004322,H002,2026/3/25 00:00,0,8,1,1,1,5,4,13,1,1
RS0004323,H003,2026/3/25 00:00,5,5,1,0,1,2,3,14,1,0.717
RS0004324,H004,2026/3/25 00:00,16,1,0,0,1,3,7,22,1,0.062
RS0004325,H005,2026/3/25 00:00,11,7,1,1,0,6,7,16,1,0.737
RS0004326,H001,2026/3/25 04:00,6,5,1,1,0,8,7,17,1,0.792
RS0004327,H002,2026/3/25 04:00,9,2,1,1,0,0,6,19,1,0.699
RS0004328,H003,2026/3/25 04:00,1,2,1,0,0,0,3,24,1,0.958
RS0004329,H004,2026/3/25 04:00,1,3,1,0,0,1,3,20,1,0.959
RS0004330,H005,2026/3/25 04:00,15,5,1,0,1,5,3,21,1,0.529
RS0004331,H001,2026/3/25 08:00,13,1,1,1,2,6,6,23,1,0.614
RS0004332,H002,2026/3/25 08:00,14,8,1,1,0,3,7,22,1,0.533
RS0004333,H003,2026/3/25 08:00,12,11,1,0,0,3,6,17,1,0.631
RS0004334,H004,2026/3/25 08:00,0,5,1,0,0,3,3,9,1,1
RS0004335,H005,2026/3/25 08:00,13,5,1,1,0,7,5,14,1,0.585
RS0004336,H001,2026/3/25 12:00,13,9,1,1,0,6,3,22,0,0.797
RS0004337,H002,2026/3/25 12:00,9,3,1,1,0,0,4,15,1,0.671
RS0004338,H003,2026/3/25 12:00,1,1,1,0,0,5,6,18,1,0.962
RS0004339,H004,2026/3/25 12:00,3,2,1,0,0,2,7,8,0,0.75
RS0004340,H005,2026/3/25 12:00,6,7,1,1,3,3,1,23,1,0.812
RS0004341,H001,2026/3/25 16:00,13,9,1,1,0,4,3,18,1,0.827
RS0004342,H002,2026/3/25 16:00,10,2,1,0,1,4,0,9,1,0.666
RS0004343,H003,2026/3/25 16:00,6,6,1,0,0,1,2,18,1,0.813
RS0004344,H004,2026/3/25 16:00,0,2,1,0,1,0,4,17,1,0.907
RS0004345,H005,2026/3/25 16:00,9,1,1,1,1,1,3,11,1,0.705
RS0004346,H001,2026/3/25 20:00,17,3,1,1,0,3,4,10,1,0.5
RS0004347,H002,2026/3/25 20:00,1,5,1,1,0,3,1,14,1,0.964
RS0004348,H003,2026/3/25 20:00,0,3,1,0,1,3,3,17,1,1
RS0004349,H004,2026/3/25 20:00,9,0,1,0,1,1,5,16,1,0.356
RS0004350,H005,2026/3/25 20:00,8,8,1,0,0,4,6,15,1,0.925
RS0004351,H001,2026/3/26 00:00,9,7,1,1,1,9,6,13,1,0.815
RS0004352,H002,2026/3/26 00:00,4,0,1,1,1,1,6,19,1,0.963
RS0004353,H003,2026/3/26 00:00,6,4,1,0,1,2,4,14,1,0.897
RS0004354,H004,2026/3/26 00:00,1,4,1,0,0,0,5,19,1,0.871
RS0004355,H005,2026/3/26 00:00,17,6,1,1,2,8,4,22,1,0.555
RS0004356,H001,2026/3/26 04:00,22,3,1,1,1,4,4,22,1,0.555
RS0004357,H002,2026/3/26 04:00,15,1,1,1,1,3,2,20,1,0.414
RS0004358,H003,2026/3/26 04:00,1,0,1,0,2,1,6,12,1,1
RS0004359,H004,2026/3/26 04:00,3,3,0,0,1,0,6,11,1,0.905
RS0004360,H005,2026/3/26 04:00,16,4,1,1,3,5,8,23,1,0.556
RS0004361,H001,2026/3/26 08:00,14,1,1,1,0,5,5,6,1,0.734
RS0004362,H002,2026/3/26 08:00,8,1,1,1,1,4,4,20,1,0.752
RS0004363,H003,2026/3/26 08:00,3,1,1,0,0,0,4,8,1,0.903
RS0004364,H004,2026/3/26 08:00,0,4,0,0,0,2,2,14,1,1
RS0004365,H005,2026/3/26 08:00,16,0,1,1,1,4,4,17,1,0.59
RS0004366,H001,2026/3/26 12:00,0,5,1,1,2,6,6,14,1,0.959
RS0004367,H002,2026/3/26 12:00,11,4,1,1,2,2,6,22,1,0.598
RS0004368,H003,2026/3/26 12:00,5,0,1,0,0,6,1,12,1,0.878
RS0004369,H004,2026/3/26 12:00,12,0,1,0,1,0,5,21,0,0.262
RS0004370,H005,2026/3/26 12:00,13,6,1,1,1,4,0,17,1,0.567
RS0004371,H001,2026/3/26 16:00,13,7,1,1,0,7,6,20,1,0.654
RS0004372,H002,2026/3/26 16:00,13,4,1,1,0,3,3,8,1,0.677
RS0004373,H003,2026/3/26 16:00,2,4,1,0,0,1,3,15,1,1
RS0004374,H004,2026/3/26 16:00,4,4,1,0,0,2,7,1,1,0.672
RS0004375,H005,2026/3/26 16:00,5,0,1,1,1,4,4,19,1,0.784
RS0004376,H001,2026/3/26 20:00,9,7,1,1,0,2,1,5,1,0.769
RS0004377,H002,2026/3/26 20:00,5,6,1,1,1,4,0,16,1,0.863
RS0004378,H003,2026/3/26 20:00,5,4,1,0,0,6,0,15,1,0.888
RS0004379,H004,2026/3/26 20:00,8,0,1,0,0,1,5,10,1,0.618
RS0004380,H005,2026/3/26 20:00,10,7,1,1,1,5,2,16,1,0.75
RS0004381,H001,2026/3/27 00:00,15,4,1,1,2,6,6,9,1,0.727
RS0004382,H002,2026/3/27 00:00,9,8,1,1,0,5,5,16,1,0.74
RS0004383,H003,2026/3/27 00:00,10,0,1,0,2,6,1,17,1,0.58
RS0004384,H004,2026/3/27 00:00,0,3,1,0,0,1,5,12,1,0.916
RS0004385,H005,2026/3/27 00:00,2,8,1,0,0,4,2,23,1,0.848
RS0004386,H001,2026/3/27 04:00,15,9,1,1,0,5,5,14,1,0.717
RS0004387,H002,2026/3/27 04:00,9,1,1,1,2,6,5,20,1,0.625
RS0004388,H003,2026/3/27 04:00,7,3,1,0,2,3,4,7,1,0.748
RS0004389,H004,2026/3/27 04:00,7,0,1,0,0,4,3,20,1,0.667
RS0004390,H005,2026/3/27 04:00,16,9,1,0,1,7,10,19,0,0.652
RS0004391,H001,2026/3/27 08:00,17,11,1,1,1,5,5,10,1,0.696
RS0004392,H002,2026/3/27 08:00,10,4,1,1,1,3,8,9,1,0.582
RS0004393,H003,2026/3/27 08:00,9,7,1,0,0,0,5,30,1,0.733
RS0004394,H004,2026/3/27 08:00,4,0,1,0,1,3,6,24,1,0.839
RS0004395,H005,2026/3/27 08:00,10,6,1,1,3,8,0,24,1,0.658
RS0004396,H001,2026/3/27 12:00,17,12,1,1,1,4,6,25,1,0.636
RS0004397,H002,2026/3/27 12:00,6,8,1,1,0,7,6,15,1,0.932
RS0004398,H003,2026/3/27 12:00,9,2,1,0,2,1,3,14,1,0.702
RS0004399,H004,2026/3/27 12:00,0,0,0,0,1,0,3,17,1,1
RS0004400,H005,2026/3/27 12:00,13,8,1,1,3,4,4,11,1,0.661
RS0004401,H001,2026/3/27 16:00,11,0,1,1,1,5,1,15,1,0.799
RS0004402,H002,2026/3/27 16:00,11,3,1,1,0,2,4,14,1,0.557
RS0004403,H003,2026/3/27 16:00,9,3,1,0,1,2,2,2,1,0.674
RS0004404,H004,2026/3/27 16:00,2,2,1,0,0,4,4,6,1,0.885
RS0004405,H005,2026/3/27 16:00,8,0,1,1,3,6,3,11,1,0.868
RS0004406,H001,2026/3/27 20:00,15,8,1,1,1,7,1,25,1,0.754
RS0004407,H002,2026/3/27 20:00,10,6,0,1,0,0,2,14,1,0.676
RS0004408,H003,2026/3/27 20:00,6,6,1,0,1,3,4,10,1,0.899
RS0004409,H004,2026/3/27 20:00,5,0,0,0,1,2,0,21,1,0.752
RS0004410,H005,2026/3/27 20:00,14,0,1,1,2,5,4,10,1,0.652
RS0004411,H001,2026/3/28 00:00,14,5,1,1,2,6,4,15,1,0.709
RS0004412,H002,2026/3/28 00:00,9,1,1,1,1,5,3,14,1,0.713
RS0004413,H003,2026/3/28 00:00,13,1,1,0,1,5,2,18,1,0.58
RS0004414,H004,2026/3/28 00:00,4,0,1,0,0,1,6,15,1,0.897
RS0004415,H005,2026/3/28 00:00,11,2,1,1,1,2,4,25,1,0.833
RS0004416,H001,2026/3/28 04:00,19,5,1,0,0,4,5,21,1,0.472
RS0004417,H002,2026/3/28 04:00,9,1,1,1,2,6,7,22,1,0.641
RS0004418,H003,2026/3/28 04:00,3,4,1,0,0,4,2,7,1,0.837
RS0004419,H004,2026/3/28 04:00,2,3,1,0,1,3,4,17,1,1
RS0004420,H005,2026/3/28 04:00,9,6,1,1,2,7,6,16,1,0.72
RS0004421,H001,2026/3/28 08:00,14,4,1,1,2,4,5,19,1,0.623
RS0004422,H002,2026/3/28 08:00,11,5,1,1,1,2,3,20,1,0.562
RS0004423,H003,2026/3/28 08:00,9,6,1,0,0,0,5,19,1,0.697
RS0004424,H004,2026/3/28 08:00,4,2,1,0,0,0,5,10,1,0.701
RS0004425,H005,2026/3/28 08:00,20,5,1,1,1,5,6,13,1,0.407
RS0004426,H001,2026/3/28 12:00,12,5,1,1,0,4,4,13,1,0.836
RS0004427,H002,2026/3/28 12:00,6,1,1,1,1,5,3,10,1,0.779
RS0004428,H003,2026/3/28 12:00,4,6,1,0,0,0,3,6,1,0.887
RS0004429,H004,2026/3/28 12:00,8,2,1,0,0,2,3,2,0,0.539
RS0004430,H005,2026/3/28 12:00,3,0,1,1,0,2,2,9,1,0.916
RS0004431,H001,2026/3/28 16:00,16,4,1,1,0,5,5,11,1,0.611
RS0004432,H002,2026/3/28 16:00,9,7,1,1,0,0,5,8,1,0.613
RS0004433,H003,2026/3/28 16:00,4,4,1,0,1,2,3,18,0,0.768
RS0004434,H004,2026/3/28 16:00,2,5,1,0,1,0,5,8,0,0.914
RS0004435,H005,2026/3/28 16:00,9,7,1,1,1,5,4,6,1,0.789
RS0004436,H001,2026/3/28 20:00,14,1,1,1,2,4,2,10,1,0.7
RS0004437,H002,2026/3/28 20:00,0,6,1,1,0,1,1,14,1,1
RS0004438,H003,2026/3/28 20:00,0,0,1,0,2,1,3,15,1,1
RS0004439,H004,2026/3/28 20:00,9,2,1,0,1,0,0,5,1,0.509
RS0004440,H005,2026/3/28 20:00,10,2,1,1,2,0,3,16,1,0.801
RS0004441,H001,2026/3/29 00:00,13,2,1,1,2,4,4,16,1,0.593
RS0004442,H002,2026/3/29 00:00,4,4,1,1,0,5,6,17,1,0.836
RS0004443,H003,2026/3/29 00:00,0,1,1,0,2,2,4,16,1,1
RS0004444,H004,2026/3/29 00:00,0,1,1,0,1,0,5,18,1,0.957
RS0004445,H005,2026/3/29 00:00,7,1,1,1,1,3,5,11,0,0.86
RS0004446,H001,2026/3/29 04:00,13,10,1,1,1,8,4,11,1,0.809
RS0004447,H002,2026/3/29 04:00,4,0,1,1,0,3,3,13,1,0.834
RS0004448,H003,2026/3/29 04:00,5,7,1,0,0,1,6,19,1,0.749
RS0004449,H004,2026/3/29 04:00,2,0,1,0,0,2,4,8,1,0.926
RS0004450,H005,2026/3/29 04:00,13,11,1,1,3,2,7,13,1,0.665
RS0004451,H001,2026/3/29 08:00,7,5,1,1,1,8,7,9,1,0.912
RS0004452,H002,2026/3/29 08:00,9,2,1,1,1,0,3,17,1,0.711
RS0004453,H003,2026/3/29 08:00,6,1,1,0,0,1,6,11,1,0.826
RS0004454,H004,2026/3/29 08:00,3,0,1,0,0,0,5,13,1,0.806
RS0004455,H005,2026/3/29 08:00,12,3,1,1,2,9,5,17,1,0.831
RS0004456,H001,2026/3/29 12:00,13,0,1,1,1,5,1,9,1,0.764
RS0004457,H002,2026/3/29 12:00,12,0,1,1,2,4,1,15,1,0.5
RS0004458,H003,2026/3/29 12:00,10,2,1,0,1,2,4,5,1,0.72
RS0004459,H004,2026/3/29 12:00,11,5,1,0,0,0,2,11,1,0.245
RS0004460,H005,2026/3/29 12:00,10,0,1,1,2,3,3,13,1,0.775
RS0004461,H001,2026/3/29 16:00,11,3,1,1,3,6,4,10,1,0.688
RS0004462,H002,2026/3/29 16:00,6,3,1,1,1,2,1,16,1,0.866
RS0004463,H003,2026/3/29 16:00,10,0,1,0,2,2,2,10,1,0.588
RS0004464,H004,2026/3/29 16:00,8,1,1,0,0,0,5,10,0,0.408
RS0004465,H005,2026/3/29 16:00,15,2,1,1,1,0,0,19,1,0.543
RS0004466,H001,2026/3/29 20:00,8,4,1,1,2,2,4,16,1,0.81
RS0004467,H002,2026/3/29 20:00,5,6,1,0,0,1,4,15,1,0.839
RS0004468,H003,2026/3/29 20:00,8,2,1,0,1,4,3,11,1,0.794
RS0004469,H004,2026/3/29 20:00,3,3,1,0,0,0,3,7,1,0.946
RS0004470,H005,2026/3/29 20:00,6,2,1,0,0,0,3,15,1,0.883
RS0004471,H001,2026/3/30 00:00,17,6,1,1,1,6,5,4,1,0.536
RS0004472,H002,2026/3/30 00:00,12,0,1,1,0,4,5,10,1,0.514
RS0004473,H003,2026/3/30 00:00,8,0,1,0,0,3,9,9,1,0.753
RS0004474,H004,2026/3/30 00:00,6,4,1,0,1,0,8,24,1,0.751
RS0004475,H005,2026/3/30 00:00,15,6,1,0,4,6,6,20,1,0.596
RS0004476,H001,2026/3/30 04:00,18,0,1,1,3,4,4,17,1,0.573
RS0004477,H002,2026/3/30 04:00,6,2,1,1,0,0,5,9,1,0.846
RS0004478,H003,2026/3/30 04:00,7,4,1,0,1,1,7,9,1,0.718
RS0004479,H004,2026/3/30 04:00,5,0,1,0,1,0,6,22,1,0.702
RS0004480,H005,2026/3/30 04:00,9,3,1,1,2,5,2,4,1,0.687
RS0004481,H001,2026/3/30 08:00,13,6,1,1,2,6,5,12,1,0.737
RS0004482,H002,2026/3/30 08:00,8,6,1,1,1,3,1,13,1,0.876
RS0004483,H003,2026/3/30 08:00,9,1,1,0,0,3,2,15,1,0.538
RS0004484,H004,2026/3/30 08:00,10,8,1,0,1,0,0,13,1,0.3
RS0004485,H005,2026/3/30 08:00,13,3,1,1,1,6,4,20,1,0.694
RS0004486,H001,2026/3/30 12:00,13,8,1,1,2,3,4,19,1,0.79
RS0004487,H002,2026/3/30 12:00,9,0,1,1,0,3,8,14,1,0.799
RS0004488,H003,2026/3/30 12:00,8,3,1,0,0,4,8,12,1,0.809
RS0004489,H004,2026/3/30 12:00,5,3,1,0,0,2,2,10,1,0.653
RS0004490,H005,2026/3/30 12:00,15,4,1,1,0,6,7,14,1,0.535
RS0004491,H001,2026/3/30 16:00,17,5,1,1,1,4,5,15,1,0.502
RS0004492,H002,2026/3/30 16:00,5,5,1,1,0,1,0,15,1,0.827
RS0004493,H003,2026/3/30 16:00,6,2,1,0,0,0,8,10,1,0.899
RS0004494,H004,2026/3/30 16:00,0,1,1,0,0,3,2,20,1,1
RS0004495,H005,2026/3/30 16:00,17,7,1,1,2,5,4,13,1,0.623
RS0004496,H001,2026/3/30 20:00,12,1,1,0,1,5,3,22,1,0.618
RS0004497,H002,2026/3/30 20:00,2,2,1,1,1,6,1,9,1,0.859
RS0004498,H003,2026/3/30 20:00,5,0,1,0,0,0,5,5,1,0.874
RS0004499,H004,2026/3/30 20:00,8,0,1,0,0,2,4,8,1,0.416
RS0004500,H005,2026/3/30 20:00,12,4,1,1,2,0,2,6,1,0.691
RS0004501,H001,2026/3/31 00:00,14,3,1,1,0,5,4,16,1,0.639
RS0004502,H002,2026/3/31 00:00,10,8,1,1,0,1,2,21,1,0.776
RS0004503,H003,2026/3/31 00:00,6,0,1,0,0,1,4,22,1,0.89
RS0004504,H004,2026/3/31 00:00,7,0,1,0,1,1,3,3,1,0.503
RS0004505,H005,2026/3/31 00:00,14,9,1,1,4,7,2,22,1,0.542
RS0004506,H001,2026/3/31 04:00,25,6,1,1,2,5,4,19,1,0.47
RS0004507,H002,2026/3/31 04:00,6,5,1,1,1,5,5,20,1,0.82
RS0004508,H003,2026/3/31 04:00,0,3,1,0,1,5,3,19,1,0.988
RS0004509,H004,2026/3/31 04:00,1,0,1,0,0,4,0,13,1,0.915
RS0004510,H005,2026/3/31 04:00,17,6,1,0,0,4,2,17,1,0.652
RS0004511,H001,2026/3/31 08:00,15,7,1,1,0,6,5,17,1,0.704
RS0004512,H002,2026/3/31 08:00,11,5,1,1,0,2,5,17,1,0.65
RS0004513,H003,2026/3/31 08:00,9,0,1,0,0,0,8,19,1,0.575
RS0004514,H004,2026/3/31 08:00,6,4,1,0,0,4,4,18,1,0.74
RS0004515,H005,2026/3/31 08:00,16,10,1,1,0,2,3,11,1,0.56
RS0004516,H001,2026/3/31 12:00,10,7,1,1,0,4,2,14,1,0.91
RS0004517,H002,2026/3/31 12:00,11,1,1,0,0,2,4,14,1,0.566
RS0004518,H003,2026/3/31 12:00,5,1,1,0,1,3,2,15,0,0.767
RS0004519,H004,2026/3/31 12:00,5,1,1,0,0,1,3,15,1,0.735
RS0004520,H005,2026/3/31 12:00,11,4,1,1,1,5,3,10,1,0.778
RS0004521,H001,2026/3/31 16:00,5,5,1,1,0,6,6,0,1,0.9
RS0004522,H002,2026/3/31 16:00,3,0,0,1,0,4,2,20,1,0.931
RS0004523,H003,2026/3/31 16:00,6,0,1,0,1,2,7,17,1,0.84
RS0004524,H004,2026/3/31 16:00,0,0,1,0,1,2,3,3,1,0.926
RS0004525,H005,2026/3/31 16:00,9,3,1,1,2,5,3,8,0,0.683
RS0004526,H001,2026/3/31 20:00,10,9,1,1,1,4,5,16,1,0.847
RS0004527,H002,2026/3/31 20:00,13,3,1,1,1,2,2,14,1,0.603
RS0004528,H003,2026/3/31 20:00,3,0,1,0,0,5,3,14,1,0.929
RS0004529,H004,2026/3/31 20:00,0,1,1,0,1,0,1,17,1,1
RS0004530,H005,2026/3/31 20:00,5,8,1,1,1,3,6,5,1,0.894
RS0004531,H001,2026/4/1 00:00,15,6,1,1,0,4,3,15,1,0.661
RS0004532,H002,2026/4/1 00:00,10,3,1,1,1,0,0,16,1,0.57
RS0004533,H003,2026/4/1 00:00,4,4,1,0,2,1,6,16,1,0.868
RS0004534,H004,2026/4/1 00:00,0,0,0,0,1,0,4,15,1,1
RS0004535,H005,2026/4/1 00:00,9,0,1,1,0,6,5,19,1,0.814
RS0004536,H001,2026/4/1 04:00,14,8,1,1,2,8,1,12,1,0.693
RS0004537,H002,2026/4/1 04:00,7,0,1,1,0,2,6,19,1,0.827
RS0004538,H003,2026/4/1 04:00,8,0,1,0,1,1,3,17,1,0.583
RS0004539,H004,2026/4/1 04:00,0,0,1,0,1,4,3,32,1,0.97
RS0004540,H005,2026/4/1 04:00,8,5,1,1,2,3,5,15,1,0.773
RS0004541,H001,2026/4/1 08:00,14,1,1,1,0,4,6,19,1,0.795
RS0004542,H002,2026/4/1 08:00,4,9,1,1,1,4,6,25,1,0.797
RS0004543,H003,2026/4/1 08:00,7,4,1,0,0,3,6,15,1,0.785
RS0004544,H004,2026/4/1 08:00,7,1,1,0,0,0,4,13,1,0.644
RS0004545,H005,2026/4/1 08:00,10,5,1,1,1,1,6,16,1,0.803
RS0004546,H001,2026/4/1 12:00,16,3,1,1,0,6,2,14,1,0.66
RS0004547,H002,2026/4/1 12:00,8,1,1,1,1,3,4,8,0,0.694
RS0004548,H003,2026/4/1 12:00,20,0,1,0,1,0,0,14,1,0.118
RS0004549,H004,2026/4/1 12:00,4,0,1,0,1,0,4,21,1,0.807
RS0004550,H005,2026/4/1 12:00,5,3,1,1,1,5,2,8,1,0.95
RS0004551,H001,2026/4/1 16:00,15,0,1,1,1,3,2,10,1,0.664
RS0004552,H002,2026/4/1 16:00,7,4,1,1,1,3,5,13,1,0.741
RS0004553,H003,2026/4/1 16:00,8,6,1,0,1,2,4,17,1,0.646
RS0004554,H004,2026/4/1 16:00,4,1,1,0,1,1,3,14,1,0.825
RS0004555,H005,2026/4/1 16:00,10,3,0,1,1,0,6,11,1,0.771
RS0004556,H001,2026/4/1 20:00,15,5,1,1,0,5,5,13,1,0.607
RS0004557,H002,2026/4/1 20:00,1,5,1,1,0,0,2,13,1,1
RS0004558,H003,2026/4/1 20:00,10,4,1,0,0,0,4,23,1,0.579
RS0004559,H004,2026/4/1 20:00,1,1,1,0,0,1,4,14,1,1
RS0004560,H005,2026/4/1 20:00,9,8,1,1,0,4,3,14,1,0.911
RS0004561,H001,2026/4/2 00:00,20,3,1,1,3,5,0,16,1,0.61
RS0004562,H002,2026/4/2 00:00,5,11,1,1,0,5,4,9,1,0.958
RS0004563,H003,2026/4/2 00:00,0,2,1,0,0,3,6,24,1,1
RS0004564,H004,2026/4/2 00:00,7,0,1,0,0,0,3,15,1,0.622
RS0004565,H005,2026/4/2 00:00,8,2,1,1,0,3,5,16,1,0.915
RS0004566,H001,2026/4/2 04:00,15,5,1,1,0,6,6,20,1,0.628
RS0004567,H002,2026/4/2 04:00,11,6,1,1,0,4,2,17,1,0.639
RS0004568,H003,2026/4/2 04:00,4,2,1,0,0,0,3,18,0,0.869
RS0004569,H004,2026/4/2 04:00,1,0,1,0,0,0,4,23,1,1
RS0004570,H005,2026/4/2 04:00,18,5,1,1,2,3,6,16,1,0.613
RS0004571,H001,2026/4/2 08:00,9,3,1,1,1,4,2,23,1,0.806
RS0004572,H002,2026/4/2 08:00,11,8,1,1,0,2,7,30,1,0.58
RS0004573,H003,2026/4/2 08:00,6,5,1,0,2,3,6,15,1,0.731
RS0004574,H004,2026/4/2 08:00,8,2,1,0,0,0,4,16,1,0.435
RS0004575,H005,2026/4/2 08:00,14,0,0,1,2,1,2,16,1,0.738
RS0004576,H001,2026/4/2 12:00,19,4,1,1,2,3,3,14,1,0.631
RS0004577,H002,2026/4/2 12:00,13,5,1,0,1,2,5,20,1,0.628
RS0004578,H003,2026/4/2 12:00,9,5,1,0,1,2,5,15,1,0.639
RS0004579,H004,2026/4/2 12:00,4,2,1,0,0,1,6,9,1,0.747
RS0004580,H005,2026/4/2 12:00,10,10,1,1,1,5,5,11,1,0.706
RS0004581,H001,2026/4/2 16:00,12,6,1,1,1,5,1,12,1,0.717
RS0004582,H002,2026/4/2 16:00,7,7,1,1,1,2,4,9,1,0.728
RS0004583,H003,2026/4/2 16:00,3,0,1,0,1,2,4,18,1,0.993
RS0004584,H004,2026/4/2 16:00,4,3,1,0,1,0,3,7,1,0.654
RS0004585,H005,2026/4/2 16:00,12,0,0,1,1,6,2,12,1,0.601
RS0004586,H001,2026/4/2 20:00,11,7,1,1,1,1,4,8,1,0.733
RS0004587,H002,2026/4/2 20:00,3,3,1,1,2,1,4,19,1,0.806
RS0004588,H003,2026/4/2 20:00,8,6,1,0,1,3,0,8,1,0.749
RS0004589,H004,2026/4/2 20:00,3,2,1,0,1,0,2,19,1,0.858
RS0004590,H005,2026/4/2 20:00,12,4,1,1,1,4,3,13,1,0.684
RS0004591,H001,2026/4/3 00:00,12,2,1,1,3,3,6,24,1,0.783
RS0004592,H002,2026/4/3 00:00,13,2,1,1,0,2,3,15,1,0.676
RS0004593,H003,2026/4/3 00:00,14,1,1,0,0,3,4,19,1,0.324
RS0004594,H004,2026/4/3 00:00,3,0,1,0,1,1,3,21,1,0.758
RS0004595,H005,2026/4/3 00:00,19,8,1,1,2,4,4,23,1,0.438
RS0004596,H001,2026/4/3 04:00,15,5,1,1,3,5,5,25,1,0.607
RS0004597,H002,2026/4/3 04:00,13,4,1,1,0,4,5,21,1,0.501
RS0004598,H003,2026/4/3 04:00,11,6,1,0,0,3,7,19,1,0.556
RS0004599,H004,2026/4/3 04:00,6,0,1,0,0,1,5,17,1,0.589
RS0004600,H005,2026/4/3 04:00,19,7,1,1,1,4,9,18,1,0.516
RS0004601,H001,2026/4/3 08:00,19,6,1,1,3,6,5,19,0,0.651
RS0004602,H002,2026/4/3 08:00,16,9,0,0,1,0,5,15,1,0.534
RS0004603,H003,2026/4/3 08:00,10,6,1,0,1,0,8,14,1,0.646
RS0004604,H004,2026/4/3 08:00,0,0,1,0,0,0,3,24,1,0.914
RS0004605,H005,2026/4/3 08:00,13,0,1,1,0,5,4,29,1,0.759
RS0004606,H001,2026/4/3 12:00,13,0,1,1,2,4,5,18,1,0.687
RS0004607,H002,2026/4/3 12:00,6,5,1,1,1,3,4,8,1,0.906
RS0004608,H003,2026/4/3 12:00,13,5,1,0,0,4,4,20,1,0.595
RS0004609,H004,2026/4/3 12:00,5,0,1,0,1,0,6,13,1,0.686
RS0004610,H005,2026/4/3 12:00,5,8,1,1,1,5,5,11,1,0.866
RS0004611,H001,2026/4/3 16:00,5,6,1,1,2,6,4,12,1,0.782
RS0004612,H002,2026/4/3 16:00,7,3,1,1,0,4,4,16,1,0.852
RS0004613,H003,2026/4/3 16:00,3,4,1,0,1,4,2,11,1,1
RS0004614,H004,2026/4/3 16:00,1,8,1,0,1,0,5,12,1,0.951
RS0004615,H005,2026/4/3 16:00,12,5,1,1,2,1,2,20,1,0.647
RS0004616,H001,2026/4/3 20:00,9,8,1,1,0,2,5,7,1,0.885
RS0004617,H002,2026/4/3 20:00,8,0,1,1,0,3,4,17,1,0.691
RS0004618,H003,2026/4/3 20:00,3,0,1,0,0,1,5,15,1,0.922
RS0004619,H004,2026/4/3 20:00,1,3,1,0,0,0,5,6,1,0.843
RS0004620,H005,2026/4/3 20:00,9,0,1,1,2,4,6,21,1,0.826
RS0004621,H001,2026/4/4 00:00,8,8,1,1,1,7,1,13,1,0.807
RS0004622,H002,2026/4/4 00:00,4,0,1,1,0,0,1,20,1,0.923
RS0004623,H003,2026/4/4 00:00,9,3,1,0,0,3,2,15,1,0.641
RS0004624,H004,2026/4/4 00:00,2,1,1,0,1,0,3,18,1,0.979
RS0004625,H005,2026/4/4 00:00,12,0,1,1,2,4,6,18,1,0.603
RS0004626,H001,2026/4/4 04:00,8,3,1,1,2,7,5,12,1,0.827
RS0004627,H002,2026/4/4 04:00,13,0,1,1,0,3,5,19,1,0.685
RS0004628,H003,2026/4/4 04:00,6,2,1,0,0,3,4,18,1,0.855
RS0004629,H004,2026/4/4 04:00,9,0,1,0,0,0,3,14,1,0.58
RS0004630,H005,2026/4/4 04:00,4,0,1,1,2,3,5,17,1,0.808
RS0004631,H001,2026/4/4 08:00,12,4,1,1,1,3,9,13,1,0.689
RS0004632,H002,2026/4/4 08:00,9,3,1,1,1,2,5,13,1,0.64
RS0004633,H003,2026/4/4 08:00,9,4,1,0,1,0,2,13,1,0.622
RS0004634,H004,2026/4/4 08:00,7,3,1,0,0,1,6,12,1,0.695
RS0004635,H005,2026/4/4 08:00,16,7,1,1,1,5,3,14,1,0.481
RS0004636,H001,2026/4/4 12:00,10,8,1,1,1,7,5,7,1,0.714
RS0004637,H002,2026/4/4 12:00,6,3,1,1,0,2,3,21,1,0.876
RS0004638,H003,2026/4/4 12:00,1,4,1,0,0,1,3,25,1,1
RS0004639,H004,2026/4/4 12:00,4,0,1,0,0,0,7,9,1,0.663
RS0004640,H005,2026/4/4 12:00,4,7,0,1,1,3,4,11,1,0.987
RS0004641,H001,2026/4/4 16:00,7,0,1,1,1,3,2,4,1,0.77
RS0004642,H002,2026/4/4 16:00,0,2,1,1,1,3,6,21,1,1
RS0004643,H003,2026/4/4 16:00,6,2,1,0,0,0,3,10,1,0.891
RS0004644,H004,2026/4/4 16:00,3,0,1,0,0,1,5,16,0,0.845
RS0004645,H005,2026/4/4 16:00,11,5,1,1,0,1,4,24,1,0.636
RS0004646,H001,2026/4/4 20:00,16,1,1,1,1,6,7,14,1,0.603
RS0004647,H002,2026/4/4 20:00,10,2,1,1,0,5,3,19,1,0.696
RS0004648,H003,2026/4/4 20:00,4,3,1,0,0,3,4,20,1,0.81
RS0004649,H004,2026/4/4 20:00,0,2,1,0,0,0,3,0,0,1
RS0004650,H005,2026/4/4 20:00,14,1,1,1,1,5,3,9,1,0.6
RS0004651,H001,2026/4/5 00:00,11,8,1,1,2,4,1,11,1,0.794
RS0004652,H002,2026/4/5 00:00,15,4,1,1,2,0,6,16,1,0.592
RS0004653,H003,2026/4/5 00:00,3,0,1,0,0,3,1,8,1,0.802
RS0004654,H004,2026/4/5 00:00,7,0,1,0,0,5,4,16,0,0.629
RS0004655,H005,2026/4/5 00:00,17,5,1,1,3,4,2,14,1,0.473
RS0004656,H001,2026/4/5 04:00,18,5,0,1,1,1,4,24,1,0.568
RS0004657,H002,2026/4/5 04:00,13,4,1,1,0,1,2,5,1,0.656
RS0004658,H003,2026/4/5 04:00,5,0,1,0,0,0,2,10,1,0.762
RS0004659,H004,2026/4/5 04:00,7,6,1,0,0,4,7,15,1,0.563
RS0004660,H005,2026/4/5 04:00,17,3,1,1,0,7,1,21,1,0.531
RS0004661,H001,2026/4/5 08:00,7,8,1,1,0,4,4,17,1,0.829
RS0004662,H002,2026/4/5 08:00,10,3,1,1,0,5,1,8,0,0.79
RS0004663,H003,2026/4/5 08:00,5,1,1,0,0,0,2,10,1,0.814
RS0004664,H004,2026/4/5 08:00,12,2,1,0,0,2,1,21,1,0.296
RS0004665,H005,2026/4/5 08:00,10,3,1,0,1,6,5,18,1,0.721
RS0004666,H001,2026/4/5 12:00,3,0,1,1,0,7,4,16,1,0.886
RS0004667,H002,2026/4/5 12:00,5,1,1,1,1,2,7,6,1,0.943
RS0004668,H003,2026/4/5 12:00,6,5,1,0,1,2,3,23,1,0.777
RS0004669,H004,2026/4/5 12:00,9,0,1,0,0,0,4,17,1,0.372
RS0004670,H005,2026/4/5 12:00,15,3,1,1,3,3,3,9,1,0.58
RS0004671,H001,2026/4/5 16:00,11,1,1,1,1,4,5,10,1,0.865
RS0004672,H002,2026/4/5 16:00,3,0,1,1,0,0,6,13,1,0.845
RS0004673,H003,2026/4/5 16:00,4,1,1,0,0,3,3,19,1,0.891
RS0004674,H004,2026/4/5 16:00,7,2,1,0,1,0,4,15,1,0.56
RS0004675,H005,2026/4/5 16:00,12,2,1,1,1,5,5,15,1,0.668
RS0004676,H001,2026/4/5 20:00,11,0,1,1,1,1,2,7,1,0.664
RS0004677,H002,2026/4/5 20:00,14,3,1,1,0,9,0,20,1,0.546
RS0004678,H003,2026/4/5 20:00,2,6,1,0,0,5,6,11,1,0.886
RS0004679,H004,2026/4/5 20:00,7,3,0,0,1,0,3,21,1,0.504
RS0004680,H005,2026/4/5 20:00,11,3,1,1,1,3,1,7,1,0.837
RS0004681,H001,2026/4/6 00:00,15,0,1,0,1,5,8,12,1,0.57
RS0004682,H002,2026/4/6 00:00,13,3,1,1,0,1,5,17,1,0.576
RS0004683,H003,2026/4/6 00:00,11,0,1,0,2,3,2,9,1,0.553
RS0004684,H004,2026/4/6 00:00,8,2,1,0,0,2,1,13,1,0.488
RS0004685,H005,2026/4/6 00:00,13,5,0,1,3,7,3,25,1,0.694
RS0004686,H001,2026/4/6 04:00,15,0,1,1,2,6,3,20,1,0.576
RS0004687,H002,2026/4/6 04:00,8,2,1,1,1,1,3,16,1,0.713
RS0004688,H003,2026/4/6 04:00,12,1,1,0,0,2,4,23,1,0.646
RS0004689,H004,2026/4/6 04:00,4,3,0,0,0,2,2,24,1,0.897
RS0004690,H005,2026/4/6 04:00,18,3,1,1,3,1,5,21,1,0.553
RS0004691,H001,2026/4/6 08:00,13,6,1,1,0,7,4,12,1,0.654
RS0004692,H002,2026/4/6 08:00,15,5,1,1,0,5,2,11,1,0.424
RS0004693,H003,2026/4/6 08:00,0,3,1,0,2,0,6,21,1,1
RS0004694,H004,2026/4/6 08:00,2,2,1,0,0,3,3,21,1,0.833
RS0004695,H005,2026/4/6 08:00,13,6,1,1,2,4,2,19,1,0.582
RS0004696,H001,2026/4/6 12:00,13,0,1,1,1,2,5,12,1,0.785
RS0004697,H002,2026/4/6 12:00,4,5,1,1,0,0,6,20,1,0.88
RS0004698,H003,2026/4/6 12:00,7,3,1,0,0,3,7,23,1,0.856
RS0004699,H004,2026/4/6 12:00,1,1,0,0,0,1,0,18,1,0.995
RS0004700,H005,2026/4/6 12:00,15,4,1,1,1,6,2,17,1,0.752
RS0004701,H001,2026/4/6 16:00,13,6,1,1,3,3,3,16,1,0.633
RS0004702,H002,2026/4/6 16:00,12,0,1,1,0,3,0,16,1,0.591
RS0004703,H003,2026/4/6 16:00,4,0,1,0,0,0,6,16,1,0.859
RS0004704,H004,2026/4/6 16:00,2,0,1,0,0,3,3,19,1,0.88
RS0004705,H005,2026/4/6 16:00,11,10,1,1,0,2,6,28,1,0.654
RS0004706,H001,2026/4/6 20:00,3,10,1,1,0,5,3,9,1,0.964
RS0004707,H002,2026/4/6 20:00,8,10,1,1,1,3,4,22,1,0.703
RS0004708,H003,2026/4/6 20:00,9,0,1,0,0,0,2,17,1,0.592
RS0004709,H004,2026/4/6 20:00,0,5,1,0,0,1,5,0,1,0.95
RS0004710,H005,2026/4/6 20:00,9,1,1,1,1,5,3,19,1,0.702
RS0004711,H001,2026/4/7 00:00,7,7,1,1,0,5,5,15,1,0.912
RS0004712,H002,2026/4/7 00:00,4,5,1,1,0,4,5,21,1,0.865
RS0004713,H003,2026/4/7 00:00,7,5,1,0,0,2,2,16,1,0.668
RS0004714,H004,2026/4/7 00:00,9,2,1,0,0,0,7,13,1,0.475
RS0004715,H005,2026/4/7 00:00,6,1,1,1,1,2,7,13,1,0.774
RS0004716,H001,2026/4/7 04:00,12,9,1,1,1,2,3,18,1,0.777
RS0004717,H002,2026/4/7 04:00,6,2,1,1,1,1,6,28,1,0.93
RS0004718,H003,2026/4/7 04:00,7,4,1,0,0,4,5,20,1,0.618
RS0004719,H004,2026/4/7 04:00,7,0,1,0,0,4,4,19,1,0.631
RS0004720,H005,2026/4/7 04:00,18,6,1,0,0,6,8,26,1,0.653
RS0004721,H001,2026/4/7 08:00,13,6,1,1,0,1,5,6,1,0.784
RS0004722,H002,2026/4/7 08:00,10,0,1,1,1,0,4,15,1,0.607
RS0004723,H003,2026/4/7 08:00,11,0,1,0,1,2,7,15,1,0.671
RS0004724,H004,2026/4/7 08:00,0,1,1,0,0,0,9,9,1,1
RS0004725,H005,2026/4/7 08:00,10,7,1,1,1,5,4,18,1,0.696
RS0004726,H001,2026/4/7 12:00,11,0,1,1,0,3,4,8,1,0.671
RS0004727,H002,2026/4/7 12:00,11,2,1,1,0,3,4,15,1,0.588
RS0004728,H003,2026/4/7 12:00,0,1,1,0,2,0,5,20,0,1
RS0004729,H004,2026/4/7 12:00,7,1,1,0,1,0,0,16,1,0.665
RS0004730,H005,2026/4/7 12:00,11,3,0,1,1,5,2,18,1,0.64
RS0004731,H001,2026/4/7 16:00,9,5,1,1,1,2,2,14,1,0.757
RS0004732,H002,2026/4/7 16:00,8,7,1,1,1,0,4,17,1,0.789
RS0004733,H003,2026/4/7 16:00,4,0,1,0,0,7,5,4,1,0.972
RS0004734,H004,2026/4/7 16:00,8,8,1,0,0,3,4,2,0,0.526
RS0004735,H005,2026/4/7 16:00,0,7,1,1,1,4,5,15,0,1
RS0004736,H001,2026/4/7 20:00,6,3,1,1,0,5,5,6,1,0.781
RS0004737,H002,2026/4/7 20:00,14,10,1,1,1,0,0,12,1,0.608
RS0004738,H003,2026/4/7 20:00,10,1,1,0,1,2,5,9,1,0.574
RS0004739,H004,2026/4/7 20:00,5,2,1,0,0,4,4,12,1,0.734
RS0004740,H005,2026/4/7 20:00,11,4,1,1,1,1,0,18,1,0.811
RS0004741,H001,2026/4/8 00:00,7,7,1,1,0,6,3,23,1,0.972
RS0004742,H002,2026/4/8 00:00,8,3,1,1,0,2,8,25,1,0.787
RS0004743,H003,2026/4/8 00:00,15,0,1,0,0,3,4,27,1,0.51
RS0004744,H004,2026/4/8 00:00,4,7,1,0,1,0,7,18,1,0.864
RS0004745,H005,2026/4/8 00:00,21,4,1,1,2,4,5,27,1,0.36
RS0004746,H001,2026/4/8 04:00,10,2,1,1,1,6,1,16,1,0.667
RS0004747,H002,2026/4/8 04:00,12,5,1,1,2,4,6,19,1,0.688
RS0004748,H003,2026/4/8 04:00,3,1,1,0,0,4,3,21,1,0.826
RS0004749,H004,2026/4/8 04:00,7,8,1,0,0,1,5,9,0,0.562
RS0004750,H005,2026/4/8 04:00,4,9,1,1,3,4,4,20,1,1
RS0004751,H001,2026/4/8 08:00,12,11,1,1,2,10,6,16,1,0.692
RS0004752,H002,2026/4/8 08:00,4,3,1,1,0,2,10,14,1,0.971
RS0004753,H003,2026/4/8 08:00,4,4,1,0,0,2,6,19,1,0.883
RS0004754,H004,2026/4/8 08:00,0,6,1,0,0,1,9,19,1,0.988
RS0004755,H005,2026/4/8 08:00,7,5,1,1,1,6,4,22,1,0.884
RS0004756,H001,2026/4/8 12:00,13,6,1,1,3,7,3,14,1,0.741
RS0004757,H002,2026/4/8 12:00,8,0,1,1,1,5,0,20,1,0.79
RS0004758,H003,2026/4/8 12:00,5,4,1,0,1,0,4,10,1,0.724
RS0004759,H004,2026/4/8 12:00,12,0,1,0,0,4,6,16,0,0.284
RS0004760,H005,2026/4/8 12:00,11,4,1,0,2,3,4,9,1,0.722
RS0004761,H001,2026/4/8 16:00,15,5,1,1,3,7,4,13,1,0.689
RS0004762,H002,2026/4/8 16:00,4,4,1,1,0,1,4,16,1,0.954
RS0004763,H003,2026/4/8 16:00,4,1,1,0,1,2,3,13,1,0.961
RS0004764,H004,2026/4/8 16:00,3,0,1,0,0,0,1,8,1,0.907
RS0004765,H005,2026/4/8 16:00,9,3,1,1,0,5,7,13,1,0.667
RS0004766,H001,2026/4/8 20:00,9,7,1,1,1,10,5,11,1,0.793
RS0004767,H002,2026/4/8 20:00,9,9,1,1,0,4,3,20,1,0.665
RS0004768,H003,2026/4/8 20:00,6,4,1,0,0,0,4,7,1,0.694
RS0004769,H004,2026/4/8 20:00,9,0,1,0,0,4,0,16,1,0.515
RS0004770,H005,2026/4/8 20:00,4,2,1,1,1,2,4,12,1,0.899
RS0004771,H001,2026/4/9 00:00,13,4,0,1,2,6,6,24,1,0.721
RS0004772,H002,2026/4/9 00:00,8,2,1,1,0,3,3,20,1,0.651
RS0004773,H003,2026/4/9 00:00,10,0,1,0,2,3,5,14,1,0.649
RS0004774,H004,2026/4/9 00:00,2,0,1,0,0,0,2,22,1,0.978
RS0004775,H005,2026/4/9 00:00,16,7,1,1,1,4,4,25,1,0.558
RS0004776,H001,2026/4/9 04:00,18,0,1,1,1,11,4,15,1,0.679
RS0004777,H002,2026/4/9 04:00,12,1,1,1,2,3,4,22,1,0.536
RS0004778,H003,2026/4/9 04:00,8,5,1,0,0,6,5,15,1,0.624
RS0004779,H004,2026/4/9 04:00,0,0,1,0,1,1,4,16,1,0.924
RS0004780,H005,2026/4/9 04:00,11,7,1,1,2,5,8,19,1,0.767
RS0004781,H001,2026/4/9 08:00,11,0,1,1,1,4,4,15,1,0.645
RS0004782,H002,2026/4/9 08:00,11,0,1,1,2,2,9,17,1,0.703
RS0004783,H003,2026/4/9 08:00,10,1,1,0,1,2,0,25,0,0.629
RS0004784,H004,2026/4/9 08:00,10,8,1,0,1,0,6,13,1,0.362
RS0004785,H005,2026/4/9 08:00,12,7,1,1,1,4,3,19,1,0.628
RS0004786,H001,2026/4/9 12:00,14,9,1,0,1,9,3,12,1,0.742
RS0004787,H002,2026/4/9 12:00,6,0,1,1,2,4,4,17,1,0.781
RS0004788,H003,2026/4/9 12:00,2,4,1,0,0,0,4,4,1,0.848
RS0004789,H004,2026/4/9 12:00,0,3,1,0,0,4,4,13,1,1
RS0004790,H005,2026/4/9 12:00,8,6,1,1,1,2,2,16,1,0.869
RS0004791,H001,2026/4/9 16:00,19,4,1,1,2,8,7,13,1,0.467
RS0004792,H002,2026/4/9 16:00,3,6,0,1,1,2,9,12,1,1
RS0004793,H003,2026/4/9 16:00,7,1,1,0,0,2,4,13,1,0.743
RS0004794,H004,2026/4/9 16:00,3,3,1,0,1,0,0,11,1,0.941
RS0004795,H005,2026/4/9 16:00,5,4,1,1,0,3,2,25,1,0.943
RS0004796,H001,2026/4/9 20:00,16,4,1,1,1,2,3,14,1,0.566
RS0004797,H002,2026/4/9 20:00,10,1,1,1,2,2,6,7,1,0.65
RS0004798,H003,2026/4/9 20:00,5,6,1,0,1,1,5,10,1,0.886
RS0004799,H004,2026/4/9 20:00,0,2,1,0,1,0,1,12,1,0.957
RS0004800,H005,2026/4/9 20:00,7,0,1,1,1,5,2,19,1,0.825
RS0004801,H001,2026/4/10 00:00,6,9,1,1,1,4,2,16,1,0.866
RS0004802,H002,2026/4/10 00:00,6,8,1,1,1,6,4,17,1,0.718
RS0004803,H003,2026/4/10 00:00,4,6,1,0,0,0,3,17,1,0.777
RS0004804,H004,2026/4/10 00:00,5,4,1,0,1,1,7,15,1,0.642
RS0004805,H005,2026/4/10 00:00,6,3,1,1,1,5,6,23,1,0.804
RS0004806,H001,2026/4/10 04:00,15,9,1,1,1,7,3,21,1,0.635
RS0004807,H002,2026/4/10 04:00,4,5,1,1,1,1,6,22,1,0.78
RS0004808,H003,2026/4/10 04:00,0,5,1,0,1,4,6,20,1,0.922
RS0004809,H004,2026/4/10 04:00,6,0,1,0,0,2,6,16,1,0.569
RS0004810,H005,2026/4/10 04:00,16,4,1,1,2,7,3,16,1,0.664
RS0004811,H001,2026/4/10 08:00,19,5,1,1,1,1,1,20,1,0.677
RS0004812,H002,2026/4/10 08:00,6,2,1,1,1,4,9,15,1,0.943
RS0004813,H003,2026/4/10 08:00,10,8,1,0,0,2,3,16,1,0.561
RS0004814,H004,2026/4/10 08:00,0,0,1,0,0,0,4,17,1,1
RS0004815,H005,2026/4/10 08:00,15,6,1,1,2,5,1,9,1,0.688
RS0004816,H001,2026/4/10 12:00,10,7,1,1,0,2,6,8,1,0.787
RS0004817,H002,2026/4/10 12:00,4,0,1,1,1,1,3,17,1,1
RS0004818,H003,2026/4/10 12:00,11,3,1,0,1,2,1,12,1,0.502
RS0004819,H004,2026/4/10 12:00,6,1,1,0,1,2,4,14,1,0.76
RS0004820,H005,2026/4/10 12:00,15,1,1,1,3,4,4,8,1,0.646
RS0004821,H001,2026/4/10 16:00,8,1,1,1,1,7,2,16,1,0.927
RS0004822,H002,2026/4/10 16:00,12,1,1,1,2,3,3,10,1,0.511
RS0004823,H003,2026/4/10 16:00,10,0,1,0,1,4,5,13,1,0.718
RS0004824,H004,2026/4/10 16:00,5,0,1,0,0,2,4,15,1,0.649
RS0004825,H005,2026/4/10 16:00,11,4,1,1,1,8,3,17,1,0.746
RS0004826,H001,2026/4/10 20:00,7,5,1,1,0,8,7,17,1,0.794
RS0004827,H002,2026/4/10 20:00,9,4,1,1,0,3,1,23,1,0.679
RS0004828,H003,2026/4/10 20:00,7,0,1,0,0,4,3,19,1,0.729
RS0004829,H004,2026/4/10 20:00,12,3,1,0,0,1,1,11,1,0.371
RS0004830,H005,2026/4/10 20:00,12,4,1,1,1,2,4,22,1,0.62
RS0004831,H001,2026/4/11 00:00,12,5,1,1,1,3,4,8,1,0.8
RS0004832,H002,2026/4/11 00:00,13,0,1,1,0,5,5,13,1,0.62
RS0004833,H003,2026/4/11 00:00,2,2,1,0,1,5,5,15,1,0.828
RS0004834,H004,2026/4/11 00:00,0,1,1,0,1,2,4,16,1,0.916
RS0004835,H005,2026/4/11 00:00,2,0,1,1,3,5,3,14,1,1
RS0004836,H001,2026/4/11 04:00,22,8,1,1,1,4,7,16,1,0.621
RS0004837,H002,2026/4/11 04:00,5,3,1,1,1,2,4,9,1,0.971
RS0004838,H003,2026/4/11 04:00,7,4,1,0,0,2,4,16,1,0.749
RS0004839,H004,2026/4/11 04:00,0,7,1,0,1,4,4,7,1,0.968
RS0004840,H005,2026/4/11 04:00,12,0,1,1,1,0,5,11,1,0.806
RS0004841,H001,2026/4/11 08:00,12,6,1,1,0,5,4,4,1,0.629
RS0004842,H002,2026/4/11 08:00,11,8,1,1,1,5,5,13,1,0.781
RS0004843,H003,2026/4/11 08:00,6,9,1,0,0,0,4,21,1,0.76
RS0004844,H004,2026/4/11 08:00,3,0,1,0,0,2,4,15,0,0.897
RS0004845,H005,2026/4/11 08:00,15,1,1,1,1,2,8,25,1,0.744
RS0004846,H001,2026/4/11 12:00,9,0,1,1,0,4,3,16,1,0.924
RS0004847,H002,2026/4/11 12:00,13,2,1,1,0,2,6,19,1,0.473
RS0004848,H003,2026/4/11 12:00,5,3,1,0,1,1,5,11,0,0.781
RS0004849,H004,2026/4/11 12:00,2,0,1,0,1,2,1,12,1,0.931
RS0004850,H005,2026/4/11 12:00,3,8,1,1,1,1,4,13,1,0.875
RS0004851,H001,2026/4/11 16:00,8,9,1,1,1,6,4,16,1,0.789
RS0004852,H002,2026/4/11 16:00,12,2,1,0,1,3,4,6,1,0.703
RS0004853,H003,2026/4/11 16:00,2,2,1,0,1,0,4,13,1,0.876
RS0004854,H004,2026/4/11 16:00,3,0,1,0,0,0,3,24,1,0.834
RS0004855,H005,2026/4/11 16:00,11,9,1,1,0,3,7,23,1,0.815
RS0004856,H001,2026/4/11 20:00,6,10,1,1,0,3,3,5,1,0.891
RS0004857,H002,2026/4/11 20:00,14,7,1,1,1,6,1,15,1,0.533
RS0004858,H003,2026/4/11 20:00,4,2,1,0,2,5,5,9,1,0.817
RS0004859,H004,2026/4/11 20:00,1,2,1,0,1,0,7,12,1,0.985
RS0004860,H005,2026/4/11 20:00,4,2,1,1,2,0,4,12,1,0.944
RS0004861,H001,2026/4/12 00:00,19,3,1,1,1,7,5,13,1,0.459
RS0004862,H002,2026/4/12 00:00,13,8,1,1,0,1,6,15,1,0.628
RS0004863,H003,2026/4/12 00:00,9,0,1,0,0,0,8,25,1,0.547
RS0004864,H004,2026/4/12 00:00,0,6,1,0,0,1,3,20,1,0.949
RS0004865,H005,2026/4/12 00:00,7,6,1,1,1,3,3,24,1,0.966
RS0004866,H001,2026/4/12 04:00,17,2,0,1,1,4,3,22,1,0.672
RS0004867,H002,2026/4/12 04:00,5,4,1,1,1,2,4,25,1,0.757
RS0004868,H003,2026/4/12 04:00,8,5,1,0,0,1,6,21,1,0.726
RS0004869,H004,2026/4/12 04:00,2,0,1,0,0,2,1,15,1,0.866
RS0004870,H005,2026/4/12 04:00,11,0,1,0,1,8,2,23,1,0.654
RS0004871,H001,2026/4/12 08:00,14,8,1,1,4,2,1,6,1,0.571
RS0004872,H002,2026/4/12 08:00,10,3,1,1,0,0,7,10,1,0.61
RS0004873,H003,2026/4/12 08:00,8,0,1,0,2,3,4,11,1,0.625
RS0004874,H004,2026/4/12 08:00,0,3,1,0,0,1,2,20,1,1
RS0004875,H005,2026/4/12 08:00,7,3,1,1,0,3,5,17,1,0.89
RS0004876,H001,2026/4/12 12:00,10,0,1,1,2,4,5,4,1,0.695
RS0004877,H002,2026/4/12 12:00,14,4,1,1,2,2,2,8,1,0.568
RS0004878,H003,2026/4/12 12:00,6,1,1,0,0,1,1,13,1,0.66
RS0004879,H004,2026/4/12 12:00,0,3,1,0,0,3,2,6,1,0.915
RS0004880,H005,2026/4/12 12:00,11,0,1,1,0,3,9,6,1,0.732
RS0004881,H001,2026/4/12 16:00,11,2,1,1,2,2,6,11,1,0.863
RS0004882,H002,2026/4/12 16:00,9,1,1,1,1,5,8,14,1,0.756
RS0004883,H003,2026/4/12 16:00,0,0,1,0,0,2,4,15,1,1
RS0004884,H004,2026/4/12 16:00,0,4,1,0,1,0,4,11,1,1
RS0004885,H005,2026/4/12 16:00,9,5,0,1,1,1,2,6,1,0.722
RS0004886,H001,2026/4/12 20:00,17,6,0,1,1,3,1,14,1,0.713
RS0004887,H002,2026/4/12 20:00,5,6,1,1,0,1,4,17,1,0.796
RS0004888,H003,2026/4/12 20:00,6,9,1,0,2,3,2,8,1,0.78
RS0004889,H004,2026/4/12 20:00,0,4,1,0,0,0,4,9,1,1
RS0004890,H005,2026/4/12 20:00,10,3,1,1,4,5,1,12,1,0.642
RS0004891,H001,2026/4/13 00:00,15,3,1,1,2,6,4,19,1,0.695
RS0004892,H002,2026/4/13 00:00,10,4,1,1,0,3,1,20,1,0.725
RS0004893,H003,2026/4/13 00:00,9,6,1,0,0,1,5,12,1,0.588
RS0004894,H004,2026/4/13 00:00,10,0,1,0,1,0,4,15,1,0.367
RS0004895,H005,2026/4/13 00:00,16,6,1,1,0,7,6,22,0,0.573
RS0004896,H001,2026/4/13 04:00,17,9,1,1,2,6,4,15,1,0.544
RS0004897,H002,2026/4/13 04:00,5,8,1,0,0,2,0,25,1,0.772
RS0004898,H003,2026/4/13 04:00,8,5,1,0,0,1,7,16,1,0.736
RS0004899,H004,2026/4/13 04:00,6,0,1,0,0,2,5,17,1,0.771
RS0004900,H005,2026/4/13 04:00,13,6,1,1,1,3,5,15,1,0.574
RS0004901,H001,2026/4/13 08:00,10,0,1,1,1,5,5,19,1,0.888
RS0004902,H002,2026/4/13 08:00,8,8,1,1,0,5,5,20,1,0.683
RS0004903,H003,2026/4/13 08:00,17,4,1,0,1,2,1,19,1,0.291
RS0004904,H004,2026/4/13 08:00,6,0,1,0,0,1,2,19,1,0.763
RS0004905,H005,2026/4/13 08:00,8,6,1,1,1,6,8,16,1,0.698
RS0004906,H001,2026/4/13 12:00,15,1,1,1,0,2,3,15,1,0.632
RS0004907,H002,2026/4/13 12:00,6,5,1,1,0,1,5,3,1,0.874
RS0004908,H003,2026/4/13 12:00,5,3,1,0,1,0,5,17,1,0.894
RS0004909,H004,2026/4/13 12:00,8,0,0,0,0,0,4,16,1,0.639
RS0004910,H005,2026/4/13 12:00,8,5,1,1,2,5,3,14,1,0.694
RS0004911,H001,2026/4/13 16:00,9,0,1,1,1,3,2,19,1,0.79
RS0004912,H002,2026/4/13 16:00,15,2,1,1,0,3,4,11,1,0.613
RS0004913,H003,2026/4/13 16:00,7,0,1,0,1,1,3,14,1,0.684
RS0004914,H004,2026/4/13 16:00,6,8,1,0,0,0,1,13,1,0.767
RS0004915,H005,2026/4/13 16:00,12,8,1,1,3,4,5,20,1,0.722
RS0004916,H001,2026/4/13 20:00,8,5,1,1,2,6,4,0,1,0.919
RS0004917,H002,2026/4/13 20:00,11,4,1,1,0,6,1,12,1,0.771
RS0004918,H003,2026/4/13 20:00,4,0,1,0,0,0,5,14,1,0.924
RS0004919,H004,2026/4/13 20:00,1,3,0,0,0,2,2,4,1,1
RS0004920,H005,2026/4/13 20:00,10,12,1,1,3,1,4,13,1,0.849
RS0004921,H001,2026/4/14 00:00,16,9,1,1,3,3,2,25,1,0.522
RS0004922,H002,2026/4/14 00:00,12,1,1,1,1,4,4,15,1,0.521
RS0004923,H003,2026/4/14 00:00,7,5,1,0,2,3,6,25,1,0.711
RS0004924,H004,2026/4/14 00:00,13,2,0,0,1,0,3,11,1,0.274
RS0004925,H005,2026/4/14 00:00,17,0,1,1,0,0,1,23,1,0.487
RS0004926,H001,2026/4/14 04:00,11,4,1,1,2,5,7,26,1,0.682
RS0004927,H002,2026/4/14 04:00,10,2,1,1,1,1,1,15,1,0.682
RS0004928,H003,2026/4/14 04:00,12,10,1,0,1,3,2,15,1,0.542
RS0004929,H004,2026/4/14 04:00,8,3,1,0,1,2,4,24,1,0.594
RS0004930,H005,2026/4/14 04:00,18,1,1,1,1,7,2,18,1,0.452
RS0004931,H001,2026/4/14 08:00,12,6,1,1,2,3,4,29,1,0.664
RS0004932,H002,2026/4/14 08:00,9,5,1,1,0,5,4,20,1,0.691
RS0004933,H003,2026/4/14 08:00,4,6,1,0,1,1,5,13,1,0.858
RS0004934,H004,2026/4/14 08:00,0,1,1,0,0,1,3,21,1,1
RS0004935,H005,2026/4/14 08:00,13,4,1,1,1,5,8,20,0,0.581
RS0004936,H001,2026/4/14 12:00,18,4,1,1,1,5,4,12,1,0.552
RS0004937,H002,2026/4/14 12:00,10,4,1,1,1,3,2,10,0,0.781
RS0004938,H003,2026/4/14 12:00,11,6,1,0,1,7,2,17,1,0.623
RS0004939,H004,2026/4/14 12:00,3,2,1,0,0,0,0,11,1,0.803
RS0004940,H005,2026/4/14 12:00,14,5,1,1,1,0,2,10,1,0.582
RS0004941,H001,2026/4/14 16:00,10,0,1,1,2,5,0,15,1,0.784
RS0004942,H002,2026/4/14 16:00,2,0,1,1,1,1,0,12,1,0.872
RS0004943,H003,2026/4/14 16:00,11,1,1,0,1,3,4,15,1,0.472
RS0004944,H004,2026/4/14 16:00,4,0,1,0,1,0,2,19,1,0.812
RS0004945,H005,2026/4/14 16:00,14,6,0,1,2,4,7,13,1,0.632
RS0004946,H001,2026/4/14 20:00,7,4,1,1,0,6,5,17,1,0.954
RS0004947,H002,2026/4/14 20:00,8,3,1,1,0,0,1,15,1,0.651
RS0004948,H003,2026/4/14 20:00,3,4,1,0,1,4,3,12,1,0.937
RS0004949,H004,2026/4/14 20:00,4,8,1,0,0,0,4,14,0,0.889
RS0004950,H005,2026/4/14 20:00,7,13,0,1,4,2,5,14,1,0.82
RS0004951,H001,2026/4/15 00:00,14,9,1,1,3,9,3,6,1,0.726
RS0004952,H002,2026/4/15 00:00,22,5,1,1,0,3,3,8,1,0.336
RS0004953,H003,2026/4/15 00:00,10,3,1,0,0,3,1,18,1,0.612
RS0004954,H004,2026/4/15 00:00,4,2,0,0,0,0,6,17,1,0.731
RS0004955,H005,2026/4/15 00:00,7,10,1,1,2,6,4,22,1,0.898
RS0004956,H001,2026/4/15 04:00,15,13,1,1,0,6,2,19,1,0.683
RS0004957,H002,2026/4/15 04:00,10,3,0,1,2,4,6,18,1,0.642
RS0004958,H003,2026/4/15 04:00,1,1,1,0,2,1,6,15,1,0.906
RS0004959,H004,2026/4/15 04:00,1,0,1,0,0,1,7,13,1,0.984
RS0004960,H005,2026/4/15 04:00,14,5,1,1,1,6,4,21,1,0.64
RS0004961,H001,2026/4/15 08:00,10,5,1,1,1,9,6,13,1,0.825
RS0004962,H002,2026/4/15 08:00,19,9,1,1,0,4,6,16,1,0.393
RS0004963,H003,2026/4/15 08:00,4,1,1,0,1,3,7,13,1,0.832
RS0004964,H004,2026/4/15 08:00,2,8,1,0,0,0,6,10,1,0.891
RS0004965,H005,2026/4/15 08:00,11,10,1,1,1,0,3,16,0,0.638
RS0004966,H001,2026/4/15 12:00,12,2,1,1,2,3,1,13,0,0.757
RS0004967,H002,2026/4/15 12:00,3,2,1,1,2,3,3,13,1,0.974
RS0004968,H003,2026/4/15 12:00,0,9,1,0,0,0,4,6,1,0.973
RS0004969,H004,2026/4/15 12:00,0,3,1,0,1,3,4,18,1,0.993
RS0004970,H005,2026/4/15 12:00,8,8,1,1,0,2,4,10,1,0.903
RS0004971,H001,2026/4/15 16:00,11,6,1,1,3,3,3,21,0,0.743
RS0004972,H002,2026/4/15 16:00,7,6,1,1,1,0,2,9,1,0.715
RS0004973,H003,2026/4/15 16:00,2,6,1,0,2,4,2,5,1,1
RS0004974,H004,2026/4/15 16:00,3,4,1,0,0,1,3,12,1,0.743
RS0004975,H005,2026/4/15 16:00,5,2,1,1,1,5,2,18,1,0.824
RS0004976,H001,2026/4/15 20:00,8,3,1,1,2,9,1,11,1,0.918
RS0004977,H002,2026/4/15 20:00,10,6,1,1,0,4,2,13,1,0.698
RS0004978,H003,2026/4/15 20:00,10,7,1,0,0,3,0,17,1,0.629
RS0004979,H004,2026/4/15 20:00,10,1,1,0,0,2,2,18,1,0.34
RS0004980,H005,2026/4/15 20:00,6,7,1,1,0,3,3,17,1,0.821
RS0004981,H001,2026/4/16 00:00,14,5,1,1,0,6,3,14,1,0.685
RS0004982,H002,2026/4/16 00:00,16,5,1,1,1,4,4,16,1,0.448
RS0004983,H003,2026/4/16 00:00,6,1,1,0,1,3,6,19,1,0.867
RS0004984,H004,2026/4/16 00:00,6,2,1,0,0,2,4,20,1,0.617
RS0004985,H005,2026/4/16 00:00,17,4,1,1,2,5,3,22,1,0.683
RS0004986,H001,2026/4/16 04:00,14,7,1,1,1,10,7,16,0,0.708
RS0004987,H002,2026/4/16 04:00,11,3,1,1,0,5,3,23,1,0.592
RS0004988,H003,2026/4/16 04:00,1,0,0,0,2,0,7,14,1,1
RS0004989,H004,2026/4/16 04:00,7,0,1,0,1,1,2,28,1,0.662
RS0004990,H005,2026/4/16 04:00,17,6,1,1,1,1,7,16,0,0.699
RS0004991,H001,2026/4/16 08:00,13,4,1,1,3,2,5,21,1,0.634
RS0004992,H002,2026/4/16 08:00,9,0,1,1,2,2,5,13,1,0.792
RS0004993,H003,2026/4/16 08:00,7,0,1,0,0,1,3,26,1,0.735
RS0004994,H004,2026/4/16 08:00,4,3,1,0,1,2,6,7,1,0.772
RS0004995,H005,2026/4/16 08:00,7,2,0,1,1,2,4,18,1,0.868
RS0004996,H001,2026/4/16 12:00,12,2,1,1,2,3,0,14,1,0.775
RS0004997,H002,2026/4/16 12:00,4,0,1,1,0,1,4,15,0,0.799
RS0004998,H003,2026/4/16 12:00,7,8,1,0,0,2,1,8,1,0.698
RS0004999,H004,2026/4/16 12:00,8,2,1,0,0,0,2,10,1,0.622
RS0005000,H005,2026/4/16 12:00,10,2,1,1,2,4,3,18,1,0.814
RS0005001,H001,2026/4/16 16:00,15,2,1,1,1,6,4,14,1,0.581
RS0005002,H002,2026/4/16 16:00,5,4,1,1,0,2,2,13,1,0.913
RS0005003,H003,2026/4/16 16:00,0,0,1,0,0,1,3,21,1,1
RS0005004,H004,2026/4/16 16:00,3,0,1,0,0,2,6,12,1,0.811
RS0005005,H005,2026/4/16 16:00,6,3,1,0,2,1,5,15,1,0.859
RS0005006,H001,2026/4/16 20:00,9,6,1,1,0,7,3,10,1,0.686
RS0005007,H002,2026/4/16 20:00,8,2,1,1,1,0,2,17,1,0.867
RS0005008,H003,2026/4/16 20:00,3,0,1,0,1,2,2,14,1,0.919
RS0005009,H004,2026/4/16 20:00,1,0,1,0,0,1,0,13,1,1
RS0005010,H005,2026/4/16 20:00,3,7,1,1,1,2,4,11,1,1
RS0005011,H001,2026/4/17 00:00,3,10,1,1,0,6,5,17,1,1
RS0005012,H002,2026/4/17 00:00,18,5,1,1,0,3,4,28,1,0.349
RS0005013,H003,2026/4/17 00:00,6,9,1,0,1,2,6,19,1,0.735
RS0005014,H004,2026/4/17 00:00,8,2,1,0,0,2,6,21,1,0.461
RS0005015,H005,2026/4/17 00:00,8,5,1,1,2,7,7,24,1,0.775
RS0005016,H001,2026/4/17 04:00,15,11,1,1,2,10,4,12,1,0.664
RS0005017,H002,2026/4/17 04:00,15,1,1,1,1,3,6,16,1,0.53
RS0005018,H003,2026/4/17 04:00,4,1,1,0,2,0,7,19,1,0.959
RS0005019,H004,2026/4/17 04:00,7,5,1,0,0,0,2,16,1,0.555
RS0005020,H005,2026/4/17 04:00,12,3,1,1,2,8,3,10,1,0.807
RS0005021,H001,2026/4/17 08:00,16,2,1,1,2,2,5,21,1,0.66
RS0005022,H002,2026/4/17 08:00,6,9,1,1,0,4,4,14,1,0.87
RS0005023,H003,2026/4/17 08:00,9,2,1,0,0,6,8,17,1,0.616
RS0005024,H004,2026/4/17 08:00,6,3,1,0,1,5,3,11,1,0.632
RS0005025,H005,2026/4/17 08:00,13,11,1,1,2,5,3,24,1,0.613
RS0005026,H001,2026/4/17 12:00,13,0,1,1,1,6,6,8,1,0.682
RS0005027,H002,2026/4/17 12:00,5,0,1,1,0,1,6,14,1,0.76
RS0005028,H003,2026/4/17 12:00,0,4,1,0,1,4,4,15,1,1
RS0005029,H004,2026/4/17 12:00,11,2,1,0,1,4,1,15,1,0.23
RS0005030,H005,2026/4/17 12:00,10,6,1,1,0,4,2,14,1,0.75
RS0005031,H001,2026/4/17 16:00,19,6,1,1,1,4,4,9,1,0.514
RS0005032,H002,2026/4/17 16:00,13,3,1,1,0,0,4,16,1,0.611
RS0005033,H003,2026/4/17 16:00,7,0,1,0,1,0,5,11,1,0.847
RS0005034,H004,2026/4/17 16:00,2,5,1,0,0,2,3,14,1,0.827
RS0005035,H005,2026/4/17 16:00,9,2,1,1,1,2,7,20,1,0.84
RS0005036,H001,2026/4/17 20:00,21,8,0,1,1,3,5,15,1,0.544
RS0005037,H002,2026/4/17 20:00,4,2,1,1,0,6,1,5,1,0.991
RS0005038,H003,2026/4/17 20:00,0,2,1,0,2,5,0,13,1,1
RS0005039,H004,2026/4/17 20:00,3,3,1,0,0,4,6,15,1,0.846
RS0005040,H005,2026/4/17 20:00,9,5,1,1,2,3,2,19,1,0.708
RS0005041,H001,2026/4/18 00:00,20,4,1,1,2,2,3,22,1,0.561
RS0005042,H002,2026/4/18 00:00,8,5,1,1,1,2,6,15,1,0.74
RS0005043,H003,2026/4/18 00:00,9,2,1,0,1,2,5,23,1,0.591
RS0005044,H004,2026/4/18 00:00,12,0,1,0,0,3,3,14,1,0.152
RS0005045,H005,2026/4/18 00:00,17,1,1,1,1,5,5,11,1,0.573
RS0005046,H001,2026/4/18 04:00,12,3,1,1,1,9,3,8,1,0.723
RS0005047,H002,2026/4/18 04:00,5,6,1,1,0,5,5,21,1,0.886
RS0005048,H003,2026/4/18 04:00,1,0,1,0,0,0,4,11,1,1
RS0005049,H004,2026/4/18 04:00,9,0,1,0,0,0,6,17,1,0.454
RS0005050,H005,2026/4/18 04:00,6,0,1,1,1,5,2,16,1,0.97
RS0005051,H001,2026/4/18 08:00,8,5,1,1,1,3,5,10,1,0.83
RS0005052,H002,2026/4/18 08:00,12,3,0,1,1,2,6,17,1,0.695
RS0005053,H003,2026/4/18 08:00,6,2,1,0,0,6,3,9,1,0.869
RS0005054,H004,2026/4/18 08:00,7,0,1,0,0,2,3,25,1,0.528
RS0005055,H005,2026/4/18 08:00,6,4,1,1,1,4,2,8,1,0.768
RS0005056,H001,2026/4/18 12:00,15,6,1,1,1,4,3,5,1,0.582
RS0005057,H002,2026/4/18 12:00,3,4,0,1,0,0,4,6,1,0.993
RS0005058,H003,2026/4/18 12:00,12,3,1,0,0,0,1,8,1,0.508
RS0005059,H004,2026/4/18 12:00,3,0,1,0,1,0,4,17,1,0.747
RS0005060,H005,2026/4/18 12:00,8,4,1,1,3,1,6,19,1,0.814
RS0005061,H001,2026/4/18 16:00,9,0,1,1,2,6,1,6,1,0.841
RS0005062,H002,2026/4/18 16:00,5,4,1,1,0,0,5,9,1,0.851
RS0005063,H003,2026/4/18 16:00,7,2,1,0,0,0,2,13,1,0.665
RS0005064,H004,2026/4/18 16:00,0,0,1,0,0,0,0,13,1,1
RS0005065,H005,2026/4/18 16:00,15,0,1,1,1,4,4,17,1,0.512
RS0005066,H001,2026/4/18 20:00,21,5,1,1,1,6,1,21,0,0.477
RS0005067,H002,2026/4/18 20:00,6,4,1,1,0,5,4,13,1,0.922
RS0005068,H003,2026/4/18 20:00,2,0,1,0,0,3,3,26,1,0.902
RS0005069,H004,2026/4/18 20:00,2,8,1,0,1,0,1,10,1,0.935
RS0005070,H005,2026/4/18 20:00,15,5,1,0,0,5,0,0,1,0.675
RS0005071,H001,2026/4/19 00:00,13,8,1,1,1,5,5,15,1,0.793
RS0005072,H002,2026/4/19 00:00,1,3,1,1,0,5,2,19,0,0.98
RS0005073,H003,2026/4/19 00:00,9,1,1,0,1,1,4,12,1,0.774
RS0005074,H004,2026/4/19 00:00,7,2,1,0,0,0,7,24,1,0.633
RS0005075,H005,2026/4/19 00:00,15,5,1,1,2,5,1,22,1,0.567
RS0005076,H001,2026/4/19 04:00,18,5,1,0,2,6,1,17,1,0.606
RS0005077,H002,2026/4/19 04:00,6,0,1,1,0,0,8,9,1,0.819
RS0005078,H003,2026/4/19 04:00,5,3,1,0,0,4,2,11,1,0.744
RS0005079,H004,2026/4/19 04:00,8,4,1,0,0,2,3,20,1,0.529
RS0005080,H005,2026/4/19 04:00,14,6,1,1,2,6,4,15,1,0.537
RS0005081,H001,2026/4/19 08:00,12,6,1,1,2,8,4,19,0,0.638
RS0005082,H002,2026/4/19 08:00,15,5,1,1,0,3,2,13,1,0.442
RS0005083,H003,2026/4/19 08:00,5,0,1,0,0,3,6,16,1,0.858
RS0005084,H004,2026/4/19 08:00,8,0,1,0,0,2,5,22,1,0.558
RS0005085,H005,2026/4/19 08:00,13,5,1,1,1,0,4,17,1,0.656
RS0005086,H001,2026/4/19 12:00,14,6,1,1,1,4,0,3,1,0.744
RS0005087,H002,2026/4/19 12:00,12,0,1,1,0,2,5,13,1,0.538
RS0005088,H003,2026/4/19 12:00,6,0,1,0,0,1,4,15,1,0.667
RS0005089,H004,2026/4/19 12:00,3,0,1,0,0,2,6,23,1,0.943
RS0005090,H005,2026/4/19 12:00,6,1,1,1,1,3,6,23,1,0.904
RS0005091,H001,2026/4/19 16:00,12,5,1,1,3,3,2,17,1,0.647
RS0005092,H002,2026/4/19 16:00,5,7,1,1,0,3,1,5,1,0.736
RS0005093,H003,2026/4/19 16:00,5,0,1,0,0,1,4,10,1,0.738
RS0005094,H004,2026/4/19 16:00,1,1,1,0,0,0,1,15,0,0.864
RS0005095,H005,2026/4/19 16:00,11,6,1,1,0,2,7,6,1,0.718
RS0005096,H001,2026/4/19 20:00,8,5,1,1,2,5,1,8,1,0.764
RS0005097,H002,2026/4/19 20:00,2,2,1,0,0,3,3,14,1,0.885
RS0005098,H003,2026/4/19 20:00,3,6,1,0,0,2,5,12,1,0.927
RS0005099,H004,2026/4/19 20:00,6,0,1,0,0,0,0,8,1,0.584
RS0005100,H005,2026/4/19 20:00,9,0,1,1,1,2,0,17,1,0.772
RS0005101,H001,2026/4/20 00:00,22,7,1,1,1,6,7,12,1,0.615
RS0005102,H002,2026/4/20 00:00,9,0,1,0,0,5,0,15,0,0.65
RS0005103,H003,2026/4/20 00:00,10,4,1,0,1,3,7,13,0,0.664
RS0005104,H004,2026/4/20 00:00,4,0,1,0,0,1,9,14,1,0.712
RS0005105,H005,2026/4/20 00:00,14,3,1,0,0,3,3,14,1,0.643
RS0005106,H001,2026/4/20 04:00,11,4,1,1,3,5,4,16,1,0.643
RS0005107,H002,2026/4/20 04:00,17,4,1,1,1,3,5,22,1,0.53
RS0005108,H003,2026/4/20 04:00,8,2,1,0,1,6,2,18,0,0.666
RS0005109,H004,2026/4/20 04:00,5,2,1,0,0,0,3,14,0,0.657
RS0005110,H005,2026/4/20 04:00,20,6,1,1,1,2,5,28,1,0.445
RS0005111,H001,2026/4/20 08:00,15,2,1,1,2,5,4,20,1,0.791
RS0005112,H002,2026/4/20 08:00,4,8,1,1,0,0,6,21,1,0.79
RS0005113,H003,2026/4/20 08:00,10,1,1,0,0,5,2,25,1,0.524
RS0005114,H004,2026/4/20 08:00,7,2,1,0,0,3,3,8,1,0.68
RS0005115,H005,2026/4/20 08:00,11,6,1,0,0,8,3,8,1,0.75
RS0005116,H001,2026/4/20 12:00,12,10,0,1,1,6,1,8,1,0.744
RS0005117,H002,2026/4/20 12:00,4,0,1,1,1,2,4,16,1,0.854
RS0005118,H003,2026/4/20 12:00,3,2,1,0,1,0,6,7,1,0.776
RS0005119,H004,2026/4/20 12:00,0,6,1,0,1,0,7,17,1,1
RS0005120,H005,2026/4/20 12:00,10,7,1,1,0,4,6,13,1,0.834
RS0005121,H001,2026/4/20 16:00,7,2,1,1,2,6,5,14,1,0.956
RS0005122,H002,2026/4/20 16:00,8,0,1,1,0,2,2,12,1,0.776
RS0005123,H003,2026/4/20 16:00,1,3,1,0,1,2,2,14,1,1
RS0005124,H004,2026/4/20 16:00,2,3,1,0,1,1,2,13,0,0.934
RS0005125,H005,2026/4/20 16:00,15,0,1,1,0,3,1,14,1,0.628
RS0005126,H001,2026/4/20 20:00,8,2,1,1,0,6,3,13,1,0.777
RS0005127,H002,2026/4/20 20:00,18,0,1,1,0,1,6,19,1,0.348
RS0005128,H003,2026/4/20 20:00,9,0,1,0,0,0,1,16,1,0.762
RS0005129,H004,2026/4/20 20:00,5,3,1,0,0,0,6,23,1,0.785
RS0005130,H005,2026/4/20 20:00,9,0,1,1,2,5,3,22,1,0.696
RS0005131,H001,2026/4/21 00:00,15,7,1,1,1,5,2,18,1,0.688
RS0005132,H002,2026/4/21 00:00,13,7,1,1,1,1,3,17,1,0.61
RS0005133,H003,2026/4/21 00:00,11,8,1,0,0,1,2,11,1,0.523
RS0005134,H004,2026/4/21 00:00,4,6,1,0,1,2,4,18,1,0.834
RS0005135,H005,2026/4/21 00:00,12,8,1,1,1,6,7,16,1,0.632
RS0005136,H001,2026/4/21 04:00,12,7,1,1,3,7,3,20,1,0.761
RS0005137,H002,2026/4/21 04:00,13,6,1,1,0,4,1,20,1,0.47
RS0005138,H003,2026/4/21 04:00,2,6,1,0,2,1,2,10,1,0.946
RS0005139,H004,2026/4/21 04:00,11,3,1,0,1,1,2,19,1,0.341
RS0005140,H005,2026/4/21 04:00,17,3,1,1,1,3,1,18,1,0.495
RS0005141,H001,2026/4/21 08:00,22,3,1,1,2,6,4,16,1,0.547
RS0005142,H002,2026/4/21 08:00,12,6,1,1,0,1,3,25,1,0.572
RS0005143,H003,2026/4/21 08:00,6,2,1,0,0,0,1,22,1,0.74
RS0005144,H004,2026/4/21 08:00,8,2,1,0,0,0,6,18,1,0.454
RS0005145,H005,2026/4/21 08:00,8,8,0,1,1,4,7,23,1,0.825
RS0005146,H001,2026/4/21 12:00,13,9,1,1,1,7,5,20,0,0.622
RS0005147,H002,2026/4/21 12:00,8,1,1,1,0,1,8,10,1,0.862
RS0005148,H003,2026/4/21 12:00,9,0,1,0,1,2,2,17,1,0.733
RS0005149,H004,2026/4/21 12:00,0,0,1,0,1,2,2,24,1,1
RS0005150,H005,2026/4/21 12:00,12,5,1,1,0,4,5,15,1,0.647
RS0005151,H001,2026/4/21 16:00,10,0,0,1,0,9,5,14,1,0.673
RS0005152,H002,2026/4/21 16:00,15,9,1,1,0,2,2,14,1,0.582
RS0005153,H003,2026/4/21 16:00,8,6,1,0,0,4,1,7,1,0.772
RS0005154,H004,2026/4/21 16:00,0,0,1,0,0,0,6,10,1,0.916
RS0005155,H005,2026/4/21 16:00,17,5,1,1,0,4,1,9,1,0.667
RS0005156,H001,2026/4/21 20:00,9,5,1,1,0,4,5,11,1,0.789
RS0005157,H002,2026/4/21 20:00,3,9,1,1,0,2,4,0,1,1
RS0005158,H003,2026/4/21 20:00,1,0,1,0,0,2,3,16,1,0.99
RS0005159,H004,2026/4/21 20:00,4,0,1,0,0,0,6,15,1,0.708
RS0005160,H005,2026/4/21 20:00,13,0,1,1,0,5,6,16,1,0.8
RS0005161,H001,2026/4/22 00:00,16,7,1,1,0,5,4,10,1,0.605
RS0005162,H002,2026/4/22 00:00,10,1,1,1,0,3,2,24,1,0.591
RS0005163,H003,2026/4/22 00:00,6,10,1,0,2,2,5,13,1,0.721
RS0005164,H004,2026/4/22 00:00,0,3,1,0,1,1,5,24,1,0.934
RS0005165,H005,2026/4/22 00:00,18,1,1,1,2,7,10,15,1,0.443
RS0005166,H001,2026/4/22 04:00,15,4,1,1,1,3,5,20,1,0.55
RS0005167,H002,2026/4/22 04:00,9,3,1,1,0,2,7,20,1,0.761
RS0005168,H003,2026/4/22 04:00,9,0,1,0,0,4,8,23,1,0.559
RS0005169,H004,2026/4/22 04:00,11,1,1,0,0,2,1,20,1,0.247
RS0005170,H005,2026/4/22 04:00,8,2,1,1,1,8,4,20,1,0.875
RS0005171,H001,2026/4/22 08:00,15,9,0,1,0,9,2,21,1,0.775
RS0005172,H002,2026/4/22 08:00,5,1,1,1,0,3,6,11,1,0.97
RS0005173,H003,2026/4/22 08:00,13,0,1,0,1,0,4,21,1,0.545
RS0005174,H004,2026/4/22 08:00,6,0,1,0,0,0,5,10,1,0.77
RS0005175,H005,2026/4/22 08:00,12,3,0,0,0,5,3,18,1,0.673
RS0005176,H001,2026/4/22 12:00,9,7,1,1,1,4,6,12,1,0.874
RS0005177,H002,2026/4/22 12:00,10,1,1,1,1,2,3,7,1,0.815
RS0005178,H003,2026/4/22 12:00,4,2,1,0,0,3,5,9,1,0.81
RS0005179,H004,2026/4/22 12:00,1,0,1,0,0,2,6,6,1,1
RS0005180,H005,2026/4/22 12:00,14,1,1,1,3,5,1,12,1,0.699
RS0005181,H001,2026/4/22 16:00,7,7,1,0,2,2,1,21,1,0.971
RS0005182,H002,2026/4/22 16:00,9,2,1,1,1,2,0,13,1,0.753
RS0005183,H003,2026/4/22 16:00,6,5,1,0,0,4,4,16,1,0.837
RS0005184,H004,2026/4/22 16:00,0,1,1,0,0,0,2,19,1,0.931
RS0005185,H005,2026/4/22 16:00,11,5,1,1,1,1,4,9,1,0.853
RS0005186,H001,2026/4/22 20:00,6,7,1,1,0,4,6,13,1,0.834
RS0005187,H002,2026/4/22 20:00,8,2,1,1,0,4,3,14,1,0.832
RS0005188,H003,2026/4/22 20:00,10,7,1,0,0,4,5,9,1,0.72
RS0005189,H004,2026/4/22 20:00,0,0,1,0,0,1,2,11,1,0.998
RS0005190,H005,2026/4/22 20:00,14,4,1,1,1,3,0,11,1,0.556
RS0005191,H001,2026/4/23 00:00,21,5,1,1,2,6,4,29,1,0.542
RS0005192,H002,2026/4/23 00:00,11,9,1,1,0,3,5,16,1,0.733
RS0005193,H003,2026/4/23 00:00,10,2,1,0,0,6,7,17,1,0.519
RS0005194,H004,2026/4/23 00:00,12,0,1,0,0,2,6,14,1,0.232
RS0005195,H005,2026/4/23 00:00,17,9,1,1,1,3,5,21,1,0.47
RS0005196,H001,2026/4/23 04:00,19,11,1,1,0,9,5,10,1,0.54
RS0005197,H002,2026/4/23 04:00,7,3,1,1,2,4,4,8,1,0.675
RS0005198,H003,2026/4/23 04:00,7,5,1,0,0,3,7,12,1,0.758
RS0005199,H004,2026/4/23 04:00,11,2,1,0,1,0,4,21,1,0.336
RS0005200,H005,2026/4/23 04:00,17,3,1,1,2,2,4,14,1,0.477
RS0005201,H001,2026/4/23 08:00,4,11,1,1,2,5,7,19,1,0.898
RS0005202,H002,2026/4/23 08:00,9,7,1,1,0,6,4,22,1,0.711
RS0005203,H003,2026/4/23 08:00,6,3,1,0,1,1,5,3,1,0.692
RS0005204,H004,2026/4/23 08:00,8,0,1,0,1,0,2,23,1,0.467
RS0005205,H005,2026/4/23 08:00,17,5,1,1,0,8,5,11,1,0.624
RS0005206,H001,2026/4/23 12:00,15,8,1,1,1,4,5,11,1,0.599
RS0005207,H002,2026/4/23 12:00,5,0,0,1,0,4,0,17,1,0.83
RS0005208,H003,2026/4/23 12:00,7,0,1,0,0,2,0,11,1,0.77
RS0005209,H004,2026/4/23 12:00,4,7,1,0,0,0,4,17,1,0.76
RS0005210,H005,2026/4/23 12:00,13,4,1,1,1,0,3,10,1,0.721
RS0005211,H001,2026/4/23 16:00,15,6,1,1,1,5,6,18,1,0.736
RS0005212,H002,2026/4/23 16:00,4,0,1,1,0,4,1,14,1,0.82
RS0005213,H003,2026/4/23 16:00,2,4,1,0,0,4,2,9,1,1
RS0005214,H004,2026/4/23 16:00,7,0,1,0,0,1,4,0,1,0.686
RS0005215,H005,2026/4/23 16:00,12,8,1,1,0,4,3,10,1,0.588
RS0005216,H001,2026/4/23 20:00,16,0,1,1,0,3,4,17,1,0.644
RS0005217,H002,2026/4/23 20:00,10,1,1,1,0,1,1,23,1,0.622
RS0005218,H003,2026/4/23 20:00,5,1,1,0,0,0,2,11,1,0.867
RS0005219,H004,2026/4/23 20:00,1,2,1,0,0,4,2,10,1,1
RS0005220,H005,2026/4/23 20:00,10,8,1,1,1,5,4,16,1,0.779
RS0005221,H001,2026/4/24 00:00,17,10,1,1,0,6,4,19,1,0.578
RS0005222,H002,2026/4/24 00:00,24,3,1,1,0,2,5,20,1,0.121
RS0005223,H003,2026/4/24 00:00,8,3,1,0,1,2,5,15,1,0.722
RS0005224,H004,2026/4/24 00:00,5,0,1,0,0,7,3,12,1,0.782
RS0005225,H005,2026/4/24 00:00,11,5,1,1,0,5,6,18,1,0.793
RS0005226,H001,2026/4/24 04:00,15,10,1,1,4,8,5,24,1,0.559
RS0005227,H002,2026/4/24 04:00,5,1,1,1,0,5,5,5,1,0.844
RS0005228,H003,2026/4/24 04:00,8,0,0,0,1,1,6,18,1,0.691
RS0005229,H004,2026/4/24 04:00,2,3,1,0,0,1,8,18,1,0.937
RS0005230,H005,2026/4/24 04:00,10,0,1,1,1,5,5,15,1,0.714
RS0005231,H001,2026/4/24 08:00,7,3,1,1,0,6,3,13,1,0.906
RS0005232,H002,2026/4/24 08:00,13,9,1,1,2,2,4,23,1,0.669
RS0005233,H003,2026/4/24 08:00,6,2,1,0,2,1,6,12,1,0.825
RS0005234,H004,2026/4/24 08:00,10,0,1,0,0,0,7,24,1,0.3
RS0005235,H005,2026/4/24 08:00,9,3,1,1,3,5,4,17,1,0.751
RS0005236,H001,2026/4/24 12:00,11,7,1,0,3,3,7,8,1,0.729
RS0005237,H002,2026/4/24 12:00,1,6,1,1,0,2,2,9,1,0.928
RS0005238,H003,2026/4/24 12:00,5,1,0,0,0,0,4,13,1,0.822
RS0005239,H004,2026/4/24 12:00,2,0,1,0,0,0,0,17,1,1
RS0005240,H005,2026/4/24 12:00,14,3,1,1,0,2,9,20,1,0.726
RS0005241,H001,2026/4/24 16:00,16,8,1,1,1,3,5,11,1,0.696
RS0005242,H002,2026/4/24 16:00,9,1,1,1,0,1,7,26,1,0.805
RS0005243,H003,2026/4/24 16:00,7,2,1,0,0,2,3,11,1,0.722
RS0005244,H004,2026/4/24 16:00,2,0,1,0,0,1,5,22,1,0.957
RS0005245,H005,2026/4/24 16:00,11,9,1,1,0,3,5,23,1,0.813
RS0005246,H001,2026/4/24 20:00,12,0,1,1,1,5,3,16,1,0.73
RS0005247,H002,2026/4/24 20:00,0,5,1,1,0,1,4,13,1,1
RS0005248,H003,2026/4/24 20:00,13,1,1,0,0,2,3,8,1,0.365
RS0005249,H004,2026/4/24 20:00,7,4,1,0,0,0,1,21,1,0.556
RS0005250,H005,2026/4/24 20:00,9,1,0,1,2,1,6,13,1,0.744
RS0005251,H001,2026/4/25 00:00,6,5,1,0,1,8,3,15,1,0.868
RS0005252,H002,2026/4/25 00:00,14,3,1,1,1,3,5,13,1,0.479
RS0005253,H003,2026/4/25 00:00,5,0,1,0,1,0,3,19,1,0.812
RS0005254,H004,2026/4/25 00:00,12,1,1,0,0,2,8,13,1,0.302
RS0005255,H005,2026/4/25 00:00,17,4,1,1,1,3,1,13,1,0.601
RS0005256,H001,2026/4/25 04:00,15,4,1,1,4,4,6,20,1,0.746
RS0005257,H002,2026/4/25 04:00,10,2,1,1,0,4,6,11,1,0.588
RS0005258,H003,2026/4/25 04:00,8,3,1,0,0,1,3,29,1,0.608
RS0005259,H004,2026/4/25 04:00,9,4,1,0,1,4,5,16,1,0.444
RS0005260,H005,2026/4/25 04:00,11,5,1,1,0,9,5,23,1,0.768
RS0005261,H001,2026/4/25 08:00,13,5,1,1,3,7,7,17,1,0.78
RS0005262,H002,2026/4/25 08:00,11,1,1,1,0,0,5,16,1,0.717
RS0005263,H003,2026/4/25 08:00,11,2,1,0,1,1,6,22,1,0.673
RS0005264,H004,2026/4/25 08:00,8,2,1,0,1,3,3,11,1,0.585
RS0005265,H005,2026/4/25 08:00,9,2,1,1,0,3,6,13,1,0.87
RS0005266,H001,2026/4/25 12:00,17,5,1,1,2,4,2,17,1,0.506
RS0005267,H002,2026/4/25 12:00,9,6,1,0,0,3,6,9,1,0.782
RS0005268,H003,2026/4/25 12:00,9,0,1,0,0,3,4,15,1,0.625
RS0005269,H004,2026/4/25 12:00,4,1,1,0,0,0,3,14,1,0.775
RS0005270,H005,2026/4/25 12:00,7,0,1,1,1,2,5,21,1,0.886
RS0005271,H001,2026/4/25 16:00,13,0,1,1,2,4,2,14,1,0.592
RS0005272,H002,2026/4/25 16:00,7,6,1,1,2,5,3,17,1,0.791
RS0005273,H003,2026/4/25 16:00,8,3,1,0,0,0,2,20,1,0.653
RS0005274,H004,2026/4/25 16:00,0,1,1,0,0,2,6,3,1,1
RS0005275,H005,2026/4/25 16:00,11,3,1,1,1,6,6,15,1,0.83
RS0005276,H001,2026/4/25 20:00,10,2,1,1,1,3,2,9,1,0.693
RS0005277,H002,2026/4/25 20:00,4,6,1,1,0,2,1,13,1,0.927
RS0005278,H003,2026/4/25 20:00,10,0,1,0,1,3,3,9,1,0.624
RS0005279,H004,2026/4/25 20:00,5,4,1,0,1,4,5,14,1,0.725
RS0005280,H005,2026/4/25 20:00,9,6,1,1,1,4,3,14,1,0.663
RS0005281,H001,2026/4/26 00:00,10,4,1,1,2,3,2,20,1,0.702
RS0005282,H002,2026/4/26 00:00,12,5,1,1,0,0,3,12,1,0.688
RS0005283,H003,2026/4/26 00:00,8,0,1,0,1,6,10,15,1,0.575
RS0005284,H004,2026/4/26 00:00,0,4,1,0,0,1,7,23,1,0.959
RS0005285,H005,2026/4/26 00:00,7,4,1,1,0,6,2,13,1,0.759
RS0005286,H001,2026/4/26 04:00,13,0,1,1,0,6,7,20,1,0.814
RS0005287,H002,2026/4/26 04:00,8,7,1,1,0,4,4,19,1,0.72
RS0005288,H003,2026/4/26 04:00,3,1,1,0,0,4,2,11,1,0.828
RS0005289,H004,2026/4/26 04:00,3,2,1,0,0,2,1,18,1,0.949
RS0005290,H005,2026/4/26 04:00,10,6,1,1,1,5,5,8,1,0.875
RS0005291,H001,2026/4/26 08:00,17,2,1,1,0,6,6,22,1,0.583
RS0005292,H002,2026/4/26 08:00,8,6,1,1,0,2,4,17,1,0.782
RS0005293,H003,2026/4/26 08:00,4,0,1,0,1,1,6,19,1,0.938
RS0005294,H004,2026/4/26 08:00,1,0,1,0,0,0,5,20,1,1
RS0005295,H005,2026/4/26 08:00,12,2,1,1,0,8,5,20,1,0.637
RS0005296,H001,2026/4/26 12:00,9,4,1,1,2,5,4,15,1,0.749
RS0005297,H002,2026/4/26 12:00,9,8,1,1,0,4,2,17,1,0.829
RS0005298,H003,2026/4/26 12:00,11,5,1,0,0,4,3,16,1,0.52
RS0005299,H004,2026/4/26 12:00,3,0,1,0,0,0,4,18,1,0.722
RS0005300,H005,2026/4/26 12:00,9,4,1,1,0,6,6,5,1,0.889
RS0005301,H001,2026/4/26 16:00,6,6,1,1,2,5,4,10,1,0.793
RS0005302,H002,2026/4/26 16:00,10,2,1,1,1,4,8,13,1,0.778
RS0005303,H003,2026/4/26 16:00,5,0,1,0,1,2,2,13,1,0.744
RS0005304,H004,2026/4/26 16:00,6,1,1,0,0,0,1,16,1,0.65
RS0005305,H005,2026/4/26 16:00,9,7,1,1,1,5,1,9,1,0.759
RS0005306,H001,2026/4/26 20:00,11,7,1,1,1,7,4,9,1,0.848
RS0005307,H002,2026/4/26 20:00,7,0,1,0,0,3,4,15,1,0.884
RS0005308,H003,2026/4/26 20:00,13,3,1,0,0,3,6,22,1,0.519
RS0005309,H004,2026/4/26 20:00,9,3,1,0,0,0,3,24,1,0.377
RS0005310,H005,2026/4/26 20:00,14,10,1,1,1,1,3,14,1,0.54
RS0005311,H001,2026/4/27 00:00,13,5,1,1,1,3,3,7,1,0.61
RS0005312,H002,2026/4/27 00:00,10,4,1,1,0,4,4,16,1,0.693
RS0005313,H003,2026/4/27 00:00,9,4,1,0,1,5,4,21,1,0.576
RS0005314,H004,2026/4/27 00:00,9,5,1,0,0,4,6,15,0,0.519
RS0005315,H005,2026/4/27 00:00,11,5,1,1,2,3,6,24,1,0.801
RS0005316,H001,2026/4/27 04:00,23,6,1,1,1,5,2,18,1,0.38
RS0005317,H002,2026/4/27 04:00,8,2,1,1,2,3,3,18,1,0.7
RS0005318,H003,2026/4/27 04:00,7,0,1,0,0,0,1,16,1,0.676
RS0005319,H004,2026/4/27 04:00,11,3,1,0,0,0,6,24,1,0.314
RS0005320,H005,2026/4/27 04:00,18,8,1,1,2,7,3,11,1,0.534
RS0005321,H001,2026/4/27 08:00,11,6,1,1,1,8,3,19,1,0.735
RS0005322,H002,2026/4/27 08:00,18,7,1,1,0,0,5,20,1,0.45
RS0005323,H003,2026/4/27 08:00,0,4,1,0,1,0,6,16,1,1
RS0005324,H004,2026/4/27 08:00,0,0,1,0,0,0,5,22,1,1
RS0005325,H005,2026/4/27 08:00,11,11,1,0,2,8,3,21,1,0.724
RS0005326,H001,2026/4/27 12:00,4,3,1,1,2,4,2,21,1,0.997
RS0005327,H002,2026/4/27 12:00,7,6,1,1,0,0,3,20,1,0.717
RS0005328,H003,2026/4/27 12:00,2,0,1,0,0,2,5,13,1,0.987
RS0005329,H004,2026/4/27 12:00,2,1,1,0,0,0,3,14,1,0.861
RS0005330,H005,2026/4/27 12:00,14,6,1,1,0,3,5,9,1,0.749
RS0005331,H001,2026/4/27 16:00,7,5,1,1,2,7,6,14,1,0.851
RS0005332,H002,2026/4/27 16:00,3,0,1,1,0,2,4,23,1,0.953
RS0005333,H003,2026/4/27 16:00,4,4,1,0,0,0,5,14,1,0.892
RS0005334,H004,2026/4/27 16:00,0,0,1,0,0,1,2,12,1,1
RS0005335,H005,2026/4/27 16:00,7,2,1,1,1,3,2,12,1,0.847
RS0005336,H001,2026/4/27 20:00,16,4,1,1,1,4,2,10,1,0.6
RS0005337,H002,2026/4/27 20:00,10,5,1,1,0,2,3,18,1,0.802
RS0005338,H003,2026/4/27 20:00,11,1,1,0,0,4,3,11,1,0.611
RS0005339,H004,2026/4/27 20:00,1,7,1,0,0,3,2,14,1,1
RS0005340,H005,2026/4/27 20:00,8,0,1,1,1,1,6,20,1,0.739
RS0005341,H001,2026/4/28 00:00,19,7,1,1,1,2,2,20,1,0.468
RS0005342,H002,2026/4/28 00:00,14,3,1,1,0,6,6,19,1,0.588
RS0005343,H003,2026/4/28 00:00,9,1,0,0,0,2,2,12,1,0.627
RS0005344,H004,2026/4/28 00:00,3,2,1,0,0,2,8,14,1,0.931
RS0005345,H005,2026/4/28 00:00,14,4,1,1,3,2,5,14,1,0.767
RS0005346,H001,2026/4/28 04:00,16,5,1,1,0,5,5,16,1,0.701
RS0005347,H002,2026/4/28 04:00,3,5,1,1,0,3,6,21,1,0.997
RS0005348,H003,2026/4/28 04:00,9,0,1,0,0,3,0,20,1,0.539
RS0005349,H004,2026/4/28 04:00,5,0,1,0,0,0,6,13,1,0.681
RS0005350,H005,2026/4/28 04:00,7,4,1,1,1,7,3,18,1,0.94
RS0005351,H001,2026/4/28 08:00,17,9,1,1,1,5,5,23,1,0.665
RS0005352,H002,2026/4/28 08:00,13,5,1,1,0,1,4,22,1,0.677
RS0005353,H003,2026/4/28 08:00,0,0,1,0,0,4,4,29,1,1
RS0005354,H004,2026/4/28 08:00,13,1,1,0,0,3,3,21,1,0.272
RS0005355,H005,2026/4/28 08:00,10,7,1,1,2,4,4,12,1,0.645
RS0005356,H001,2026/4/28 12:00,15,5,1,1,3,3,3,16,1,0.77
RS0005357,H002,2026/4/28 12:00,9,3,1,1,0,3,3,1,1,0.812
RS0005358,H003,2026/4/28 12:00,5,0,1,0,0,0,1,15,0,0.694
RS0005359,H004,2026/4/28 12:00,7,4,0,0,0,1,2,12,1,0.514
RS0005360,H005,2026/4/28 12:00,9,3,1,1,0,8,4,14,1,0.877
RS0005361,H001,2026/4/28 16:00,4,7,1,1,3,5,1,8,1,0.828
RS0005362,H002,2026/4/28 16:00,13,6,1,1,1,5,4,22,1,0.487
RS0005363,H003,2026/4/28 16:00,5,6,1,0,0,2,4,8,1,0.805
RS0005364,H004,2026/4/28 16:00,5,1,1,0,0,0,4,15,0,0.591
RS0005365,H005,2026/4/28 16:00,7,5,1,1,2,4,3,14,1,0.924
RS0005366,H001,2026/4/28 20:00,5,5,1,0,1,5,3,17,1,0.939
RS0005367,H002,2026/4/28 20:00,3,5,1,1,0,1,4,11,1,0.818
RS0005368,H003,2026/4/28 20:00,6,0,1,0,2,4,0,15,1,0.663
RS0005369,H004,2026/4/28 20:00,0,0,1,0,0,2,5,19,1,1
RS0005370,H005,2026/4/28 20:00,16,4,1,1,1,6,3,11,1,0.52
RS0005371,H001,2026/4/29 00:00,12,11,1,1,1,2,6,17,1,0.723
RS0005372,H002,2026/4/29 00:00,12,4,1,1,1,1,3,18,1,0.627
RS0005373,H003,2026/4/29 00:00,9,1,1,0,0,3,2,17,1,0.58
RS0005374,H004,2026/4/29 00:00,2,0,1,0,0,0,1,10,1,0.942
RS0005375,H005,2026/4/29 00:00,9,4,1,1,1,8,3,10,1,0.684
RS0005376,H001,2026/4/29 04:00,18,6,1,1,1,7,0,15,1,0.621
RS0005377,H002,2026/4/29 04:00,12,3,1,1,1,8,5,7,1,0.504
RS0005378,H003,2026/4/29 04:00,8,2,1,0,2,3,6,18,1,0.687
RS0005379,H004,2026/4/29 04:00,9,8,1,0,0,4,1,17,0,0.394
RS0005380,H005,2026/4/29 04:00,8,2,1,1,2,4,10,16,1,0.93
RS0005381,H001,2026/4/29 08:00,12,1,1,1,0,4,6,20,1,0.657
RS0005382,H002,2026/4/29 08:00,10,3,1,1,1,3,6,7,1,0.647
RS0005383,H003,2026/4/29 08:00,5,0,1,0,0,1,2,16,1,0.845
RS0005384,H004,2026/4/29 08:00,8,3,1,0,1,0,5,20,1,0.615
RS0005385,H005,2026/4/29 08:00,6,4,1,1,1,4,5,10,1,0.824
RS0005386,H001,2026/4/29 12:00,11,5,1,1,3,6,3,4,1,0.803
RS0005387,H002,2026/4/29 12:00,7,4,0,1,1,3,2,15,1,0.743
RS0005388,H003,2026/4/29 12:00,11,2,1,0,0,2,3,17,1,0.498
RS0005389,H004,2026/4/29 12:00,6,2,1,0,1,3,3,10,1,0.597
RS0005390,H005,2026/4/29 12:00,12,3,1,1,0,6,4,13,0,0.76
RS0005391,H001,2026/4/29 16:00,12,4,1,1,0,5,6,15,1,0.794
RS0005392,H002,2026/4/29 16:00,9,6,1,1,0,1,5,10,1,0.714
RS0005393,H003,2026/4/29 16:00,9,2,1,0,0,3,1,17,1,0.642
RS0005394,H004,2026/4/29 16:00,0,5,1,0,0,0,5,16,1,1
RS0005395,H005,2026/4/29 16:00,10,1,1,1,1,5,5,14,1,0.69
RS0005396,H001,2026/4/29 20:00,14,5,1,1,1,5,5,11,1,0.641
RS0005397,H002,2026/4/29 20:00,8,5,1,1,0,2,4,15,0,0.683
RS0005398,H003,2026/4/29 20:00,6,6,1,0,0,0,3,7,1,0.888
RS0005399,H004,2026/4/29 20:00,0,3,1,0,0,3,4,13,1,1
RS0005400,H005,2026/4/29 20:00,14,2,0,1,1,3,2,12,0,0.688
RS0005401,H001,2026/4/30 00:00,14,5,0,1,2,6,5,16,1,0.628
RS0005402,H002,2026/4/30 00:00,6,3,1,1,0,4,8,13,1,0.769
RS0005403,H003,2026/4/30 00:00,9,2,1,0,0,3,7,11,1,0.549
RS0005404,H004,2026/4/30 00:00,1,0,1,0,0,0,1,14,1,0.993
RS0005405,H005,2026/4/30 00:00,18,7,1,1,1,3,3,17,1,0.631
RS0005406,H001,2026/4/30 04:00,10,9,1,0,3,8,0,22,1,0.67
RS0005407,H002,2026/4/30 04:00,16,3,1,1,1,3,6,17,1,0.392
RS0005408,H003,2026/4/30 04:00,7,2,1,0,0,2,0,12,1,0.675
RS0005409,H004,2026/4/30 04:00,1,2,1,0,0,1,0,24,1,0.867
RS0005410,H005,2026/4/30 04:00,15,0,1,1,1,4,5,18,1,0.687
RS0005411,H001,2026/4/30 08:00,19,3,1,1,1,3,4,24,1,0.665
RS0005412,H002,2026/4/30 08:00,11,7,1,1,0,6,4,15,1,0.542
RS0005413,H003,2026/4/30 08:00,14,5,0,0,0,3,3,21,1,0.458
RS0005414,H004,2026/4/30 08:00,11,0,1,0,0,0,6,16,1,0.282
RS0005415,H005,2026/4/30 08:00,16,2,1,1,1,4,6,16,1,0.687
RS0005416,H001,2026/4/30 12:00,14,6,1,1,2,2,1,9,1,0.813
RS0005417,H002,2026/4/30 12:00,8,0,1,1,0,0,0,11,1,0.866
RS0005418,H003,2026/4/30 12:00,10,4,1,0,1,0,4,23,1,0.711
RS0005419,H004,2026/4/30 12:00,9,5,0,0,1,1,4,15,1,0.363
RS0005420,H005,2026/4/30 12:00,12,0,1,1,3,3,4,13,1,0.787
RS0005421,H001,2026/4/30 16:00,9,7,1,1,1,4,4,9,1,0.695
RS0005422,H002,2026/4/30 16:00,10,4,1,1,0,2,4,14,1,0.723
RS0005423,H003,2026/4/30 16:00,17,1,1,0,0,5,1,17,1,0.426
RS0005424,H004,2026/4/30 16:00,0,0,1,0,0,4,7,11,1,0.967
RS0005425,H005,2026/4/30 16:00,13,4,1,1,1,3,0,8,1,0.786
RS0005426,H001,2026/4/30 20:00,5,2,1,1,0,4,1,8,1,0.915
RS0005427,H002,2026/4/30 20:00,17,5,1,1,2,4,1,15,1,0.353
RS0005428,H003,2026/4/30 20:00,3,2,1,0,0,1,2,18,1,0.909
RS0005429,H004,2026/4/30 20:00,5,2,1,0,1,0,2,12,1,0.794
RS0005430,H005,2026/4/30 20:00,15,4,1,1,0,5,3,14,1,0.532
